customer_nk,original_incentive_name
2855ab25-0d41-4df5-a51c-7efcd0f4a86c,Control
c49398c4-a646-4d25-a4d9-2ba89e3752b2,Control
0aebc144-3867-4af6-94e5-2985629e3ed3,Control
398c3631-8297-42c7-bb5f-5fc9282f97b8,Control
3d7d62cb-8334-4f2d-8161-48b148dbf063,Control
4f9838d5-2c69-401e-ae1a-df3fb53bd37b,Control
818cfd9d-d4fd-400c-8e49-c31d3789bc68,Control
9ddb1ec2-5199-4bfd-ab05-d63acb792564,Control
f3649302-9632-4f03-a71e-6bc5763dd10a,Control
1ee126b6-49b3-4beb-ac43-00035fa937a5,Control
d41f0bf0-3df3-4c37-be70-c88380d32d51,Control
de298c25-44cd-438e-aed1-7edf301139fc,Control
26863580-1800-48ce-8429-f9b36322857b,Control
8d086a9f-1383-4886-a5f2-cb182fd1c87a,Control
fa500e77-eeb9-4757-af92-170f8a047518,Control
d8e6990d-fc1a-4778-b4bc-5463bedddf21,Control
54ef2939-f0fb-4a67-b5c9-e71090128ebc,Control
75e92801-1427-45cc-9cc7-580f1c5eb359,Control
0b1a9120-013e-4af3-a4a3-9180ad059cfe,Control
14365bcb-2f73-4356-ba8f-9d333a19dd1b,Control
2c3a88b4-d672-4080-89f3-3bcfc3473d3c,Control
142362dc-209d-41b0-ae2d-c4787b6f22b1,Control
9362d978-d84c-4a86-9f39-4fb038ee8fd5,Control
8f36d109-23f6-4c3e-ace9-0a04314c45ee,Control
8b84fce7-b711-4da4-ac57-ba9e3d449745,Control
b4411210-8465-49f2-8179-2a5c95417cf7,Control
a5a00e89-52eb-49a3-894c-932c5e677435,Control
838ce06a-86c6-46b8-b63b-64d2153010c0,Control
3678aa2c-bbc0-4f72-965b-1f58d0da0ae0,Control
0d2e67df-66a9-4163-abe0-2c76d8c3a105,Control
fa18c909-38d8-4e36-8e20-b485fc24051e,Control
ee599056-f699-4227-9562-5046c5698969,Control
62ccf3f9-0968-4e44-ac4e-4e239b7a265b,Control
e5f2260a-1c6b-4c15-b253-e6a3922dccd1,Control
7075de32-e417-435d-9b2f-a93d279209a8,Control
53c1b005-f1c7-40d5-97c0-be823414fbc1,Control
ef3779ca-848f-4505-9d38-6117b5656de6,Control
d8212021-9145-4209-aae6-62c1a831df45,Control
5db62d85-eb05-4f5b-9e09-09fde56980a5,Control
9d74598f-d4ff-487c-8a2f-c784b9c441ba,Control
4bb031c8-f934-45c9-9591-7718bd27b325,Control
3b2fdc68-f095-44e1-a950-4c60206172bd,Control
24bc521a-a16e-444a-ae2b-4a703795598a,Control
bd50502d-01f0-4664-ae2f-40019b3397ba,Control
74939be6-765f-40e4-9cd8-44444366fe1b,Control
2892577e-6e11-4142-a731-9e109aebb260,Control
bfae6573-12ea-45cd-acdf-99cc3e9c73d0,Control
b0dda9ac-5cdf-489b-9289-1017207f2bba,Control
878404f1-d900-43a8-ab3b-b461f3a3ae06,Control
9b6102df-6e01-4832-9f85-d0c6100b326f,Control
90baff77-b140-467c-bf91-440b9d0031b3,Control
81a1ee2e-1428-4f41-a89b-5a157b6d17af,Control
b275047e-2bdf-4481-9748-3a301fdc1236,Control
c1ca8aaa-2aba-4af4-ae11-ccb0992afc96,Control
44aa92c9-7dec-47e8-a4f3-9f3ea81ce7a2,Control
d1aa54c9-46a2-40ed-8ca8-390b8302e289,Control
4d94c47d-632c-4859-93ee-044b530f71e5,Control
63992e45-51cb-47a5-96a5-d99da2855288,Control
782d2be5-41f2-4f94-9a8e-da8b8db8d3c7,Control
7de71e9f-e1f0-4c91-a88a-0035579fc259,Control
ef7e0189-b470-4cf3-b682-730c762d555d,Control
9ef9c429-3e2d-4e6a-8045-7cb8ab1ae633,Control
0e210e75-e692-4998-858d-8581b737d4fc,Control
2a537f31-473f-4f52-a4c4-e947a38ec684,Control
2be6fc08-eb39-4773-bddc-8dd5811b68ab,Control
4de41cc4-a900-4add-841d-fa51635ff508,Control
392db9b4-05ff-438c-8c9d-8bdaea07ada7,Control
aa92545f-e935-4f47-b112-bd8ee936f89c,Control
9300278b-5d20-46a9-b9bd-b53c83886fea,Control
d606183f-c501-440c-8810-e430945430dd,Control
4eb2c7b8-beea-4de8-ba06-b4c1a93c960b,Control
6e69b4ce-8a23-4513-9505-4629074d276f,Control
c6790b10-89ce-4e58-bb89-9fa7af8f9bb1,Control
d8da1bfa-7820-42c6-898f-8ba5827f1fe4,Control
5b93dcb0-9167-4d23-8c1d-060f48f76a10,Control
b4c1d673-dd88-4b97-b097-7820a04dde5f,Control
80ac87ac-3ca8-4dac-b525-e7507953c1c5,Control
2321777b-14a6-46f0-9053-08e2b6cf5cbb,Control
87c2b665-08c1-4b35-bad9-c77a9d55756f,Control
b030c3c2-d07d-4cbc-ab97-7988daab432b,Control
1d719ae3-2664-47b9-b970-047cb4828760,Control
ffd4ea28-2cbd-4476-afab-d34dfa4b11d4,Control
8675ff21-72fb-4590-b6d5-6a86c89f20f3,Control
2ae03640-5553-439f-a00a-1f4edc94e271,Control
6a0623f3-b98d-4194-aa97-da2ac93033b4,Control
f0c0b84c-e4d2-44fb-8d4b-4eab250a3aa1,Control
29a850bb-ac73-461e-9c82-d8dd3811035b,Control
83adee8a-fc76-45ec-83b6-c44e3a18b64d,Control
16d85002-e0fd-43db-bb1b-6d192280ef51,Control
ac6ad06c-a018-4007-b6be-490ba4523379,Control
385b1234-9ea6-4876-ab22-aa862bd7caea,Control
84f2b336-4de6-4ada-bd8b-fbf0046a6dff,Control
c8f45dbc-d5be-45ff-94ee-56ab1b562209,Control
fd242779-a605-488c-94dd-3994b02cf9b8,Control
385bd703-e06b-451b-9645-19fecfc05ee1,Control
a6ea8f17-ccae-4d7e-bfd2-894d0016bb69,Control
6c55eaa6-8bfc-4aee-b1a9-1418cd250e6a,Control
a90f4e8b-48e6-45c1-bde0-d769a22ffb25,Control
50ee3970-5672-478f-9bc4-f9e51fa6c9dd,Control
ee70ead8-ef3a-45ac-a093-111b0a7f98e5,Control
d0b1ab44-5e36-4396-9609-4520dea01a8e,Control
91f8dc8a-1ad2-46d7-8349-17ad1e16c5cf,Control
6c5722ef-848e-41a8-be53-465b8d5f7004,Control
86b82f0e-3ffd-4cc2-85b6-24283d02543d,Control
5f542e35-ddd6-4011-948f-86c95da9c111,Control
75dcd1cf-58a2-42d0-be40-c3eb59092837,Control
e5ab7496-6d17-4eeb-ac57-6b0cce442823,Control
a647c616-442d-48e0-9740-0bd824224f17,Control
28fc26aa-193e-4332-87ff-8daf7c402dc0,Control
e1c3bb27-e58e-4fd7-a386-fd0f85ac31a4,Control
a6d0a04b-917d-420e-b86f-d87260421c47,Control
c8936609-5463-4a5f-976e-180c0308b107,Control
2ccd3e73-0784-44e1-a9d9-1be1d1e4af4e,Control
9e622dae-36b6-41b1-bc7e-86af67d840fd,Control
c71882a2-7775-4bf0-b910-ec7357de1528,Control
20451b83-01fb-4f8f-b818-ef9bc83aeff0,Control
99da00d0-ae06-4f3f-98c7-705337c5f880,Control
ecf1efb0-7925-4161-8e5f-af62b82d4f5c,Control
d13328ed-7acc-44ab-9dfe-681841198105,Control
27ee96e1-9df3-47e4-aa71-33e028fb7c2b,Control
4947eed5-220e-40c3-8e7f-10eff3774f7a,Control
e8a6b483-397c-43c1-82e0-85f71b1309f8,Control
5da0f90c-a960-4975-a40b-0fe81118ff19,Control
23703bc5-bfb6-4682-9659-0076b70a1e5f,Control
fb944ad3-6227-40c1-88fa-9d2ec7f4e839,Control
c1bc8082-3f34-4b7e-bba8-e724408f9590,Control
a473235c-cfab-40d1-bdcf-bf9f69d030f1,Control
4ded9796-418e-4ca4-bb52-6e2ed12c4ad7,Control
6c9ca065-fbca-4afb-b2a4-8560d3fb12b2,Control
39d55bc0-5db7-4ec7-baee-7b413316ae01,Control
9ab7360f-d39c-4927-94fb-f063189667a6,Control
5f63235f-b4eb-462f-a77f-bd4d1cf45f60,Control
a4241418-f918-4141-bffe-dcb247f0d7a1,Control
099404d7-98e8-4e7c-a359-2cddd83bfb14,Control
bb8994cd-0213-43be-848b-ebbba9b68b8e,Control
38ec8a04-cd30-4a54-b5fe-1a3b00e6f42e,Control
6ff6b60a-42e6-41fe-a2f3-bfc5ba179776,Control
fa0581c0-5ee5-4599-96e3-e449cfde37be,Control
f0722240-424c-4b4d-b94e-76491e6753a4,Control
9c351d16-fca5-4e3c-ae16-631c076b4cfe,Control
714751c8-c1b8-4c63-955e-a38624fa430b,Control
0f6b22f1-92b3-4b09-8065-db863f169e03,Control
cb799893-51fc-4059-bad7-ae34c7c7db6c,Control
c8d6b427-b318-4aa8-a3d4-530890e878fc,Control
cab9c9dc-868c-4c0c-8571-71775da1e8ce,Control
b62c7751-e234-49c0-ae65-20df0bcb1df3,Control
d69becf3-7c91-4751-8dea-4b30c3b7435e,Control
12fe8888-b2ad-412d-8462-f8704011a72e,Control
8b6ca7b6-a78c-466e-8291-77c5d631f050,Control
ee614454-fe93-477c-a55b-fee4772b7e5a,Control
88ed10c3-f887-4f87-8a85-77b6c6b7f8c1,Control
87b8f6cf-2e69-4213-af71-577b90aad445,Control
583c87c5-2cd6-46fe-b40f-23a829e105c2,Control
a5a4cfa9-06e2-481a-b438-8624d12ce6a3,Control
1f5b02a2-61c8-4302-a329-c247603c95f7,Control
18f828e3-7294-441d-9ecd-ac996e88db58,Control
93e87412-9f32-4b07-a027-3c03a463bd7a,Control
1b82e0f2-4d46-4cf9-9437-bd9f33cf5c0c,Control
4dde565e-bdd8-4e4b-9669-6693b1bf905d,Control
13f18749-2863-425e-b988-9c8c8231e60c,Control
78657773-5dde-4924-8cbf-bafec80ff992,Control
466b04db-1224-495d-ac06-8593f1b68494,Control
b24c172e-7693-4500-986d-d55f0a72105d,Control
e39beb45-49d6-4260-ae4f-7321d6ed4415,Control
a8a271b8-0ca3-441d-8eb8-26dfab44540a,Control
8cf3da29-c031-462c-ba9b-803580b38435,Control
f593a0b7-7348-44dd-9519-cfa171ec8de5,Control
2448872e-dd53-4bac-95cb-b45421be4184,Control
4466ee61-efc3-44b4-a6a8-4f55d30c284b,Control
64de28ff-71d4-4840-ac7e-239051aa1508,Control
6c08a6b3-4e88-49fe-b176-3ef496f7d895,Control
f5a0fdf8-f88d-422b-9db4-f7e81de1b04f,Control
acec79fd-4839-4218-b38c-930268479151,Control
7e0b6cf8-4f77-49b3-a25b-08cd230d1e5d,Control
3d86e904-15dc-4d15-96f3-0e708d1769b2,Control
13ec8deb-b5e6-4776-907a-9f5cad412476,Control
994b57af-f420-4322-90e1-30d676aa831c,Control
784f62ae-528a-4081-8d35-a236b872c591,Control
71649825-43de-4968-bb3d-e264c6ab6aea,Control
e3f75e86-1a96-403e-80b1-8c2467c25132,Control
270859dc-72f4-4c36-b262-212b2484e3c5,Control
fb9319fa-ed22-4c8b-93ad-5710e0a11ee5,Control
93ab293c-c0fe-4f3b-91d5-81480d9863a0,Control
0113b190-f1a9-4c11-a15e-5cc808d4d601,Control
3ec8a3f7-3273-4f2a-979f-22d669517f30,Control
17d646d9-359c-4362-9ef2-7c49d03081cf,Control
ef2467c1-3b9f-4713-9212-d417e715f142,Control
a0319d69-87b7-40e3-93b1-05c639ae398d,Control
0faa78a7-e6b0-4cd8-a37d-cc5bb5389aaa,Control
28e90f0e-e569-42bb-8775-949919bd6c64,Control
d88b2fd7-7bd0-4625-bc3f-f0f2ba141517,Control
b6b81fcc-7110-455c-90f5-d6401fc8383f,Control
9743c92a-439a-4a28-9297-3ec53a2ae2eb,Control
04f639e9-209c-456d-8e41-1f2c7cdcc891,Control
89108e8f-412f-4f12-8c1c-26c07e6cc004,Control
5b687f1c-3ef2-44ee-bb7a-b37290d9790a,Control
fbbd19ca-90ba-486e-bd05-61b42bba8678,Control
de0a5d53-3a9f-47a7-b895-246d7d6108aa,Control
cc95024d-5af1-4f02-aff0-9533950b8687,Control
4ab7bc09-db7a-42aa-be1d-28e56b6b7822,Control
85f7b035-b73c-4633-aafe-33666fb602de,Control
474f3fe7-839e-4402-830a-5532fdbcd1ca,Control
9e3040cd-cbeb-4717-ac7f-f94d80f32bdf,Control
8c549258-745e-486b-9cac-6a72b095965e,Control
ddbf6211-48e1-4916-af83-02c6a579bb87,Control
7d91f732-55cd-40bb-9ea3-5c202802b289,Control
31f1ed88-e0c0-4295-80c5-8da6e4dd106a,Control
5faa3083-fe87-41f9-a12f-9e95790ff3a2,Control
c7b22fb2-029f-4a91-b1af-e512f3b09d63,Control
f8f45d85-18fb-48df-995d-e76ba36b3faf,Control
4c8931e0-c890-4388-b87c-fe80caaf94b2,Control
b9877c01-ec4d-45d4-a2f9-b01e743441c0,Control
022f1853-542f-484b-8985-dab12dc41803,Control
2639654a-0783-427f-9893-8941c1491214,Control
9ea74a3b-3c69-4a0d-9178-41482742368b,Control
62e2a266-df10-4d0b-8f47-06ed9fee3371,Control
1a04d904-8ebc-481d-8a98-767249ee41d1,Control
74c9f80b-c8a4-4e44-b4af-2f76d6b13960,Control
732f40e8-b7d1-4a2f-bd40-9a08b21ac1e1,Control
7bdd1f4b-aeaa-4269-8068-f56c78c50619,Control
a0322cd7-79a6-438c-a248-6676b15c626b,Control
cf5a03ee-72f4-42d4-b6c8-f031df452adb,Control
c52d9cfc-2c46-46b9-8da4-a5c9cd73975c,Control
5af67362-ef75-4297-9074-1b5cd9682bf6,Control
c7de0deb-73f3-4594-9cbb-11a5ce860ff3,Control
8ae1875b-1efd-42d1-bbfa-735b5d153b57,Control
95a8eba4-d1eb-4030-afe4-4711f7468f60,Control
87d536ce-2b56-434a-9255-10c8166c1999,Control
0cbc4e16-2c5a-4ce2-b938-2255193fea65,Control
4093c40f-84d4-476e-a2b2-cba28d5b8d0a,Control
2fdaa79e-812c-49bf-86a8-a870ddd3ae2c,Control
80a905f6-c328-4873-8993-ce6ce0614e9d,Control
4852e99a-a146-4855-a833-319020235e0f,Control
e85ea4cf-ec4c-48d3-9b7d-8eab313560fb,Control
fa538ca1-d20f-4e9b-b772-d69b359a5e54,Control
5fc9943b-da6b-4d29-8497-060056ef5d52,Control
6082b10d-093e-4f2f-baf0-f71a723dcf67,Control
3fbb7a84-ed38-4d7f-a74e-1fe3900aac00,Control
48772b44-da6f-4b33-9ce3-ad8e20dcdbc1,Control
1e77adb6-6526-4d90-a27b-46a3ac756826,Control
fcae895a-6e01-4c1e-a807-fb3e7c905ab9,Control
7bb74819-d32e-4dc9-9cc9-821251864fcc,Control
99b1da36-3cf6-4916-b1f9-cc3e77225b14,Control
abacad8b-b3c1-4f75-8b90-cab4596d512b,Control
e29f6d7d-2690-4fa3-a7b2-59a4a09de231,Control
4bfd17c4-a31a-482d-ba91-810e54cbc1cc,Control
7c6973bf-d466-4845-acf3-724b4d006c9c,Control
c69cb40c-6ced-4ef7-8c03-5a254158fed9,Control
21352a7e-2814-4ec4-a2f8-25a8cc904a97,Control
ee336b1d-bbb5-4ce8-9473-6a570b4af804,Control
9076cbd8-5bcb-4d05-8321-821bdd2f4735,Control
d322847b-4279-40aa-95c4-3b659167471e,Control
13669f4f-2d4c-40b6-8467-4384c5b39633,Control
eeef74ee-0930-465e-a6a6-803355ef9b83,Control
d2e13cf8-c1a7-4f73-97a7-4a8ba4fd301e,Control
8da911ff-e351-4f7a-a140-c98a868afd16,Control
fa5b5fd5-658e-4d1d-b2b4-4258d1809514,Control
95ad6752-97b4-46f8-8d33-333839e6bdba,Control
5187ab5f-bb44-435d-8393-ef77957dca45,Control
215a19bd-6907-4209-a655-cc5bcac8ceb6,Control
4096d91c-75fd-4a57-9281-72d01fb717bd,Control
cbf9ca0b-9173-46d3-8b66-184b83758627,Control
24a2e243-823c-4dd0-a9a7-929137265817,Control
f0ff2470-eea3-447d-b4c9-57b08d3e33e2,Control
7218f4ec-fc67-43c8-8adb-c297e3aea194,Control
8d47195f-d3c8-484d-914c-2e292ff762d2,Control
92cbcf9b-cc3d-40e1-9c23-3c10cc82e882,Control
5d25bec3-ead2-428b-bf9e-742a68fe5a48,Control
8d90b923-11ea-49ae-ae7f-87c447673c93,Control
72576af2-1b54-45c3-a62c-4718a04aa3e5,Control
f6bbf7f3-d405-4132-a3c2-98f843696bfd,Control
e262dbd5-d335-43e7-857d-caf667d8edbe,Control
64af3230-0161-4262-98c6-4ed9464f6ada,Control
bbef05d4-6980-4cb6-a314-ca9fc6188f54,Control
106b83c1-4c1a-4bdb-a1ad-2013496f3090,Control
d9f5b4e3-b9a8-450b-a8a8-190a00cf7a28,Control
d4b29a16-c16d-4d00-a87d-4acb9569d8f9,Control
8198b3b6-80d4-4805-a915-79b4a68f3620,Control
2a564752-617e-4548-aca7-8918729bc992,Control
0a80f91b-56d4-49c5-a19a-dbc27a99a1f3,Control
c3b7843e-74f6-4a79-99e5-e212ee68526a,Control
c93419cf-d89d-479f-90fb-b0fb9c8eb80a,Control
b485b387-36a9-45c8-afbf-84cbebf88e19,Control
b34fb594-e474-4eca-b64f-43ced4e836f3,Control
f4eb4702-2fea-4871-b8ef-4c290bde2285,Control
c4d5b852-7822-41d8-b1a6-b86e8e176be4,Control
724bcd98-6392-4a10-bf62-7255bee572c6,Control
d41304ce-2360-4ebe-a46e-b97a1bfd07fb,Control
f2410f9d-93b9-467f-b44f-e594551f0191,Control
0f45ee51-66ca-45e0-85aa-3fcc0ba33f18,Control
2618f268-835f-4afb-8fbb-9c40ad393561,Control
8add6e0b-aeac-4088-9241-3f95c7dac75d,Control
649570bb-b7ea-480d-b132-98e53cbe3e23,Control
7f2e3e11-ac6b-416f-87be-cc265a6758a5,Control
46904bfe-4817-4ca2-910e-99505e8bfd84,Control
dd7bfc19-b67d-4a61-b8d8-548327c02e27,Control
52e850f0-e309-44b8-a588-f9e37488f706,Control
06372c7e-83ff-408d-962c-1b1e803bd323,Control
47611c8d-43e0-4b7c-bc64-7062e75f256f,Control
3e996ef0-8366-48d9-ba5c-b12e1089b8f6,Control
0b773240-0281-48f3-87e0-aa03461320fc,Control
87a30841-851f-4201-a6f1-88217bc87d9b,Control
3caadbe0-d2c0-4626-b3ee-2d04c145f509,Control
0d8efed5-c23e-44f7-81cc-d011fce7abfc,Control
91f7c9a3-5f15-4f07-820b-7cd948c77471,Control
d004d506-6743-4540-abe0-622b2c16095f,Control
0d061a95-4838-43f2-b3e4-317ecc501543,Control
3f719ffb-e55f-4744-9d08-2513d663f2b6,Control
66a9858b-d662-45dc-be61-7a9e8bb8bdc9,Control
2dfe73c5-b200-4289-8540-6892d55c8eae,Control
294d670a-d660-46cb-8a4b-fe2fa50ca51e,Control
c4f577aa-4def-4933-84ed-2c3e0ddb0261,Control
660cb522-6b08-418e-ad64-e33c07f6ee2c,Control
b19025f3-71dc-4647-ab90-9cbd9b8a8503,Control
3b54d6cf-daae-44c4-89cb-b98be59f513e,Control
340c1b96-cc8e-4753-aaf9-843e63d8df1a,Control
d8806dac-d39c-4904-b2ad-ffe484a2dbeb,Control
b20169be-3b9e-483a-a9fb-6fa43ae107bd,Control
01c20a7e-4a99-4f93-a02c-728bbaa6f42a,Control
3a82ba26-2f65-4c66-83f7-a3908db062e9,Control
60657e11-19b2-487a-9096-b7a97b41e32e,Control
60d9efd3-1a06-47f3-8e2a-02aee3bd6c29,Control
9da9bb2d-8b60-4b52-9295-468fddbe87ec,Control
dd50d25b-f5a8-4894-bae9-b667a88f1b5f,Control
3f945b5e-91f8-45b1-829b-fa68db3f8092,Control
3873dff2-cba1-4859-ba19-3f28f68e87c5,Control
39171fbe-b2e8-44cc-9f35-004cfb0da9dd,Control
99878837-fbea-4643-bec9-b5dd2c2e0d6e,Control
408a6da4-d9a3-4209-9fda-c2528ffe9393,Control
8745c248-420f-40a5-acaa-3ffd7a2cb64d,Control
bd52882d-82fd-40f9-b163-e5f1356655c1,Control
767bf9c2-df46-4d6e-84c1-939fefa2902c,Control
f4a741d1-bc18-4b74-aaf1-e0ee1d43c71e,Control
1c2838ef-9cdd-4999-af8f-a42c510d79c5,Control
1727cf80-5289-45c7-b39d-de5b92314c8e,Control
f4ed0b44-06e3-4851-b999-30939c001674,Control
0500f67e-6a5f-40c6-a90e-d3a96ce5029d,Control
4b6a377f-cb45-4806-98e4-7327bd99367e,Control
5a0e9895-a544-4035-a8e3-c6db46b770d1,Control
55d347e6-445b-4da2-9865-b48ab7af6a96,Control
6c95e9f7-209b-489f-ad42-a8dde40cfbfa,Control
a98c64e1-c603-4a5e-b558-34143219b76b,Control
c80e36f3-35c3-4c0b-9941-0133226bc17b,Control
f0895d3a-e030-414b-bb32-6c64dffc768a,Control
dfb4a94a-eb65-4fc3-a69f-e0dbaaa6f440,Control
0e4e0fc6-9e23-44be-8bb9-0fdd89e2b96a,Control
3e63f98b-cda3-4e7c-b623-917dea62fb40,Control
f7829763-40ee-4551-894e-5d87007f5621,Control
90a2ee40-f923-4769-a30b-389efe13c5af,Control
d33060d7-1285-4676-bb8d-d934c9543eac,Control
504b8cc3-abdc-4e37-ad71-1a6f1db33c8b,Control
5673181f-bc1c-41e4-97b1-683c0bc1415c,Control
f02ca1fa-f9fe-4b7d-b1bd-721e578b1b17,Control
6d7f069b-56eb-44c6-9355-3801623f55b9,Control
b784a20d-137d-462a-b5d2-3388f50cbbda,Control
2028bdd6-61f7-49ed-b006-bbc8aa651c25,Control
dce9111e-4e8e-44da-a5df-3a1580329dcc,Control
8902713b-4f35-4bd6-ad1a-781f2ffc5449,Control
d997c922-d243-4d3e-bfef-d130e805725a,Control
e8014e21-3bbe-4e03-9548-a22f36c18cd1,Control
df1884f9-a93a-46df-ae03-9d3a60ddd7cb,Control
b6899468-8508-4013-ba13-5e6f7fed182a,Control
9ffa63e9-9b10-4ab1-9fe3-35efb4d57f03,Control
204f7717-1ec1-477b-aabb-7a998825f320,Control
47497141-8166-45a0-be58-203f1aa24791,Control
fa225611-a59e-4f13-8f4e-a91409bc2fa7,Control
a5037f95-3b2a-4957-b65c-d575a1b22ec4,Control
2733fba7-257f-486f-b0e6-610ffa0376f1,Control
864ed1a6-f9f8-42ec-b8bd-5dd01c2a18be,Control
32ec8c0d-d4e3-4670-a142-cb33210bd3da,Control
65dcadc9-9273-4b91-8f39-f68e3d9a8f8c,Control
419fdfe9-9e84-4c9d-861c-a32768e244a1,Control
f92aeebd-df9b-4cf3-88cf-bfa17137fb62,Control
88dbd72a-9944-4591-abbe-64a0ea7991c8,Control
53cc02e0-6020-4418-a74d-7a9c74e518aa,Control
ea5dcd8c-3d2b-43f7-b417-b4d88178921d,Control
169c9323-fb90-4d5f-a701-011a829a6e92,Control
5e858efd-1d2f-40af-866c-91b87c2be0d3,Control
8626a7ab-09ce-430b-89bd-1e6d719f1415,Control
c4835916-406b-4142-aa0f-3fd8d2accf11,Control
79b5fa71-66fe-437b-895e-65fe82920656,Control
cbf019ec-5408-4ff0-adc1-395d15bf5fcf,Control
60dedb45-8a51-4c29-84b8-9a724b3dd16c,Control
fe9cbd07-1483-4e16-b821-58a6b74382a1,Control
b2dd850c-7090-428f-900d-d3f36ee24510,Control
27558f86-0e39-417e-8d8c-149ea5a7f6a9,Control
b240e784-fe1b-499b-8d6d-c6cb64709a9f,Control
99716c88-dba7-474e-b1f5-84b062b3d6a9,Control
5413fbed-9464-4229-ac58-c3e238128ef6,Control
63861ee1-69e8-4ebf-ae93-e08d177454ca,Control
0b7a04c7-7882-4166-98cb-ed5daee7c8fd,Control
e66ec00b-55f8-4268-b78b-59dc5ec96cd6,Control
b5d0212d-848c-42b1-95b0-6254fffba0bc,Control
05b279cb-db9b-4497-ac0d-8e55c372b00c,Control
74177c60-2983-4b86-9528-c9dd1270a8d4,Control
79ff2865-5cb2-46cf-b585-ae531c3fbc42,Control
5c260fce-026e-4a59-a8eb-a7bd4591bd80,Control
9ff34ba8-b944-4b2b-9a50-1485a5f7ee1e,Control
1cc7e132-2255-4852-98e1-294c8bf6ebf7,Control
2ed3a865-e39a-4412-a28b-aa884e48b1dc,Control
1506ec03-cf12-4101-941b-2ea20a984661,Control
396a0883-57bb-4bcd-be9f-2611aeff5439,Control
7452d040-b84f-4d57-a62b-bb3654f6f861,Control
c22c2af9-1077-4b42-a03d-6f089c96dcee,Control
6d1af488-b65e-49d1-8a92-d6ea09c27f0f,Control
d6d2f8c7-a52c-4981-b199-d136b218136c,Control
a86e30d3-9684-45c2-8bdd-108695167096,Control
ae45847b-3324-4fea-aa42-ad79e814943b,Control
373e45c6-cf9b-442e-9b95-50409f4cc48b,Control
a193435a-0d91-4ac5-aac3-958224d6cbda,Control
e635faf8-ad86-4da9-899b-d829ce8eec43,Control
ca1cf8a0-ad94-4e82-a112-88c5cf17f01e,Control
08a0c72b-7332-48b3-ad56-4fa4f9479f2f,Control
75b49704-bf6c-4744-be44-baf9c54a8d46,Control
7b3d8926-7dce-4535-82f9-717ad89d8b23,Control
36a34dc9-f24d-4c9b-9c88-da356a0e0143,Control
6055cf94-15d1-479c-a48e-f75a7d51737f,Control
0ec3db61-6472-4cf5-a35f-964625b4d0fd,Control
71c256de-d1cc-4964-b6b1-490932c3675a,Control
8d49bc93-c70d-44cf-bfd0-db11c0f763f9,Control
602a6a11-a7e0-4a19-bade-a23232953450,Control
c788265f-e6d2-4145-a09e-187fc42d7adc,Control
ff45d43a-2517-44d1-a12e-e875912e6b2a,Control
30af3088-b0db-4c88-8a8a-9840ce910d03,Control
81321e67-96fd-499a-be41-700e886d9641,Control
bdcb8478-7d3b-44ac-ace6-b69ef62dd869,Control
bc3faca3-ea6d-40c8-a11c-c2fef38e5825,Control
eb11d397-1513-478d-9c02-0bbd6ced8ccb,Control
a0405099-4051-404b-b13d-cd9a4412a6e7,Control
cb6d8f8d-da67-4f78-bfd6-25800a42d5b1,Control
f3a77c0c-b9e9-44b6-b9ba-8456ff08f98c,Control
be17ce38-1405-4c8e-ade0-1eb714badbb5,Control
03eaded5-055f-4b65-835b-8bb4f03da782,Control
880c3004-2945-44c6-976e-c80fd6e49907,Control
ad2d794b-78a6-4b63-9c4b-b7f81685f1e0,Control
8385fcec-6546-4b78-95c2-6c94161df0b2,Control
cddaf776-414d-49f9-a1f8-d38ac57d6f49,Control
c337a68c-5723-4871-96f7-2b9c5368c1d1,Control
6f3e67e4-9122-4828-bb79-507a57b0decd,Control
c1ba4b1f-f8be-4c16-846e-6a13b9099d5c,Control
613db483-f68f-41ad-8662-e8983296cd23,Control
d8a1b7c6-0619-4f17-8309-13fd96e9bb12,Control
249d399c-d8d8-4b5b-afdf-4fa6fc35f12b,Control
eaeecb95-7bf3-49d3-8eb3-eec4b117e5a1,Control
327f0128-8d0e-4d88-8575-3435816a4dff,Control
e4284067-d2f6-43ce-a507-cc066e90db31,Control
4f7b05fc-4659-4bd8-b972-0161fe8244aa,Control
e35388d8-a287-4852-a6a7-e3b68d9ca1d8,Control
8760ac3b-888b-4359-bd12-2a703f6a534a,Control
ffd23a57-a3a9-44ee-bc9d-7b2d5135447d,Control
2976f19f-5d76-42c9-80d0-499913160d24,Control
49b3f5f2-fc8a-46da-9dc6-ee1768a4d031,Control
ff1da5e9-5c7e-4dbd-9139-8ef11f375fac,Control
87b809c9-f1b2-49a6-9393-eebb3d540342,Control
a3c1ff29-2e0f-4bee-9e8c-926b9402e349,Control
be2be31e-7f11-4bc9-abf5-6c5152e72750,Control
d518e694-ae4f-4343-958b-269a247d8204,Control
5410d589-89d6-4df2-917a-00d9caaf8839,Control
487c2b91-1409-4793-a582-7cbe8c17ec73,Control
ec1f521b-f293-4f21-bf2d-5e03e7ef4559,Control
83a914e5-2cf5-4ded-b619-63e775d2f2f4,Control
d11321b9-5a74-4193-b75a-b72ec1d3870f,Control
bd23e9dd-16bd-4ec8-9422-afc124215ba6,Control
d65a1d05-790e-4efe-8963-40b632a110a2,Control
e256afa0-12e0-4297-865c-b24f4fae023b,Control
de4132ad-6b12-4669-9977-6d2851983433,Control
ca92b753-c59c-4a12-88db-3d73e4b99e5a,Control
80aa0112-02bb-411c-a20e-c76f9f25352a,Control
11e99eef-16c6-4837-a062-956381c991b4,Control
6bc158f9-6cfd-4796-9ca6-182da2d458d2,Control
3bc46602-5f1d-445e-abe2-00115af80d61,Control
a77a424c-98f8-4721-be86-03e12191eed3,Control
1d891598-0714-475a-aee9-36dc176c7c52,Control
afe5c453-c919-4674-86d0-540858507eb1,Control
85561858-9c14-4868-9cdc-bae0be3b4d5e,Control
c1df64e1-a0f8-4f68-b8fe-905aa9c19d2c,Control
e95f83c9-99fd-48cf-87d9-db3ccc61e34c,Control
3ec68fcb-2a87-44a5-a6f2-12ef0fb1b0ff,Control
c91d6ded-c4a9-4675-8069-027f4c68d89a,Control
2bfebe11-bd35-489a-9132-676e572e4ffb,Control
4ddb7b92-6679-44c2-a7ba-077df4bf3846,Control
553fc266-7547-4f4c-be1f-4c260ddb18cc,Control
93a7db30-8370-46bc-9956-fec2c0dc547d,Control
bece7de4-f023-4a76-a39f-a2ccccf28fd0,Control
fb18e40c-8dd0-4796-9a51-90817fde4174,Control
0d4d49b0-7b80-45cc-a894-44024ce5757e,Control
a34a7ebe-b6be-4c34-9c2c-fe9f92673bbb,Control
a0f730eb-02cb-4bf6-9970-1ff3bf30ade9,Control
cede8102-b9d7-41a8-8724-9445bb619f24,Control
d1c6a558-cab9-4ceb-84bf-b3ab370a01f8,Control
66e13f55-1b7a-4d39-b9f6-c14e478f5fa6,Control
3045750f-2208-4233-96c7-fa9244a79565,Control
408f568d-306c-4ba0-ac0d-e17377d469f2,Control
d56f95be-565d-4140-9aee-8c2f44b406ea,Control
38ffe02c-ceb1-4aec-a3fb-c969ee7f58a8,Control
2474c3cc-9fa0-4af6-9a5d-b2c5f366b71c,Control
954e875b-5a4d-4432-b45c-5863f1a677a0,Control
bc8cdff6-d9e3-4833-a76a-febba26bdc78,Control
08f30848-a150-48bc-b50b-4518a0f3ce34,Control
756cf5f5-917f-486b-b954-864618753cc1,Control
300d677f-4960-4ba3-9b75-75d23d72b0d4,Control
a32cc86f-59d7-45a5-a0d7-a57133e06548,Control
6a154b77-c45c-4ba8-95e4-bf1b8c0601c9,Control
93edb494-804e-4dda-b17c-2e83da5deaac,Control
54aaf874-86f0-4cb6-9a40-9b74e8475523,Control
f3003a3e-fbd2-4af6-a71f-65fe0880ba94,Control
3859d3dc-7120-4b7e-a705-66adec521ee8,Control
f42e0141-bdad-4f4d-b9cf-c7027c900941,Control
f7aeaf4c-c7e9-4a81-b52e-a1a678738c46,Control
a70a303b-2662-410e-80c8-6d86796ac0f8,Control
e84a0b4c-40a6-4cec-b75c-7473bdb2b2fc,Control
34c6ef26-e054-4453-adff-ef6b1b357dd1,Control
55dab417-39c8-4779-bf1d-e1c9f48a1859,Control
7c3fa23c-6960-4613-b026-49564cf0e84d,Control
6ce6bb07-160d-4028-8264-f7a0fadba6fe,Control
f84123b3-6754-4e0c-809a-bb846e6ed95b,Control
80b1560d-7ce9-451b-a77a-683247793871,Control
89ff148a-1c50-46ca-9974-f3be2e62e296,Control
854852fe-94c1-4285-9b61-e3f39d693ee3,Control
51516baa-6a45-4501-9fb5-90b26519b83e,Control
4091a6fa-1ccb-4199-9e07-68e092fef671,Control
395df2e7-61c6-4726-b6d6-cf99a31b317d,Control
0727ed2d-167d-4ddd-b041-283366e5d686,Control
d177a401-357a-42e1-be45-9cd0c0b1c430,Control
f09d98ff-8878-4e46-97ea-571aaace7253,Control
46c44c06-4093-4f68-9533-6231414c2fe7,Control
ec1e5aa4-4276-4e51-ae97-02600ea1470c,Control
7a597bde-ffab-4ff8-9eee-dbdc620d2373,Control
470bd7b7-ce64-4d3e-82d0-10704ca05aa0,Control
bbbd69bb-06c2-4af7-9767-461bd9f07222,Control
2b849536-bafe-465b-b41d-e5b33bf757c9,Control
a95792ea-e461-4fdd-be27-dd7951fa04cb,Control
57108cf5-2224-4e89-9621-592a54fae3c0,Control
28b12675-e6af-478f-98eb-7d0ab169fd5e,Control
82e9e59a-72a6-4cc2-a1c8-25365d963d68,Control
4fd0179d-f5eb-4cfb-abb6-31b92cd640c1,Control
c647c33d-5f36-4353-b22f-0ebee2228e87,Control
10caa810-96c1-47a6-898d-d08f33c18f14,Control
601a1944-65c8-488c-935e-e1c0e6cd7e7b,Control
5f1cb87e-883b-49de-ae8c-e55d9aa40cf2,Control
ec1fcaa8-a962-4199-8825-6109ef240f4a,Control
00c93771-bc7a-4425-93d3-afbeb705871c,Control
22368c90-f097-4048-a4c1-332486fa9be4,Control
e22997a8-bdbd-4439-a326-610c1f450b01,Control
5a8fe088-389a-44e1-a0dc-0693d5845a2c,Control
8698177a-0120-4292-b26d-2017cc3073e8,Control
7744a0bd-4e1c-4f88-8d0e-86418bf06f64,Control
741a893b-876b-492d-9864-fc6aba4150ac,Control
953b57ca-1c77-4dfc-97de-9744a474ec47,Control
a150196a-b21b-4ebe-8083-e4d58b458497,Control
514d197f-225e-46c0-bc0e-2510c7959ad7,Control
81f2a598-e78a-48f3-b9ee-f5c136c79ee1,Control
8da6a5a3-23b3-464d-bfbf-15dd6611cad5,Control
f019bbeb-b776-412f-ab9b-a4d4653d72ac,Control
c4360dc4-c5dc-42c5-99b5-4d6450fff841,Control
d12ef341-977e-4141-98c0-dff90f5a4374,Control
51a12e23-6bad-409c-aa43-4242fa868f07,Control
38279ca1-e805-4ff0-b7bf-885fd7a49d0a,Control
ccdecb17-ea9a-4447-9bc9-32041a552308,Control
7fe57b20-c135-4bac-868c-7464b86d8698,Control
91522ac4-5a32-4bc5-919c-e839c491d7c1,Control
d9570e37-2c4e-4341-800e-8316696cf458,Control
3ef79cbe-7ea2-49db-83be-5beeda3f9ced,Control
c6c89c03-18af-410c-b19c-b56753fd23c2,Control
e44bfd9b-f6db-494a-a3ef-978799eabbce,Control
95e2c021-84a6-468c-b69a-0de07e53a361,Control
7cd4e4cc-03f6-4d9d-8628-9521a44a1d7b,Control
feb8653f-b093-4cf9-860f-2d1bdf676b09,Control
7cf2d2d4-f4e2-47aa-a5de-4447284e9f35,Control
947588f3-840d-4d2e-aecc-ad64f689d67b,Control
8462b9e7-62c3-48c7-9764-446c4389103b,Control
00a519de-3f9f-43cd-90ab-21a46cd9a08f,Control
3ed62e8e-1120-4e86-b6a4-244d4b9664e9,Control
17128dbf-d261-4da5-bc11-7baa3f4614d2,Control
e94a9bd4-d94f-4441-b9c7-cf9d162a59ab,Control
e9453a22-9795-4541-8d94-1aec40b6b7b3,Control
844b9d9e-bda5-44d1-bbfe-86cdfff1ab34,Control
83634644-e091-4700-a626-0301c371bab7,Control
096a30fd-b22b-477b-8a4b-a27634f60bee,Control
f9d574bc-6348-454c-bcaa-132384061fdd,Control
09cdf467-b668-43aa-95c1-91e22788ad0b,Control
2c155eb1-c71c-4a4e-8399-18623e1369a0,Control
4b4b65df-f60a-493a-b964-5d673f7a97bb,Control
6defe335-f29d-4b4f-a9e4-86ce2b76b54e,Control
534c90b3-fd1e-4b6a-b064-4cef89102d70,Control
53c4052c-8c7f-4c53-99c1-2e04b40d9e0e,Control
9a51fd56-f8e1-4951-99c7-f5d279e7d996,Control
8f627db3-0f0d-424e-854c-38800e2908eb,Control
d3915418-9dff-4b39-8f58-031298ac937d,Control
5d22ce02-e86d-47f7-b490-a6f2262ebc58,Control
310f9ddc-d398-46d2-bd03-8ee0401e0b0f,Control
370561cf-b7e9-4150-a90c-5b36680f8578,Control
48cf0ba0-aac7-496e-b596-a1357a8c1c65,Control
716372a3-ed54-424b-a5e1-3eae224a72ea,Control
a0dcfd9d-d65f-4fcb-88fa-6e6ea146a278,Control
391b26bc-afd1-4a29-b97e-26554d9177c2,Control
7ac71bb8-6aa7-4c0c-8df9-46e9acb510e8,Control
0f121055-cc85-4687-87f2-be248c7b1913,Control
d912dfc2-f519-4043-be47-98792db6d327,Control
dbf4e28a-c623-4f35-9f3e-c824efc713bf,Control
7b9d03d3-df0b-4494-9166-e34f9f66a831,Control
af21d05c-32d3-40f3-a3d7-1d77159e0ec2,Control
d8354749-1d09-4288-befc-37ed42b09daf,Control
5a24dc73-87e4-40df-9e2f-295ff65a5654,Control
be459dd4-c38d-4a03-93f9-eaf2694e0b24,Control
29d02d66-ea6c-404b-9365-06afe0980fa4,Control
eda1322a-8206-423f-b655-dba477451acf,Control
f5a3b40b-9453-41ae-8ebb-ddd1439a60f5,Control
45e4bef8-8fdb-46ef-95d9-73f6abc785da,Control
ddedf0c1-9423-48df-a284-8337cc0e89af,Control
413bcfcd-dcf2-4a84-b77b-15c32aeae825,Control
dad4d22e-06f5-47fd-8320-23953b21e5e4,Control
28e46155-46fa-4b00-b8fd-b121508ec20a,Control
8cf2caf3-4696-45f2-bac3-10515f6e5e69,Control
8f7545e0-431e-46e0-b69e-0afbf3584dfe,Control
6359edc9-67da-4547-8d4a-5aa7aba3ccd1,Control
927b75ce-5b32-401b-8f81-add29ff1d308,Control
fbd27896-3ec3-4370-bd5d-c4241eaf2406,Control
ec40f194-5379-4799-8e20-9fed867cc109,Control
ec541ad3-d4b4-4da4-a4a4-8ffb0369286e,Control
7f1c6f24-14b4-458d-b0d6-ad980287ef5e,Control
6e5dc2c0-6c36-4442-b8d5-3ef4729aed7d,Control
9f83c7a9-956c-4ad2-bd9c-cf1ce7cdef35,Control
3a2e4b2e-0f0f-4d40-aedc-1b7111de21ef,Control
917c5c32-7dfe-49e1-bd13-fa1b34f6a957,Control
97a28b46-42ab-4e65-a13e-a8824129d49a,Control
64300898-4bce-4a73-aab0-44e7e7df226b,Control
88a6f621-5c32-49f8-8b19-d7e3445f5d8b,Control
36fb5bc8-449c-4a1b-ac3d-5f9435daedc4,Control
3872c120-3f00-44bd-9b95-f52a0016fccb,Control
b7f64c7c-ddd0-4c05-98c1-7be48d623b34,Control
b9290ee5-d7d8-43fc-ba72-775e39e23ab0,Control
1b0f968f-0e13-405c-8cf3-613e62682aac,Control
668fa532-e37b-4f76-9360-21f5fc1d5895,Control
d9fc0355-f0eb-46bc-a3b1-6033e9e3562b,Control
02068798-a7ce-4a33-a517-3ea4783229bd,Control
0d86b31c-6a92-4f0b-bfd2-5bcfebf277e5,Control
a148f490-9b2e-488e-b3f5-086871cbe105,Control
6fc36c81-f71d-4671-9faf-dfff736cdcf4,Control
1e4c8696-f2b3-4340-91c3-ae925de9df14,Control
19db0eeb-55b1-4757-af38-5f7b8a8a40f4,Control
a29f94e4-675c-4417-af9b-73604272a363,Control
25d13e8c-5e8f-4d6c-9939-494eee080933,Control
5aa81b5b-38b1-4992-bbfd-1497d3af9e38,Control
e395c208-1da0-4ac8-970e-bba3e777c181,Control
885c098b-664c-480b-ba42-3f0dd5f3e229,Control
c2845672-d168-46e4-9133-3d7b6cc5721a,Control
9bb6a579-47b2-4500-98e9-82a632507777,Control
812ceb83-db74-4e5f-a2d6-2ac6d69963d1,Control
dc10d055-beae-4003-9c96-9ceb9f1bfaa7,Control
d49a7f1c-80c6-4504-9344-a12113f1d924,Control
df4d2137-26d8-4cd7-bd94-d715f33d9f91,Control
54481e05-34d3-4d31-a49c-ca55cb78206d,Control
34324154-87de-4180-b45f-8b2def3936e2,Control
447582d9-9eb3-4d47-b5a1-2c172433331c,Control
36dc5822-bdf4-421f-8b9b-314a93f07a71,Control
daacde99-028a-463c-807b-2a590ab588b5,Control
f590ce8e-e6f6-47b2-bd90-910efd64177b,Control
4ac3c79b-96ac-4f2b-b4b6-61e6e1363c00,Control
75594f79-474d-4079-a08d-d4cf7d11c26a,Control
84ec4410-3ba4-42b7-97eb-c7041428736f,Control
42339b93-e37f-4c83-91d4-390c2bec33a6,Control
0d7e5b6f-82cd-4b29-a9ea-a8df54ce406e,Control
85d4dfe4-44dd-40ca-8a48-3e426e5f07b6,Control
a3e30257-4988-49b9-a0e6-30148f1601e8,Control
c2dd1506-55eb-47eb-9de1-fa89c32a5f9a,Control
6a4a57cf-a5b9-4fbc-8f44-0c998d574368,Control
7986f509-18b2-4689-97ad-2746717c8dc1,Control
02da1bf8-b0df-486b-b993-dfda6fa2536b,Control
eb282f67-2c59-4e84-9d17-e7ced2dfceeb,Control
97138e29-972e-4f34-9258-7ef534814ab4,Control
08b4a4f8-c7a4-4702-b9b2-5d5767d0d755,Control
a54a81fd-1cb6-4703-bdb2-ca927f44a3d0,Control
a93b5b0e-42fb-4ff8-91dd-a3ff8af6105c,Control
6509f1e2-db5e-42a6-aaa3-9ba8f8bb7061,Control
e6434e4b-45a0-4e73-9599-b4a9a78d4be9,Control
0bcf0914-3222-42a5-a120-565b18f6886a,Control
e4830e12-d7bd-4583-a154-88a04445e6e8,Control
13d83d38-e9be-42f1-b82a-0b665311b3c5,Control
de94d874-e37d-4cc0-addf-61f298b13f2e,Control
cf09c971-1474-41d4-8efa-35c8a3526737,Control
8b6711b9-ea50-4714-976f-ccec343401a9,Control
1addcc7e-76ec-49b6-a7f7-6ba11556d90d,Control
f4d2be9f-8c3f-45d1-bcb9-27ac2a4e2fa9,Control
7ad01f34-4ee5-49c5-9f70-cfb2e513a6f7,Control
3cd4e484-d51d-4c11-a60d-6f2358437859,Control
3ff0ee53-1674-4f6e-8564-25c881a3f48a,Control
46ec495f-432c-483a-bc1f-c8ae1f95365e,Control
123dce37-cb7d-4dd7-b5b8-eb662816c0e2,Control
21b8a804-d6bf-4ade-8351-40bf1ba14c88,Control
6566b458-1952-4e21-a829-91f4636176a8,Control
4e0e84de-cef2-44a8-82d9-02e5ab5f3116,Control
0e31d3c3-6ca0-4c2d-a444-34a200bcdde9,Control
67115fea-c6d9-42f6-8fa6-bd186bfe3b5f,Control
0166248e-f128-49ce-aa77-b1ba8c27b871,Control
53d8bfb2-789c-4ad2-8bf6-e42e5b6f8885,Control
527238ea-e886-4c3b-8a13-1e091bf3f0a3,Control
1a4094a8-77f8-4964-a8ee-e12b6cfddbf7,Control
7050b3e8-84e2-48b0-ba83-c824f5c295c9,Control
19c07dd1-78a4-4188-a234-4d5d2167d521,Control
f56313ab-9e41-4c87-95fb-ef2fbd17e824,Control
0e6990dc-c4e3-464b-96d2-feaf2773728f,Control
432239e4-7be8-4db1-97ff-1fc7ef203f2f,Control
62cf6a8a-def5-42e0-9d84-871d5e3945f6,Control
8d11e818-fbfa-44d3-9bb1-3c224107a130,Control
d4c86367-be81-46d6-a1fb-f406145e4043,Control
e60c0a42-70b2-4bfd-a2af-8219a4c49b88,Control
b48cd44e-29c9-4273-a5e7-387791076196,Control
4fd978f3-f92b-40eb-b08f-65faa6f907cd,Control
9b55a07e-0fed-42cf-a56f-531a94cf3b5a,Control
462e4689-5cba-48e3-85b2-915bdae3583d,Control
8583feed-0a12-482f-8de3-106661b25eb7,Control
a8ee5ce0-f013-42cb-8984-37a15e4f7a09,Control
4e67f6f0-6488-4a19-aab8-f86014a11577,Control
1f1d7b5e-6496-4e40-b764-b9f90a161aca,Control
2d8b813e-3ed5-40ae-8823-69662ef3c7ed,Control
fb948423-af7c-4ce0-bddf-8cb0f31cf0ec,Control
86d16491-d0a5-4eb7-8bc9-47675ea6796c,Control
783b3cbd-5c03-4016-b5e7-01b05d6c9025,Control
27c3c616-098d-468b-9ab7-a95d24f88bff,Control
9a81b27f-0da5-4698-b26a-53934e7d9309,Control
89f823b3-5cae-4c36-8739-580ab20afc4a,Control
b9cc309e-4400-4a02-9380-c46a4debf5ea,Control
1b69fb09-6911-4295-a541-4cad6d10062e,Control
465f8f60-569a-46d8-97c4-f8a5128d5bb1,Control
c7f840c1-5fed-429a-8658-197836545b21,Control
189e9c0b-1ece-4c40-b140-28fb6c123cfc,Control
8a8bfb65-8851-4974-92a7-0cd5f4d98e1c,Control
d02c1782-65a3-4e74-8c47-80a218747cf4,Control
66dd2bfa-b628-4ac5-b373-cf3c33293db5,Control
03bf9b83-49d7-485e-8a12-fdcc8b2c8d74,Control
966a08ff-085a-4dc5-bd7b-8a4b27216e79,Control
b2a3e5ec-92f5-4cec-af8c-734b3d421e75,Control
377c993c-0794-4d28-b92d-2e91a1457142,Control
f3298957-318f-418f-8b46-dcfb44328af2,Control
5052286d-486a-49f0-8073-efdf777bdb0a,Control
88386ef9-db70-4594-99c6-72f42389cbff,Control
6a4f6556-0ec4-4b12-ba09-b9b36bda3f6a,Control
f33fae93-5c30-4832-b8c9-106ad386c848,Control
ff1c20ef-91be-48f3-bdb3-65c14c73479b,Control
387ce5cb-8a1b-465e-996e-c7e9f7488a8b,Control
df69b590-dfd9-42fa-9a1e-2873b903c25d,Control
4d5865d8-4de8-4e21-80c6-2c02078ca7a5,Control
bab42861-7769-4077-9978-41bb2ad12079,Control
f33c4978-aab0-4843-b3f6-5e9411fda41c,Control
40e008d6-e489-4fc5-9087-69b4badd46db,Control
982d7860-4a12-4c43-903e-5a013ddb9cac,Control
5034f383-81f6-4b49-9418-084bc0e573b5,Control
572a1079-9400-44cf-a726-fe06e7e5ffe1,Control
a7a25a48-5ccb-45aa-b43e-e9e7b4b751c3,Control
7732eb9f-a3ef-48fd-8bc7-d13d82f3163c,Control
d34fa18d-f6de-481e-92c1-10ddfcc70eef,Control
507a8b0d-d703-44a7-a7f4-b0b6b6247f4d,Control
cd9be142-7794-4685-8763-15b511b781d6,Control
3c7e9307-fd55-473e-a4b5-d9c5a6312644,Control
708e8162-1871-4ea9-8b00-f43003368874,Control
44babcaf-9d20-4df3-82f8-ddcc53355e9f,Control
0e61b491-48b5-41df-ad1e-c7bb4ea11ecd,Control
0a15e85e-440b-4945-a16f-83aa03d2ada1,Control
d251b73a-8420-4c73-b3d7-598d0773cc7c,Control
f1dbca76-a10e-418e-959c-390ed072b3aa,Control
c755fdcc-2fa9-40b1-8395-0a5017d4b39a,Control
d8360b0c-bf8a-4203-9abf-03bc72cffb04,Control
a80e8e07-5ac6-451d-8a34-70dc3084e491,Control
1587ff9d-3ebc-431c-88a6-1f6f86902689,Control
caf0fff5-f164-4797-b418-be3a387080e4,Control
6598a559-ac51-4534-abfb-6b4554f0697c,Control
90c80fbc-1b2b-4323-94ca-c15c43997ea7,Control
d6078af3-2ad2-4ff7-93aa-8e81ceda48e5,Control
666f04ae-7391-4a16-a76b-5c4dd169642c,Control
75a49c23-4aef-4054-a90e-8d9aaef837ff,Control
4e462283-329e-45f3-b3bc-667c9e64bb26,Control
cbd0718f-1828-45ff-a9a4-2b4b1b131cf8,Control
4dff07cc-6089-4aa9-a014-873bacaf86d6,Control
12beb1d7-06ad-413e-83bc-5de9a3e2354c,Control
bdc8520e-006b-440c-b46a-b36ced5f786c,Control
ff77a25e-d241-468d-8e63-2d5ab03b7667,Control
2c4bf45a-0d02-43d9-a7f4-1c4e45a40428,Control
d55cff94-cc7b-4de9-bf39-8ed745f91108,Control
31deaaf5-7c0e-4cda-a036-47dc6322884e,Control
4ddfd613-6f94-441c-9b35-069141af88c8,Control
46b16941-f11d-41cb-9cfc-8d9a340936ea,Control
df1b7a97-6034-47f3-af72-a27417c9f0d3,Control
db27de33-7a6a-48b2-a7d0-ce9d2df178ac,Control
3f30451c-50df-41c7-8a90-7c2749f8fb34,Control
0795fcd8-9cc5-41b7-ae00-ba8bc3c605ac,Control
9c118729-9bce-4e53-8a01-5b175f62a80a,Control
77e67e6b-fa68-4d9e-967e-4868496dc9d6,Control
e10cae86-245a-47b2-ad45-49d6e85d3ccf,Control
d6d6cd5d-098b-40c9-b814-b237b490292d,Control
6c54cf18-00b6-49ba-b817-87ce382b0555,Control
e88fcc11-a40d-4dab-9e00-9666d76cecd2,Control
485825f6-68f9-4759-81be-ed578dbafcc4,Control
c65ab582-ebb3-443c-83d6-4e60871bf9d3,Control
1ca4f0d0-55fe-477c-946e-ee3f1c22fa4c,Control
613fa48f-25dd-4138-87aa-0ec52f3c3372,Control
c1a7125f-37fd-48fe-badf-f00126b543ee,Control
a3c9634a-23a2-492f-818a-66791bf51b1e,Control
7e469f63-e752-4b16-905a-51596cce986f,Control
19556363-d99f-4292-9d08-3d8bd5cb3fe9,Control
37cb2e65-2b99-44fb-b4f5-e62a6f3b3a56,Control
1c0ef0a1-0c2f-471d-925f-c0f86b6ff5bf,Control
d28f77e9-137b-4435-a019-dbc7c137fdae,Control
0c7f047d-712c-4e15-ab71-cd122f0b5102,Control
2b824772-f85e-4acf-ba2b-11e1903f5314,Control
0da1a4e4-6183-487f-ac3d-386b3717a0cb,Control
6c1aca73-f287-45e4-90eb-0e604940e9dc,Control
9aa1ccb0-fca9-4024-ab4c-8c739d1332ea,Control
6fe75a6b-c169-4e00-aa40-043dafa047dd,Control
b1165c63-3cbd-4439-9fe7-71036112a1f4,Control
64cc4302-9ccb-4869-87f2-fc5fd56bc703,Control
e58bf6d2-9f9b-4f15-80c5-bc8de320d4b4,Control
4e3e6328-9b23-4118-9413-3c34af7b7f32,Control
ea714a27-ce86-426d-9b7f-894c2a7df185,Control
a10c7fc7-7057-4c37-a58a-c87452f3fdba,Control
53f9d423-b16d-456b-abf6-4149f97552cb,Control
c8c9688c-35c5-4c0d-9185-334d3b2f7a7e,Control
e6344ec4-5be8-4cf2-8104-d6730233a168,Control
9561d3e4-d9c2-47ed-bbbe-71ac5d81a14b,Control
9247c4f7-62b8-4166-9bf2-b1b3b2527c41,Control
0b2b4493-decd-4cae-8684-a7aca0c4563b,Control
1c5e684c-f2c0-463e-82ba-055f9367f3ce,Control
1ce9c408-c821-430b-a421-76550124dce9,Control
e0511bcc-669e-46ae-9892-cccd434cd5f0,Control
01180723-85e2-4920-bb77-3ca2ca673cd1,Control
15d9887d-b2ee-4111-9ba9-12329100fcff,Control
00b78d3c-78b6-456a-9b82-ee2b7b35fa1e,Control
825a636d-2a49-4690-b21c-fc05b7f0cee9,Control
cba2e5a1-e4fc-4df3-a4f3-0e3e679eb0fb,Control
b24920c8-a34d-4514-830d-0cbe433ae2b5,Control
6aabfbf5-802f-47ed-99dc-8cde4dca7172,Control
1a11d894-5b3e-4907-98c1-034688fa2ac5,Control
bc50d8ba-3795-4e49-9b97-3e8f91f59855,Control
97c38d6a-a521-419a-8589-d361e290f44a,Control
f7636133-575b-41d2-b506-14f4889a7ede,Control
6ad5187f-c866-45c0-baca-c54f8a1c8ea8,Control
d4709ca2-5936-439f-b375-5b838c6a3a26,Control
7d036a24-c3a0-440b-bd80-4c702f99e748,Control
9c4a7361-3b36-46dc-8be1-d1b690676d8a,Control
8300f99b-cb65-416a-8120-1b2af4b2e77a,Control
0cdcabf9-8dd0-40ef-b2c1-2dfdb1119137,Control
237341e9-432e-45d4-960b-b3d785333c8b,Control
6e17e2fb-6745-4734-b23b-97472a208e52,Control
51b33976-ffa6-434a-8f5b-8fa2aa70e674,Control
ff6a06bd-b02a-4de4-963e-cf01b01dfc1f,Control
6313f758-f2ac-4802-b44a-637546dd4848,Control
e7220cd9-6b9a-4cac-bdeb-a0b4fa3d1e64,Control
2c144caf-b65b-49f3-bf0d-e9445f018c39,Control
6ce9fe9e-0b78-4e31-bb3f-7db7ec3cb2e8,Control
0c6a3043-b2bd-4f2f-b424-57c434d9185a,Control
5600c921-963b-4ad5-97e6-306899afc596,Control
41441c06-830c-4929-9ffa-6b7239729326,Control
54ab58bf-9ba3-4b5d-8d4f-6d0f5cd825bb,Control
fa0bf134-3463-4b02-ac77-093af00ff0d5,Control
22961a0f-a4d2-46b2-8457-03de21158a80,Control
759b1db6-ae0e-4682-a771-27f6d69c371c,Control
294def6d-f965-4809-970f-9c409825a869,Control
1360c54c-b67c-4e2a-b965-ccdbfe7a0eb3,Control
3fcbc7ba-55b8-41a5-b491-7422dd5a3871,Control
d6a18fd0-db3d-487f-9ed1-bd23f6a9033e,Control
4a208c76-ca0b-4faa-a7a4-b73b5b75a973,Control
918cea93-0709-4061-ad41-eae4db1d75f8,Control
352a02e6-49b7-475d-a333-1ce079917e9c,Control
abac102c-275a-4f5b-b961-87facb7467ce,Control
71c3498d-0ee6-4478-926d-70feee6455b2,Control
ce06e76c-4e98-43bb-8115-367003ad5f69,Control
e733d913-58b8-428b-9480-01356ab02136,Control
51d2584b-7a51-47c1-9f5e-47d8fadbc400,Control
92991f1c-459e-4732-8711-b31936091888,Control
59ce70df-9cf2-42f3-bd94-716edb895a97,Control
c4b6a60a-161c-4b96-8e1b-8ae26f063a2a,Control
52153f0a-80bd-47ca-96c9-ba39c32a9ab0,Control
9dac3d5d-94d9-4cde-b3b3-1f2b61102cd1,Control
9ed79d19-11ac-4f36-aba5-645876894610,Control
e5325b9c-caaf-4bb6-b3b6-baa431c5064f,Control
bdc031db-b2e9-4bf7-9d1b-7b44e2564771,Control
7e0c2e7a-9ff5-4430-85cc-eec74c593c58,Control
fac4fd89-6f30-4066-abda-c677c568d7e8,Control
a9b341b5-3fb3-459c-a6cf-f8fb93342f06,Control
5c7aadee-af38-4b50-ae1f-a45f014b3d9c,Control
976082b5-bfcb-4c2a-8c5b-e182351fc667,Control
2fe68ab2-e089-4456-8667-aed8f2d6ded6,Control
cc36f9f7-2eab-4427-b640-6973e2f07ffc,Control
79ce0191-62d4-49c0-93f5-10b240f30aa7,Control
0ff793c4-580b-43ef-874a-3e19a5b4736e,Control
d3a805de-480e-4da5-bf79-99a18b6e8d5c,Control
df41843c-5353-42c1-a989-b70aea0a865e,Control
3ddf05f2-1ace-439e-b410-f3b5a564c1a2,Control
1ab4c419-4866-4969-b722-cdd324fa53bc,Control
04c1cce1-e47e-47a2-9996-9b003ddab444,Control
2c411023-0214-42b4-b2d6-644441954e46,Control
86c79c94-e57e-4885-9e28-c577f1a2f444,Control
2ed962b6-0052-4335-96bb-5f93a87495ef,Control
35912d6a-b33a-42f0-a236-1d2168a5a1bd,Control
51ced36d-84c1-4ec8-930b-8a0e0436ce87,Control
f40506da-2391-4ee9-8b56-5370888ccb0d,Control
ed25c99a-9c51-4b51-aa2b-2dd524e78e3b,Control
7888a34c-7eb3-4d3c-8874-8cb4752d2904,Control
9fe98033-1ccc-4360-a295-705b0d45306e,Control
8c4bf44e-fc38-451e-b4c3-24c331c686a5,Control
1c106020-d548-4d96-b636-8f3d4cd7fdcf,Control
05aaf970-ff0d-4fd8-b738-5ffb1f8f7b47,Control
30df2457-5951-414a-9c73-8cde445b21bf,Control
e526a3ef-3dac-4009-8bcc-546bb4867ad0,Control
8b3b10e4-84e0-4cc7-a59b-7be735977b17,Control
41f39903-7050-43b2-9349-d02d9f68ffbe,Control
260a819c-db70-43e5-bdcc-8b48303265e3,Control
4c51ac11-df41-49ec-87e8-dfef6e24744f,Control
975152d0-e8fe-4142-b560-0ff62de53b06,Control
491788a0-d758-44fb-813d-a5f7ce12e188,Control
87b3c68d-410d-45fc-a5b5-ee10906f3c32,Control
51a72492-e76c-45e5-b644-b7f7fec90c03,Control
fea1e1be-c5b6-4292-88fb-c6432f0ab962,Control
6f57e699-879b-41f5-8e3f-3fed51a78e4a,Control
d41d10ed-5001-4667-af69-d74ea718b7a8,Control
e08888ae-8d81-4506-b9b6-360f5282d76b,Control
7a4c1e3b-ff0c-4b6b-92b7-4866813346ac,Control
cfa0391e-36b9-451c-8498-9b93098a0d3f,Control
de0d2bd9-e6b7-4d82-a6f2-39c8ce2e8a69,Control
8b642574-3ae2-4d32-899d-dc9e4e3bf302,Control
c653ec38-6e5f-49d3-a462-057e9556ec11,Control
30732044-cdc1-4b38-8e0d-3b77fb1f3a5f,Control
fe66e0f9-d0a9-4fef-9925-1951cbf83dbc,Control
041c26b6-1234-44fe-8d88-a82e3deff0f1,Control
193d0f0e-3660-4518-a20c-c266736201bc,Control
d6737eb7-6949-47db-9cdf-ab410e04d670,Control
d24da86d-9f61-4b81-8e10-55630a21d8b3,Control
5dc19bb0-e779-4453-88eb-42b8c4d37489,Control
4197486c-3819-4d11-bc6f-745bd0cf7d9e,Control
23f6f13c-4a6a-4d74-bba5-9ac66f8f36a5,Control
dab3480d-fc9e-481c-9715-58482086fef7,Control
26bd7b94-4c1c-45de-b502-6439eb251238,Control
28222bbb-27ef-403f-b4f3-819abdab369a,Control
67b4e071-717a-47d6-86b4-80058f841533,Control
24f5c3f4-e549-4f4d-bfc4-36f2a81d9da1,Control
0cfbb583-5357-489f-abe7-f48f7876e437,Control
e3423184-50f2-41bf-89e0-2682f16373fb,Control
eaa60159-7190-4416-b477-99b8d6ac71d5,Control
da49ad8c-1d41-4f7c-b176-40e5cd287792,Control
b603d37a-495e-464d-af4c-1682d0e46de8,Control
c474611b-9ee8-4e64-8653-6b37e23a5f62,Control
9e600b68-f944-44c2-b042-776e0c12fe6c,Control
918f621b-2aa0-4169-9194-5aee78703015,Control
e88ca227-accd-4175-abc6-0d6200b1ff0f,Control
d73161a6-63ab-46e0-ae40-8be65f3dabf3,Control
c8c048d8-c66c-4ea6-8c23-24d8a5d4a176,Control
b62f1692-59ed-48c0-8b75-59b62a90a7e0,Control
a6b8873d-5c1d-4aa0-ad50-4831334116bd,Control
8b2f5da2-fb68-4369-b04e-4eac42437c8b,Control
97b7d0f2-c04e-49fe-9db7-7be569f2e578,Control
a3f686be-946e-4dd2-9298-85d623b1dcbd,Control
f6231204-e15d-4403-9457-174dfcb66490,Control
b3b5b181-aec8-4497-8b84-84c2406419b7,Control
ac8c8675-8cc4-4cd7-adae-e0d952f352cc,Control
752ef6df-8eaf-4fba-8161-32025abb123c,Control
ad4a319a-fe2f-4935-980d-6253a0a3906e,Control
dd0b0a4b-b807-475b-98dd-903cd651327a,Control
c7cc1aaf-35a6-4ad8-87dc-986a819771a0,Control
2078bcfc-d533-4611-8f14-481c8575edae,Control
24b58828-ee25-4cc5-8e55-776beae63284,Control
1f5120be-f890-4d05-a33f-a0d7871d31f5,Control
c1998181-4140-4d3d-a235-f684d6e4b7d2,Control
dbf555ae-9b36-422c-acb9-058d66020f56,Control
0f69a1dd-070e-41bf-9700-64c5a425379d,Control
058ad38d-b841-41d3-9929-67de9a875c12,Control
e36cfae9-3c8b-4995-b160-666fa4621b85,Control
05750992-6cf1-4910-ba01-cb4687acbc26,Control
5e074a63-89ee-47ff-b536-81e3dbe95a27,Control
fb896ed2-61f8-4ede-828b-87e88e705f72,Control
29f8c50f-9dd7-4a2f-be2e-6bd57af7c3ce,Control
d3754d07-7f44-46b7-8a7a-f1f607e68bfa,Control
4c4078f2-6261-4724-8fbf-722cac882c10,Control
7d64ab3b-0d6c-408c-b661-475faec95bce,Control
54e52c95-8f0c-430c-b63b-3a6b377b039f,Control
8590d1b7-cd5c-4fed-80da-2484542372f9,Control
e5a9578b-6ebb-4caf-a67d-07c44325dc71,Control
9a06ee48-54f6-42e3-b427-05211b96a036,Control
23fb2e24-f620-4f8c-bcfa-b8539fab0160,Control
7977792d-5a26-4f7d-b8e7-83c0e66ef84b,Control
4726c117-40ae-4e22-a8de-00463f292257,Control
880e89f6-946f-48bb-b943-06121b9312d4,Control
2bc65558-7dc3-46e1-90fc-b6220d513743,Control
536d5f2c-daf9-46cb-9e00-c5e73a677631,Control
a40db67d-c8cf-4d48-8c59-7a7af0f21223,Control
aa1ec21a-cad6-40b5-bd8a-6b6daf084519,Control
bd34b1ca-ec4f-4429-9297-b2865ec07410,Control
7cd3061f-9927-474d-9bfa-17bf5d8dfdab,Control
83ec1b1b-09eb-4fc5-a835-6c9160403caa,Control
f320358b-b521-41a6-b0a9-76665ebc6dcf,Control
41163bbb-74ae-408c-9983-450a4d8a2345,Control
3467678e-4a97-40e1-9fd2-da16d66276b1,Control
7f371033-edd0-406d-83bf-5aa9d87d849d,Control
b4e4b519-317d-40eb-a001-7d6dd75758f2,Control
45f1ac16-4be5-49e2-a8cd-5518b4861bd8,Control
2c0e07ca-126b-4eae-a2b0-09b45043d37e,Control
7c082818-06c2-4ae3-832f-5b685fa1f3b6,Control
7afbda40-a124-4d5d-8a56-ccecd65f0cc6,Control
0fa7565d-c97a-4868-b2ec-f359f4a88076,Control
2245f0c7-af7f-47fd-9f2c-3350e028f084,Control
1594e35b-d557-4df8-8b2d-0d1cab0f6660,Control
815f4b8d-3a20-450f-a456-970b407f6ccd,Control
9ebb690a-3483-44db-92de-0bf7acdfc600,Control
bba0fac9-b7da-434d-b655-f454eee6fa81,Control
89d8ab4b-7999-431a-ab04-228fbbc9b7de,Control
76a73426-f44f-43e0-bc39-e7e915cbc5ec,Control
f84e8497-b9cf-49e8-add6-6e71695b3c06,Control
7b2d6adf-4a60-4231-b80d-beec12ac6672,Control
a3bd5e27-e45b-4a0f-b986-d76d9e74addf,Control
0077859a-9292-4f34-afa3-cf1654042ae2,Control
849b7494-6147-4f4c-bc72-47342ff5c709,Control
5ec03cab-17b4-4f2e-91f3-3f18eae58f6d,Control
d5321efe-9d96-4eeb-b355-0d2cf1ff800e,Control
dd431dfe-90b5-419a-9f70-7d5def5a0263,Control
0def0de0-e557-4cc0-acf8-bee9f754319c,Control
ab675a97-48b9-418d-bd91-4f54767db6b3,Control
e1a5533c-94dc-4c33-a51f-bcb950586ce1,Control
30aed2ad-bba7-4693-b615-cca26b3bb279,Control
7ff7cd8c-070c-4661-a830-24fdb9abc31a,Control
181af287-553b-47da-a43a-400618f3d351,Control
ebedca7b-ae57-4a4c-b6dd-4dbe3011ba8a,Control
1af8be01-4595-4856-9f9c-7f5c8382ea3b,Control
f878202d-19df-4758-9f19-5180b6f48bfa,Control
5f5c5d53-626c-46c9-9661-d419b0d72994,Control
f5037adb-1ad4-44c4-a845-b267530a421c,Control
c040b76b-abad-4c58-ac5e-1324e255cc6b,Control
0d14b038-3190-4311-9a31-54b5a37be459,Control
30718885-798e-4d3d-b51a-6cb0a03f6e4e,Control
1cebc6df-15b3-4dee-a80b-7a8dbfd53ded,Control
9659aaab-248b-4a05-8373-2c545c932a78,Control
808edbe7-c2f8-45de-9186-0d69fcc2d314,Control
ec9b3076-8ff7-4450-9e8c-f8e89bc932bc,Control
48c33f62-e279-478b-bce3-c30f235e1ef9,Control
d6da961a-8533-4de3-84fb-d189ae7722ab,Control
adc01851-9077-4ab3-bd38-b1dfa3b95895,Control
48f19351-378f-4a55-9a85-aec4eaa7fde5,Control
05fc95fb-6bba-44b3-966e-5f9ac8a76ccf,Control
d322a12c-4904-416c-b60a-988a78c7064e,Control
21f18212-5cf9-415a-b448-3cef703d1ce5,Control
36da3446-dd9f-4f9f-a3eb-98694e1eacbf,Control
9a92f635-a0e0-46e8-976a-754f9459c27b,Control
083c7f50-4fcf-4a9d-b1d8-09eb02ac36a8,Control
c6a38b82-19bb-4308-87c1-338a21c384ca,Control
218b8346-4484-4de1-b8b4-32bfeebe80ce,Control
498caf2a-aa53-4e00-9f7a-a1e14a6b49f4,Control
4dbab51f-47f4-4d86-917a-2d2b591bc665,Control
7c8e9690-b7fe-44ec-ba02-07069498ce1a,Control
ccf89bd0-e938-4ad9-bf4c-cb4ceebf2e3a,Control
b0625558-2cb8-44cf-b034-0188a335ff61,Control
ce80cb41-6d40-4344-892f-43353c855982,Control
63037167-bcc8-4e3c-8c32-224a0d510b55,Control
9cb79781-22f9-4716-8258-5491e9c8e98f,Control
c6c0eccb-d4ee-4db9-8353-4f7914398b51,Control
05b4bfc8-c130-4fe7-8e9e-1fd945aebfdd,Control
cfefa3ee-da72-40e8-8b62-b79f6c442402,Control
2531bd04-4610-402d-81a6-ebfc50136b0c,Control
fb989f37-f02c-4a8b-bef1-c407f6aae344,Control
619ebc68-3ec8-4500-b362-c9bd3ccf67b1,Control
fb71d234-32d9-4011-a051-dd07c3224694,Control
dc3697aa-354c-41a5-8d0d-edfbbe4bc161,Control
92bb1610-ae46-44a9-9c04-730e1b858d58,Control
0f7a0c53-b065-4df7-a27d-d9e842f7587e,Control
3aea5415-1f5c-479a-9756-5c03921e13c2,Control
887bfd08-2fb0-4f71-bf5d-383d2022063e,Control
8bdd6b6e-1d51-4328-88ce-6c5d03cb73c5,Control
eb93d399-7285-42f5-8fc1-607f0290651f,Control
80e6baec-88be-4924-8191-d5d8178c2e5f,Control
36b41ade-97ad-45a1-9ede-6d0f6d9b844e,Control
f0930281-df90-4a8f-b3a5-d7cb309f1908,Control
a16e43c7-41bb-4e7b-9898-5dba89183cce,Control
3f01ef4c-e852-49e8-9fe8-f7ca8c0a5e22,Control
004e2219-0b81-4463-a357-906f5e4d11e1,Control
3f6bcdf7-ffc2-41bd-852a-2afe8f7c3541,Control
8c92d0b6-8154-456f-bb0e-80eb94a67463,Control
68c675af-5636-4463-935a-7d18e4628c3a,Control
1e945593-79b2-44b5-8b56-125cc70d7cf2,Control
430ae660-5ff1-4cff-bd33-29362a4c463c,Control
15bcc3c6-9e92-46b4-a487-c20074aa1ea6,Control
91d70030-3eb9-47a4-8208-c1e247d1542c,Control
d293576b-12d7-4453-98a5-339b651b77d5,Control
5302a55a-e773-498e-a736-7073cb3409f5,Control
8ae2702b-aac0-4c99-a5d0-25b79dd68c82,Control
18cb6119-0520-453a-8e1f-a5dfceab92b9,Control
44a50554-fc0d-4620-be45-2395f9e41a27,Control
c83386a3-107b-41ac-8a84-6733f2df9dcf,Control
72d5cfb3-44a7-46f8-85ea-2152ae04dfe7,Control
14b6bbf2-fdae-4a92-9f9f-d38ffbfcdca0,Control
e168ec67-0c31-41a4-9b7a-8ac1d09080f7,Control
86b6c4a7-bf8c-4d7e-9fca-01edce03f02d,Control
c760f473-0980-4626-82e0-96392f7cd128,Control
0baca3ba-4afc-43dc-9b77-02f1d7b1cd79,Control
6557af37-343a-4ab2-a708-1a5fe983c79c,Control
ef0fc8a1-31b9-420c-aecb-e466f25b9ff6,Control
dba2d27b-bacf-43df-908c-63497f0f13f7,Control
1578d1eb-af55-4599-b7f9-9108030ace2a,Control
e5bac523-1b56-4cb7-b2aa-8372ba57d739,Control
89020016-61a5-4bcb-9d99-e96d8955d399,Control
c118d85e-a8e1-4cc5-93ec-4f85523dbaa2,Control
ceb29f83-a187-441b-aff4-5057ea6e7247,Control
394fc7c5-80e2-46f7-b957-2570c2a11a4d,Control
0e3079cc-5f77-4b2f-a034-e063da18e6f4,Control
06f811fc-7923-4d19-9837-bdf65b7b6e3a,Control
8ea97dcd-4a66-41b6-8160-a7898038649e,Control
b91135e3-1e1f-450f-ab58-8a6510a21b07,Control
4b8d23c2-32a4-4cc8-9d2e-64cdedba80d1,Control
281c299d-f46f-4beb-acfe-a0c9e3b7f30d,Control
007d246f-c8be-42df-8bc3-b9250fa1bdc2,Control
4c6e238a-efe2-4e1d-be5c-f8a62db4e58d,Control
9f630ffc-d9da-4e2a-a2ac-a0db82b9f679,Control
0d98cfcc-ccdd-463a-9818-31b3aa67bc1b,Control
1e204fd6-11df-47ba-a4af-3a461730f4c4,Control
7d7bbd33-0fec-42fb-9bb1-e1cf053d6b48,Control
35ff74c5-1293-45c8-b3df-2d627a28f4d3,Control
b012f7f0-cf58-4536-b182-a5d61dc19afc,Control
7eef6b5e-bcca-4d66-bbe8-d6feaea66a68,Control
2861a763-f43e-4540-b4be-dbdc81970e3c,Control
105c18e3-731b-4506-9bb9-4bdd7239f905,Control
227f2394-6344-45fc-9ad7-60a3640a5e26,Control
1809d81a-7d60-4b0e-bea5-50d2679547ec,Control
21040dcf-c9a0-4509-98ce-a0aa9472d0d3,Control
80773c8b-7747-4ebe-8ca1-ad01f3cf1bfd,Control
253cd2c1-c891-478a-9e9f-032e7764d117,Control
f24508a4-c026-4004-b199-2977f375c17f,Control
38265e4f-ebc1-425f-adc6-3110db3be3cc,Control
99cf5ff1-7f7b-4470-a7eb-b59a8cf7d138,Control
8355c610-35c9-464a-9196-60b85c81a961,Control
9617b127-874e-488f-80ae-ba5bc9680203,Control
e10f095b-24dd-4570-b4a1-8fe5cdfe275e,Control
0c7c49d8-33c6-4ce9-a4c7-69a75b6a3039,Control
7d35e48b-67c9-4d40-8ced-42e9b37ca1bd,Control
e071b491-fb43-4354-a0ae-a2f82e7d0d0e,Control
332d1926-2fa7-47e2-bbb3-d6462618805d,Control
ef697f98-1d5c-43c7-b417-3a5ba72dc1f5,Control
06eb332e-b9bf-402f-83de-1034fb0b21a9,Control
44ca1b61-b74a-47bd-8c33-8091b841eedc,Control
bea1761f-7526-474b-a725-0a0d195fb918,Control
c7b7ea9b-bcb7-4025-b918-fac869e38171,Control
b3f7d908-1d91-4a6d-b6f4-28a9f8cf3fdc,Control
8b59ec4f-ad57-4f0b-bf28-fc25ec68cb8b,Control
2ea1d98b-afe7-4fc0-a589-8051b7a5276d,Control
dc6fe8da-ec1a-4380-bef7-ec12f9739651,Control
c0f1fd26-53aa-4c91-bda2-5214ca0a6850,Control
460fa0c2-2087-4b4b-8bfc-17738f7c5cd2,Control
065f8133-4fa8-4b44-8510-270fef4c26a8,Control
497be838-b65a-471c-9627-05a0a760d72a,Control
89b34496-58e7-430a-b3b7-8375fcaacd83,Control
009079bc-826b-40c0-85b5-6265d84d7c3d,Control
0c111031-0690-45ce-96d0-06f56eeb7890,Control
09ce7911-1359-4904-9559-87a6c9228486,Control
6d750d92-1257-4509-a0f2-c1a7415fe634,Control
69e1043f-6ac2-4dd4-b13b-de6ab3e1ff66,Control
b8f3bb17-bb64-48bd-afb9-695bcf942e2b,Control
358f57a8-0dae-40d9-9067-42aa6c844b8c,Control
c4467196-3cbd-4d9e-adde-4b6781523609,Control
94ccc9da-158e-4620-8981-bbb26f0772e6,Control
1caf3c1d-fe97-490c-95c9-866cf4e34dc8,Control
2d450972-9972-499a-84db-e1f484c366ab,Control
d692c8b9-1d00-4196-b19f-3f604a418866,Control
f768ee45-0953-41c8-8543-87ae9872b0a2,Control
c7b3fac5-6b1e-4c65-a02a-ccbfd557e0ea,Control
eb1a8a8d-7053-4caa-9024-f61f852ea480,Control
85569d03-b126-491a-8c8d-0d4cb08b2a1a,Control
6175ffd3-ab1b-40ae-ace1-19babf7f2978,Control
28c98de6-3d76-4d58-afa1-184b28b98baf,Control
2aeacce5-ec60-46b2-999e-9900e6a0368d,Control
eb707e77-6fe1-43ff-a632-5eaebcbb2e41,Control
048f76a7-1e12-4cc5-ba30-2d6207f3af1e,Control
80ca5b70-8403-4f0a-a5b2-bd8e2d5e3032,Control
ad610530-363f-4edd-9cea-5c92ad4c4869,Control
720b7a42-b029-488d-bceb-320ffe81a55f,Control
d8e94e41-f198-4133-893a-30807696f921,Control
929d06a6-6c00-43ff-83d9-003ccd94fd38,Control
e93552b4-f895-48af-b71b-c6a882ca231b,Control
b559fb44-6fe7-4914-9056-4de8fb1dae12,Control
270ec444-ea10-48c8-9f25-0e77dcf78977,Control
7f362baa-9128-4de5-9b70-47383378eb19,Control
3a6bb927-6fc8-411c-9a15-17691894df89,Control
14d577fe-41c3-46c0-9545-400d2b119d93,Control
93be9675-5c8e-4832-a4d3-c01ace57cdf2,Control
64a6ccbe-6230-491a-bcc0-f3081f17612a,Control
8c4576bf-0016-40f0-b028-56ad1d331811,Control
40f59ad1-44b9-4cfe-999f-13f17c53189a,Control
f41fbd79-a0b4-4358-a7c7-9f68d09e906b,Control
ffa4265b-ba72-4b19-a9b0-54a11e9aafd9,Control
33bec890-ad25-4e2d-94ef-e97da25d514e,Control
4e7dfcb3-8e17-4a0a-bea6-ad96735714dd,Control
47260f8c-0814-4dc3-b8af-fa0eeb099c45,Control
b8f78df6-8e89-49bd-8064-8eae7e27a97f,Control
4d8c3b4a-60aa-4e40-9557-145e34668846,Control
8c09c649-c529-444f-857c-94b8455fe684,Control
bbd12737-4dd3-435e-ba6d-23f301a3be55,Control
c3cba9de-1c9a-4a6a-877b-61c367160b51,Control
aac3367a-0fee-4082-b770-3962333a08b0,Control
bfd25daf-c99a-4a66-8dc8-bb0c2dee7dd4,Control
bc31bfd8-f942-4f48-ae3f-7e5794f5f024,Control
c15e744c-3b04-40a1-b5b4-c657d3322981,Control
77becdea-1fc2-43be-b9d5-0b6cfedbe1c7,Control
9cb1a93d-2be9-4767-9b06-673f7a1b7e9a,Control
d108a5c5-621e-4208-90b9-48bc6410d7a9,Control
00bb35c8-2935-4e9d-b3fd-c3c766972925,Control
aaad6b01-aee7-494d-9b6f-ba07659d5e7b,Control
fe22cd33-626c-4dac-b8ef-6a92c6f47fc9,Control
c0f2832a-d4ed-44c0-8c7f-7f032d2df708,Control
120fb239-634f-4629-9131-a8c6918a6e76,Control
4a87dbdb-48cc-4efa-a1c6-0f6ac5c95427,Control
bd2e008c-332a-4262-b9c6-46e433ddc58e,Control
4601cb89-ac94-4f20-8e83-70daaaa8d36e,Control
ca0cee43-c8d5-4e3a-a41d-cc0b981709b3,Control
d97907a8-d82e-44aa-93ce-e492ce7f4fd1,Control
5afeb92d-d66b-422d-9752-96b8fa6f2121,Control
6cf33361-eddf-4bb0-91be-d3b45c171cd4,Control
adf2d164-c01a-4c83-a243-e1c470e724ed,Control
c454cb85-bdf8-4bdc-a8aa-b848f5777d58,Control
86a039ef-2e5a-4b3a-8e60-e38f45b0ef9d,Control
59351c60-4374-4c8e-b1b4-63d9f6ec2f55,Control
90532f9a-d037-429f-9e83-68fa55381339,Control
3f104861-8808-4d27-b5c5-ebb74d023579,Control
20ef0c20-775b-4739-b1c4-b592b9e34f39,Control
92888ebf-0af2-43b5-a507-63d11089d823,Control
4d2729c5-2198-403b-8842-ce44143be4cf,Control
f5caacae-90dc-42b3-bcca-d3223bb8978f,Control
6a8525a1-4a3d-4ab7-8c3a-aea72f2c77a3,Control
17a2473b-abfd-4116-8590-5ff8d961627c,Control
97628ad9-6697-48d5-a636-7ec990323ba7,Control
301f8654-1524-4c28-9dbf-a723e0f22b7b,Control
2b932397-0516-44fd-b088-1b2fdbe19545,Control
4d284793-7921-40c2-acb2-82fb2a82cf47,Control
3fac7173-5987-48ac-b917-ee65c4873efa,Control
c4cd17ce-53a5-4b27-8eae-988079f10bd6,Control
3d74c9d9-15a7-4822-94c3-badd81938f36,Control
25e37ce1-9970-456c-bc2b-8d14fac37907,Control
a4b84cdd-7f52-4d33-84b3-5fad5eb07b56,Control
d7503001-7a38-4232-b7c2-95e4119f4379,Control
01ade30b-6b26-46e8-8482-9323bee75ee5,Control
e78b8bdb-68fc-48f9-a181-8ea54498e93f,Control
f621070d-1960-49f8-ac01-d9abb1330854,Control
cd9c1255-c466-47e2-9b46-a4a584fdb329,Control
1e7507fe-1ec1-4ad1-8850-55d1fc334786,Control
0ced54ad-5065-4951-8585-3a1e5d6579eb,Control
99c67a2b-180a-408e-a96c-dc8ea8d4a32b,Control
8134d2ba-6eb9-42c2-a2d0-a6a9bffc1230,Control
67a99a86-0779-42e0-89a0-4827331e03bb,Control
e5903673-b5e1-4a93-bab0-507a7b4f3313,Control
04054eb7-3bb0-444b-b758-fa8356d15acf,Control
a49c5aca-0916-4562-9a6b-944239fff438,Control
a5ba4d2b-cfb0-45da-9915-be152275660f,Control
844a83a0-e8dc-4ba0-bbf9-4c10c5579ee6,Control
9ae8f409-56f6-4ce7-a813-3341a8afc055,Control
0345134a-0a9d-42f6-b989-9cd79b4ebea1,Control
4353ca24-2c83-4817-88b9-a6e1d0c9c14c,Control
5171df6d-3b27-41e7-9984-04402488e120,Control
5809ff0c-dafb-4621-9251-496b605c5d4a,Control
f9793b19-f94b-4860-a540-982c7222dc8b,Control
d4e5f850-1e24-4aa4-a932-c060088690ac,Control
ce439658-d8f6-44bb-ab2a-27dcdc92114c,Control
5f514db5-c669-4922-8b8b-3f32a67bdb8c,Control
fdb94625-8003-4284-badb-c48f41b5edc8,Control
1fbf40c5-b06c-4492-adb2-69633503ad77,Control
534e72df-0d93-40ef-8a3b-a32f3e66fc7d,Control
29b16639-b19e-4aff-98ba-992dcf229500,Control
c79a0608-c7c0-4b9b-b69a-165cb11aaf71,Control
abf35eea-288c-41c6-9201-f8834315de71,Control
4dcf8b3a-588e-4758-88a9-9c3812d5d360,Control
fae276ba-ad6f-476a-9584-d390b6f81d50,Control
3e837452-f494-4333-8d90-2e4384fb11dd,Control
bd73c999-e9de-449a-86d3-51e4bcd82e16,Control
e0297b4a-09c1-44d6-b56f-2037d4940aef,Control
c12da043-f593-4809-a301-24cbcc2f8e0b,Control
419e9979-9267-4bc9-bb04-d3e98113bcf8,Control
668eb0a8-3397-4837-967f-c2ded965c4c3,Control
335279cb-aa50-4b7d-96c5-858fa91d40d1,Control
04782a0e-75b4-4e5c-b2eb-7315f0976d33,Control
eb026723-4abd-4fe7-87ee-09aab42115fc,Control
47fea1c0-c559-4771-88a8-46ee38c72f1d,Control
ec6d3837-aa4c-4a2e-a724-7d0b49cc1332,Control
523a2165-24c3-41fe-9c4d-4e9fcd62ec81,Control
b896f006-adc6-41ac-ab07-db91e678b535,Control
a57c146f-e48a-4303-9622-594d1806db26,Control
9509fb6a-2ea4-451f-83af-25aff3c22448,Control
9b8aab04-7763-4b83-a75c-15ecd2032fb2,Control
0d67fa9c-c378-4358-ae97-ace1418b29ab,Control
25b979f7-ccda-486f-af98-95747f317542,Control
2d28e3f7-3356-4343-8b8a-882b096c9f18,Control
edbc8a0d-f940-47fc-b0e9-0625e3fcbf68,Control
fac4796a-5131-4028-8cdd-68b9cbef2b20,Control
247e460c-344e-49ee-b196-8775386d71c4,Control
32efc168-05d0-4100-872a-eb65024e9931,Control
a3b16f1d-63f6-45bb-bb49-d4fe636474b0,Control
6fd403dc-889d-483f-ac04-28719536af7e,Control
4e0ab2ab-487b-49d9-8ec7-4c4b87683cec,Control
b171d09e-8682-4bc8-881f-be5c5e2205e8,Control
98a6c947-1ed7-444a-95cb-f98f12ffb80a,Control
49383631-0da5-49b5-9a95-e5187a93558e,Control
05c593ab-dacc-48e2-8f27-208ffcc50ac1,Control
ef9d809d-da5b-4a78-b81b-586192d370c3,Control
192756b9-2912-4db3-a866-4cad7289269f,Control
de0512c1-b4ac-442e-b0b6-a4d8933f6892,Control
4dcb32ff-6b0b-49bf-a53a-3df77037dd12,Control
461764d0-b295-490c-92d8-2cbecb401df7,Control
0becf8fc-1a33-4151-82d5-96990e15c348,Control
209f87e2-e557-42ca-ba00-b93ea11d8df1,Control
564d6d37-3b23-40d7-b63f-703b0b05d23f,Control
e1180276-589a-4732-9d23-4a3c5318dde3,Control
11a88300-2274-488f-89e0-8ae38a2f21ab,Control
0a790188-2ccf-4862-aa80-45701f57e62e,Control
b440cb94-4e43-445e-a6f0-05b2d9eb1669,Control
6ee6d894-6ae0-46c1-95a6-4a0376af78b7,Control
6d490eaf-f01e-48db-9a44-ee5213b91095,Control
33550b8a-c574-4c5b-8a11-1dac33d733e4,Control
2f0515ff-b405-4b91-9ccf-e44e3a6cac82,Control
2b5b09f0-cab1-4c7b-a29a-5192b1d2b17c,Control
2cd85729-4013-4aae-9337-aa7f29f8e43b,Control
bc940744-6eaf-430b-984b-f17e456478b6,Control
1dc80760-710e-4842-9ab8-be6e9f81e359,Control
e3526371-613b-4cf6-b46a-646d3f94fe33,Control
a28adb13-015c-42a6-a030-dbb87549d72e,Control
d3b47619-1f01-426f-87ed-29152e22ed10,Control
334f8479-9b56-4dae-87c4-37b294a989e7,Control
4ce23eee-14d7-4111-87bf-4c71b654f632,Control
098cb9f0-b88c-4b7c-a817-fa3a22fe9764,Control
1b82e51f-4678-43e9-977f-046b2761994f,Control
cf475685-898f-4cfd-b607-9c9f910a6e55,Control
4f6fd9d5-166c-4b91-8ada-1aa9dc888297,Control
b64576c3-4100-4ebb-8fbb-d9b26be9d4eb,Control
8db6b0dd-333d-40c8-ade9-1b78845d9af1,Control
35a22cee-734b-4b9b-b73c-f08727c26f5a,Control
5d5667ec-c0e4-490d-9cff-a08f4ed43eda,Control
5256c936-d6f3-433a-ac90-fcfb199d9b87,Control
1d5c80f4-0fbe-4a4a-932a-80185e727756,Control
2c3d74d2-1a85-4df1-ac3d-eb8c1d5ddf63,Control
e006224f-874a-4d88-aca8-94cf653560bf,Control
9a1d1905-f5d9-477f-b12e-0ea9c7cce2d8,Control
2907b3f5-c800-4fca-8fc1-c484aa202b83,Control
72d456da-8551-40dd-aa82-824acc58f628,Control
1754beee-9e54-4126-9af8-3ae015ec02ed,Control
700f0635-8bba-4635-a3df-83c7138f7bdc,Control
0857dfab-8163-4d9a-bc10-bc2d8c85d639,Control
c05aaca3-7f73-45ab-8f90-8a9adaa39e22,Control
194ad25e-405e-464e-8090-c7e04849efa8,Control
2802aa16-56bc-422b-94a9-d5616d1d8bfe,Control
7ff0b91a-8bd3-4c43-aa92-24eb89fa66ed,Control
71df23af-0c64-4ab4-af86-ca0cc9d9f6b3,Control
091266f0-2b71-4dd2-b4ce-e67d07423e3b,Control
51156e16-eed6-419f-9f9b-e774e7f4c0dc,Control
b1608455-8dd7-4c4d-bf3e-edb28a6f5217,Control
b4450a16-2797-4c39-8814-630c0fb1581f,Control
576d4a59-ccd8-4f88-ae6f-a8c0c8839108,Control
e4b8ec89-d981-490a-bc7b-f71a24eed4b2,Control
ab1801a7-28e8-411b-9325-d0376d15a7f6,Control
1d58a63a-18ad-429d-8f76-331b6ba1e99d,Control
0cd4f049-1d00-45ec-b8cb-1334e5421e44,Control
a922461d-479b-4ef5-be98-26919cef1f11,Control
2468089f-8524-4c2e-bac6-b7d29747c8f4,Control
e913aaa1-2721-433c-b919-0dcf66393589,Control
d48c7ab5-a371-4fdc-b947-9c0679b67b27,Control
80b140cf-2d46-485d-a4dd-fb1d223ad5ca,Control
4b6aa12e-d944-46a1-8143-0760315c4a3a,Control
3499c644-4d7b-4ee8-afc2-da1af2f089d4,Control
03f77c9e-6565-43fd-9141-9c4c7afe00b0,Control
9881d47f-3acf-44c7-8467-f62adb1120f6,Control
692921d6-99fb-411b-be75-e9e52aa00c3c,Control
d7915e09-4678-48f8-8ac9-ec9951c9962e,Control
043e34b0-9c5e-4d72-b8fe-4f02bce16890,Control
6c4ea3cb-3a76-4c23-b55c-8cf1dcfc69bc,Control
c1fcd873-16f6-4191-b33b-ba779507a0af,Control
49a05558-a6fc-4b2b-b642-ddd979e40988,Control
56c68ad4-b355-426a-aa19-1a7f1b702ce7,Control
d0ac7d5c-3e5c-40f4-938e-36e6036fdd81,Control
d05f8022-616a-4c3f-8d49-abf02320132d,Control
b3db3d1e-6d51-4292-a589-c063541ed7ca,Control
64c75066-8977-4d00-9de2-9c8e355e367a,Control
bc8eb4a9-cb90-461a-b725-c17044057ed8,Control
de709f0a-1c70-4259-8ef0-6b3746f9eb64,Control
be559b6e-8548-4bff-bad2-be1a7de5e583,Control
525201b1-a2b7-4da3-b460-4a993b641716,Control
ea2e0935-93c3-4e17-9eb7-ecbdf297268d,Control
e35f7e19-e255-44db-8c6d-822bb0a999ac,Control
a7d93408-b5aa-4541-a70a-54a380877c29,Control
eacb6c47-fde6-4ba6-8b98-8c5087abdfba,Control
d5f28478-a002-4478-a7ab-49cc1e0b7497,Control
53a89cdb-eb43-4fda-b190-05661b2e3e30,Control
4b081c8d-1510-4c97-a24a-20b133df2c7e,Control
84266ea3-1b75-4569-a51a-d8b8fc2139b1,Control
a18d5fa2-d22c-4340-a731-cd1f25d9a7c6,Control
e005e1e2-361e-4547-a02c-add4e82289c8,Control
13c55aa8-a7bf-489e-b717-ce74c207a11d,Control
71e40c29-f63c-4ffb-866e-5481615aa6ed,Control
e91023d2-421e-4905-950e-fa01ef421659,Control
a32827b6-6e98-446b-8776-0d2a8a88598e,Control
9c13920e-dd51-477b-b6d9-c5ae6acba4e0,Control
c152f5de-9faf-4d99-b1a7-947b570022a9,Control
fd8063b7-baea-48aa-8285-16da4f31c180,Control
d99a6838-a47a-4221-8045-db42874fa544,Control
cc8de67f-136e-4cb4-8f7f-f7ad13e83bf9,Control
93aebff7-c59d-41b4-938d-eb33fafe2cda,Control
8edbc1f4-6c91-455d-a1f1-5a8fe0df39d5,Control
2415d5db-34ee-4223-ad7d-166031b54c11,Control
8ef80062-1b1f-4b5e-a019-ba25890dc295,Control
72449c0f-345d-4a43-9c05-15219717f14c,Control
461b741a-9825-4e9f-afc2-2035e5d78a68,Control
f6a6a792-5c17-42fb-8132-f8c0a0138aeb,Control
a4beb1f1-1d9c-4cf3-bc27-6427c5b28d81,Control
50e6896c-1131-4689-b18f-21b9bcb1bff9,Control
851fa84e-8cf1-4826-bbdb-a6bdb139e216,Control
809ac95c-46d3-44c0-8b83-ac068b87b740,Control
0bb41a5a-4de4-4994-80ea-eccebbdba06d,Control
887c209c-2339-49bd-adab-a2f5336d16fe,Control
e118fa76-fc2e-42a8-a2cd-71672d082e94,Control
8147edc2-a390-4d15-8699-a122bd19af3d,Control
ca91a76c-b245-4a29-8125-d4c8c1b7eec4,Control
cc9c5f9c-351f-471b-b1f4-1a230318fb6f,Control
e5352644-cf24-4415-b033-e2d4b8e44fa3,Control
6e2c4ad6-7a7c-4443-acdb-2fcec02b284f,Control
e45607f0-f4e3-4924-94b8-41d8b1f912eb,Control
41ce40ab-eb47-4af6-a9ff-9afe57c4efe7,Control
7a9ff147-7c48-4b00-9ff1-c1f5f418bb7d,Control
4514c73c-f68f-44ba-a315-87474ca44e50,Control
8fb9c1d0-0f2e-4e3b-8e38-e1fa1d239a0b,Control
a46173de-7ac3-45a4-8425-1ca809a701dc,Control
bada8228-8f04-49fd-96d0-c699cd8eff1a,Control
7a2cc155-b578-42c4-b5b0-739582156bff,Control
6f29b750-da63-453a-9681-045e8b5470f4,Control
a88b0336-8822-4664-8a25-8460336bc6d7,Control
6667795e-d41f-4ef6-98a9-f3f789deae43,Control
5fab5e95-5717-456e-888b-459e8f5db611,Control
0214a51d-ba72-4ded-9291-0e100af33b47,Control
46c05e56-27c2-4531-8099-ab6d0a16430b,Control
9eac549e-c075-4649-bd71-cc54c66f1911,Control
9d41b442-0e5f-41e1-9831-f6ca07fd880b,Control
c69d12bf-0ecf-43b5-9e33-a7cb864f932f,Control
bab60176-de2f-4063-8eea-cd69f9c9d65a,Control
6e47e7fe-3539-445c-8c66-de2be5572613,Control
eb756d24-adf9-4475-a4f2-4cfd345c38bd,Control
0419cbdb-c686-4075-aa45-7cfcfa5e9830,Control
bf22174f-806b-4282-809e-b3746fcf2bce,Control
551d4a19-bbb2-4941-b351-85d72e68ff84,Control
b3721458-584c-48ec-a2d5-c04242b116fe,Control
1386debe-f0e3-4667-85e9-3b66cb8681ac,Control
61b6c328-6a05-4219-994a-f214df7a007b,Control
97694045-7f00-46d7-bcf3-efd4cd05d5fc,Control
e4a9a49a-f57b-4ae7-9213-bfbb9a3bafcb,Control
95cc5790-d19b-4d86-a40c-91cc38de9e3b,Control
c43da1a5-cbe0-4e48-b60c-f7428dfba013,Control
145e2585-c60f-4661-8ab1-261bd6eb68f8,Control
fe5fe2c3-c20d-4e05-89aa-b8b66645def3,Control
1320d01c-7fab-47f2-bf28-8893c4cab6c0,Control
f06d59a1-1e15-4dea-88cd-03bfba7176fd,Control
6288e403-9c19-4724-b3aa-1800bd186ff7,Control
172c23b2-5db2-477e-a77b-241cff56a996,Control
96123380-7018-4e51-bbcf-57adf6e6c8bd,Control
856162eb-8b96-40e5-9a55-9235dc18b9da,Control
31040491-69cb-4f35-881b-b477564831ea,Control
97c446df-6ae3-45b2-8cb3-7e54172d0050,Control
24bf8cc9-ba3b-4e70-9c02-735faf25ddcb,Control
d32247dc-614d-40ca-a611-98bcf7b3d348,Control
df94d72e-73d9-411f-9ab0-a821d21e71a0,Control
3e31163d-ff0b-4ead-bc75-ad99892ff98c,Control
af71a067-f027-4fbb-a260-ca66cc676fc3,Control
64c3b12d-8a3e-4784-9018-6826ace92740,Control
f11ffbda-ab6f-4e35-b4f6-00f3b7a4c81a,Control
e7569944-77b8-4897-a9dd-7663ff1c7f34,Control
da0a82b8-6af6-4a43-9b16-53433476ce77,Control
13544c9f-a095-4404-a7a9-75a92c7b556c,Control
00897905-e73e-4e46-b291-7dc92d43aa11,Control
e1ed93be-dafc-4357-ac18-0adfadd1eb5b,Control
98c9bd25-57f3-451a-86c6-beda914b734f,Control
80ef2e30-0131-4282-8a9a-999fd9d22a1d,Control
089b9397-1efd-486e-8071-9f96df9a3ccd,Control
afdf181d-fec2-447d-b5f7-600413f26fb4,Control
6f527202-c082-45a7-b53e-fa37537ca27d,Control
5f0a6d0c-4698-4471-b031-7ff78ac2d7e3,Control
93ea63e7-3cec-45a5-b3ac-d17ac4ec4749,Control
152599a1-b9aa-438a-b8db-29fd75f54ff2,Control
0b160f89-e1d2-48b7-beb8-2f9571af6b47,Control
f9dc3487-9521-4f8d-94a5-220e28bf8f46,Control
277c1b1f-d9dc-46c0-a2d4-e558eed4f479,Control
c3c5d764-dc84-483c-b389-10325d8785db,Control
4f9229a8-b960-4a81-9121-21c4ae7e951d,Control
93f07c5d-6f36-462e-8407-2008825c7ea7,Control
ace9052a-35e1-4182-9ec8-6393ad1bed66,Control
6982c39e-5fe5-4de5-b14d-62975ff9f6f8,Control
45cb1934-357b-4659-83fd-1f82bfa1b83e,Control
553e5121-5ada-42c7-a1b6-0a5fff35491e,Control
127bf1c6-982d-495c-88e3-cf1c9483b6fd,Control
158d8477-25fe-4169-bd2c-a1da7dfe668c,Control
892e5ba9-884d-402f-9545-239d40b6b22a,Control
57dc6483-bf1b-41de-a798-c98ceeca1107,Control
7338f24c-fad1-4ef1-89cd-daf67b2aae98,Control
4752a419-576a-4c39-bd32-09bb642298b5,Control
561a3662-9bec-4170-83ce-ba47e8953410,Control
6a4346e1-3e86-462c-bfa4-76fc84043362,Control
8e030521-f5be-457c-94c9-7c1a8d3d7f49,Control
8c5120c6-05b8-4d30-8e6d-bcb52ab67576,Control
57c10e00-8b4d-46ce-bf3f-b7a8fb79e4cd,Control
7d398282-04f0-4a54-a447-dc302566c89a,Control
61186545-99bf-454e-95c8-74a8e63d5e63,Control
11e2ad52-fb24-4234-84e9-06229e776f67,Control
181e19e7-2670-459c-bf32-32a8381d3cc5,Control
def5657a-f426-47bd-99c8-9384509afd74,Control
e7ed6909-4f27-4eab-b907-4ce23c0d252f,Control
4ffe9d1b-0a39-4218-a804-8112b30fb728,Control
64c219ef-eba8-4301-b154-21defdc0b725,Control
81f7dbc4-e4cc-426f-ba15-bc29a4037d20,Control
1317cc50-d4fa-4fcc-bb79-a2b13822d09e,Control
c641ceaf-5926-4907-9394-39ebc04af035,Control
92c9351b-d069-454b-aaf4-d35e186847b2,Control
44729825-88a0-4425-a340-c3df5f5b4b5f,Control
92eecc2f-4e8b-40e5-88f3-6f9795badd9b,Control
a8a7aeec-7138-42c5-a7ff-6442d641102a,Control
ed1c38fc-0335-443d-b933-f500159d3a43,Control
3317b129-b971-4f0d-bb9e-92b431b621f1,Control
54f8b36f-367a-4fa6-8ed1-41cf5b2e0919,Control
e809c307-8fd2-40e0-ab9a-f4e7e3bc756b,Control
789944e5-da0e-4964-935d-100e38dfccca,Control
e3fbfdeb-135b-4009-9809-e067b64e716f,Control
7bd1d58d-d466-40cd-9703-bd861269f580,Control
203e7dbb-7ece-4f8c-bd7b-37f0444b1fdc,Control
8298d2a9-6036-409b-819c-19a576fb0255,Control
4122eb70-d9fa-4fb1-b469-8194ceeb2088,Control
ceb57dc1-be4f-4e32-9c95-3724be05dd75,Control
a788a465-af13-4ce0-8423-edc29aae000b,Control
806b3c34-d598-4167-819e-4b9c12ad6550,Control
1dd3b68b-4290-44f1-b610-169d1a25860b,Control
91dc3423-99ff-411b-a7bb-31603299fa04,Control
a9d6f984-377e-4622-86c8-b5dc4b388188,Control
3bd1147f-8f93-4c20-b41f-6a1de740615b,Control
d76e90b4-b8fa-4e54-9d01-7bd15be3c876,Control
e0bfba8b-bf22-4ca3-aa0d-f94ac9d6c2b2,Control
ec962f0c-482e-4343-bf81-dbaf8042ead6,Control
6011685b-c696-4e45-bf69-252fbc0a0da2,Control
bc0c18d7-430c-48f7-9094-22434e135782,Control
23cc6965-38b7-4e58-9366-3ae1a5e5a05d,Control
544cc253-e4e4-4bc2-9fd5-109a933b52f9,Control
cd5dd52a-cba7-47cf-aab4-74732180e1bf,Control
d7e0cce2-58c1-4298-9a97-b53c763a11c7,Control
dbe3ed82-3291-4e92-83e7-c28fa32efe69,Control
a5a251fa-0983-4ea9-9a36-c3cc1788da9a,Control
704fd5c2-75e8-4815-938c-4617d178706c,Control
406a2034-7e4a-4de1-8e50-f3b9422e0ded,Control
5decf921-3f98-45cf-b3bd-90ac81bedb0e,Control
ed8a0548-81bc-473d-9579-e27ff7fd1710,Control
ef5128a9-5d93-464e-8148-98c763c2ba50,Control
59732aeb-b55d-403c-98dc-de22e57eb87f,Control
36019ae3-af26-4ee5-b497-a91d60aa6738,Control
f05c74ec-5909-4a52-a189-700c2a88364a,Control
04687707-c0fc-4131-a601-352ffd11c9d0,Control
1e42b20f-2eaf-408e-8138-b4c4be3167bc,Control
68150ed9-e328-431e-a468-b9c259a3362c,Control
01dfb006-62b4-4628-baaa-37e320e919da,Control
c3456b76-5046-4c8b-acc3-7ddaed1cab58,Control
203d3d92-5023-43a2-a3df-55c00188ebed,Control
b899ea9c-253e-483a-b0eb-551399e0131b,Control
8c08c530-0e97-47ea-b5b7-69f5dca65760,Control
21188cdf-22bc-4949-9444-0659e07809cc,Control
74ac9d1b-0078-45cf-9a7a-d9b4365d6be4,Control
1ba1189b-9a2a-4bae-8b66-8f788b35fb69,Control
5cd75b07-72be-4492-8864-852d9b5d8616,Control
db7f1071-4f2c-4e6a-880f-b37a4b16c9d4,Control
3476cff6-5326-4dd7-ad6b-b17bdf42a64e,Control
be76aa40-f6e4-4a18-9bcd-6a07750a1b34,Control
a9fb4cde-b55b-4b38-98b9-d0acd2ec1d82,Control
de7467e7-afaa-4765-8df5-80b0509def9d,Control
e3b91bf9-33b6-4ccd-b9ee-4d93e6e05a6d,Control
98302b9d-9a8b-4528-a9f9-e79f95e48a8b,Control
0723689d-aff1-49b9-8b8c-fdf66c1c4574,Control
a347b8af-abe8-4a40-a002-b8117af25e1b,Control
332cd3f3-4578-404e-a3fd-c7185d824369,Control
cf80204a-3b35-4356-8273-641f8f64fb73,Control
acaac246-ebad-4219-ad55-2ed05aa3f98b,Control
68367000-f350-4e41-99fc-51e25e29b004,Control
b5faa94d-28e3-4011-b086-5342aa4a5751,Control
3c6a51fd-87e2-4f3b-90ca-5ee19a61e14d,Control
6657f188-0242-4bbf-b638-734959a1a13f,Control
c77d6ea1-caa9-4b98-9028-79a6fab2cb8b,Control
ab35676e-a990-4d41-8b7e-719d25a52b25,Control
f373e847-4f95-4815-993d-f8c7646a0a50,Control
bd27d28d-3a16-486c-92f8-d2fcc7357244,Control
f52671e3-f653-45f8-982a-d075977fc76a,Control
fbf18728-ea66-4d0c-8fb4-397402e1cb87,Control
c468c3f1-8f00-4397-a7ed-fb24303b0e20,Control
ca30d9b5-7c90-4f7f-a361-b1d0e34106c5,Control
bab9dcc2-8f96-417c-a6ea-120bf8e1998c,Control
bd1a3bf6-3f9e-4704-a0fb-70aa5c12a679,Control
80daa403-b7e8-4cfc-b706-f21c5363c665,Control
38d4e686-0dd2-435a-af55-d7edfc8ea6f7,Control
33c19a2a-747e-4b77-94d1-068a4dc18706,Control
4e921e8f-ed2c-41e6-9758-f41f457ee98a,Control
cac8aa56-767f-4214-8800-cef2fb6da746,Control
0f40dbd3-0369-4733-9b98-597ab8219a21,Control
457af7de-7116-421b-a18b-5a58899740c4,Control
86428c26-f5df-4ac6-9108-e18d5e5a56b3,Control
a1f66001-7b67-4692-8776-6b40f197c43a,Control
aa6284b7-4099-4099-9838-09d52c9274ab,Control
f3e09eef-c670-41a8-9f63-5c6cf520a3c3,Control
213db177-fe9c-4c46-9355-ff2a032f8b90,Control
16b6ac89-dbcd-41ed-8ea5-8e01618c2e6a,Control
0fef5cdb-97c4-4260-915e-a2bd5c68a308,Control
aa4af499-81f8-4d1e-9497-74021a83c7ee,Control
55099b04-d547-4c16-9d38-62d4d1eafdee,Control
13638950-63c0-407b-adee-c12bcdeb10f1,Control
ff5f084f-8a5b-4858-a6bb-821fb5500344,Control
2b2ebc8b-5db0-4511-93ce-e2fc0ee1ab5e,Control
65f4e235-88b1-4c9a-b5ae-15408007f387,Control
daf8167e-e1d3-48d3-90b5-bea8fb6c743d,Control
9fd595bc-1a23-48f1-aade-99761e37a3f3,Control
ab7a223b-99ec-4fe7-a8aa-b433fdb87a17,Control
01e7b680-1123-478d-9124-450f1378840c,Control
a9bcb20c-51f9-44a5-abd9-b38e08dfe958,Control
6d5f004d-baa4-46da-9011-57f90ff876c8,Control
5c942d38-8396-4493-ae9b-d47ec3a13665,Control
d8520958-01c0-4a70-ad5c-6a8a52ebc868,Control
b46b7eb8-4597-450a-9344-9941298d8093,Control
7cbd04ce-d625-4a6a-89ba-769381c01762,Control
e9fa1fe8-77ca-494c-9f35-a134e4d4710e,Control
b59c3b1d-8723-48c2-b482-7e26d098eb9b,Control
ff9bc2a2-9e25-4f6c-8b41-8a1f4d391589,Control
d123a735-9efe-4da9-b865-00925ca05076,Control
c3ff7492-6040-4622-b0eb-c7ba9757bf25,Control
6f3ccdb0-a57f-4711-8bde-a0caa152fa50,Control
20438439-2a65-42cf-bf3a-7969e33c09f4,Control
ddc80c5b-28b7-461d-8b27-21ede072ab9f,Control
1a18cec8-592c-4e0b-84d9-ca97daa516c9,Control
3a37648e-2809-46c6-b8c5-1ffcaf951e6f,Control
da04c1f0-16ef-42a8-922d-0d62d64e15c8,Control
84c9bf29-11f9-4a8b-bf7a-0f331ec99770,Control
99d596d0-4b38-4360-82ce-624e1e79c7e5,Control
8af3f739-828c-4254-ac5a-4765bb9c905a,Control
16b1ee6b-6541-4449-b577-c4c5e124cb8b,Control
cdf8794e-6f47-4a7c-b609-aa088726f24a,Control
54f150c0-b1a6-4d51-8186-ec91e8a9aa30,Control
0b1a24ae-2efa-4a86-8c4b-f9ec58506fc3,Control
fb9c308e-720e-482a-8b9b-be5efc658f68,Control
ff9acf01-f23e-45c0-8eb2-01f80beb929a,Control
e8403959-6a3a-4339-b50a-f47c62272f80,Control
84b0e390-85e8-4994-8eb1-e680411fd3c9,Control
0b32f1ff-5597-4607-a230-61bdce13b089,Control
914226ea-d832-4139-9699-2ec043e29ff4,Control
bf858d0a-3a09-42e9-8038-d45cacacb3af,Control
048cfc92-4431-44e3-ac91-a5e412986a7b,Control
274a5fc5-b74a-4257-acb4-b3334ade7606,Control
e0e90c4f-ae6a-4b58-901b-c2ced06807c0,Control
259fdd92-0555-4a11-b2bb-4554ed3cf785,Control
f48f307a-62b9-4ee4-bfc4-321914962e0c,Control
c841b2a4-e4ca-4f8c-8e32-4bc53a649d26,Control
ce97cae6-6fd7-4e14-86fc-72bf935f0d6c,Control
2c40d89f-0df9-4851-a8a4-323705f87304,Control
3a77e259-92fc-4200-bbe0-4105b75f02a8,Control
2e36eb9a-6bbb-4da2-90c0-c0d706a49945,Control
70d3cdf9-95d7-4370-93fd-07cf239e5dd5,Control
eb2f7de7-e90e-45a2-892f-550001009c16,Control
8e1a6756-66eb-4159-a804-77ef0ba572d7,Control
bf6aceab-fe4b-4dfd-baa7-96eec8076f06,Control
4082c79a-97f3-491e-8263-96017e8ef7e6,Control
3eaab23c-a2ac-4c12-bbf0-438d6d13d6fe,Control
1b960afe-2620-4c74-8706-e68e35d4593a,Control
8503d225-94a3-4ab0-81f4-8109f50e98ba,Control
2659e8a8-e8cd-45e2-9f6b-07e88ee369c7,Control
4ab476bf-aee1-46c9-b72f-ab1407f56f5a,Control
612a38dc-5572-4709-9c27-2ec76b02a2a1,Control
79140cbf-0f71-410a-b948-b01ad18bcc4c,Control
66f59014-5ff2-49cb-8f1a-177e6f9635e6,Control
2bf963d2-fb6a-46e6-96cf-b9402fd71844,Control
7569d4b1-139f-414e-9247-9b3b1e9fbc31,Control
e00ad599-d24b-47f7-a9a0-dc4075d1788e,Control
56d8ffcf-2f97-4111-b033-b3e1885316a1,Control
36e2b7ed-9fd0-4974-96dc-9f1ba9ac0764,Control
e1ab3407-06f8-4e0e-b3d2-46cb784330b5,Control
9986f4f1-0565-4e42-8176-7360db7bcee4,Control
0554f3d5-2d66-4960-8a10-b3f97276f0d7,Control
5a1dad19-0729-4bb7-bfde-15cd60880212,Control
f773ae27-99fa-4ade-b9bc-b3f8345bf820,Control
60894e39-aec9-4f11-ae71-7e26c1becdbd,Control
50feb73a-d228-4cd2-817f-84cab9ca0f3a,Control
cd5f11dd-5467-47a7-adac-213dff8d50fd,Control
11f01efa-41cc-4501-865e-9398f36a23f9,Control
8d351189-d049-4394-8561-a8b427284159,Control
529ad6c7-2679-4e8c-a4a7-47a0647c0144,Control
45b20cfb-83e1-4ec1-9b27-0a749d43c884,Control
04a9af0c-8a84-4ac8-89aa-eda069038a09,Control
49755210-fdb2-4439-a633-55a2f65ff56b,Control
eb1a08e6-6352-4f92-bf9c-808ca91590fb,Control
8404ff22-b502-4ed2-b22d-298caada1f2e,Control
9263bf93-f03a-4426-8cd9-be71995db130,Control
bc4701e5-3151-4b31-8603-fe7b4f4529f7,Control
1a0e8093-5194-4eae-a50e-763f2eb810e3,Control
93d02a55-1043-4c20-8f47-0cbf1c5eea73,Control
266feeae-4eef-4fe6-9738-d24c6ec40b45,Control
1141c0fb-d7ef-4c16-9b22-ab01348aac6b,Control
15244285-629c-4553-9128-48ef922c8db9,Control
0aa6605d-7b36-43d0-bbc4-31f9afe8e2ee,Control
5db11012-bc7c-4373-83d1-11141defd80c,Control
27772c18-4586-424d-bbfe-701576c22ab0,Control
946f2e3f-33fe-4bfe-b284-d8fa91c396dd,Control
4037efba-437c-4e09-ba9f-9cb4a7f4ccd9,Control
1635b904-bba5-4389-97f4-90b0be8d6cb3,Control
ffddd4de-f8a8-4e30-ba49-f7ec2a1b7c2d,Control
ab02b0c8-4fcb-4e1b-a129-519f1e522eb5,Control
3ef364fe-5fb2-4c6a-b177-2b83bb367cbb,Control
bf549786-0518-4e44-9fd4-fc97f6c2f8c5,Control
5d706d6b-9fff-4470-bf5a-7c4da269667b,Control
2ee7220a-384f-44d0-855f-deee35dd3451,Control
5b6f0704-a7eb-432b-9e41-a22578bcfd93,Control
0a744127-c553-4a8c-969b-896838d1b054,Control
1cf25180-320d-45a9-9ff0-47abf5a4f6a2,Control
0ca0dc29-8389-4331-b462-0259b113256f,Control
e5dba29d-9a75-4d70-90e1-caf9bb103763,Control
0d7bd90f-9eca-4ac0-b9c1-ac43d969edda,Control
450e6428-2070-4a33-aed4-df391f33eeb3,Control
9793c65f-bede-4694-a093-ddb1d85d821c,Control
424030db-4f84-45f3-aed6-72a3ba98c6af,Control
79f1c74c-389b-40a3-9bd1-607839fd1af1,Control
a4b775ec-52af-44cd-baab-908cbedae689,Control
ecc34f65-71cc-43c2-a6cd-b61d5c893f3f,Control
b3b6e47d-063e-4840-ab63-d3442b5e19c6,Control
c4bc62cd-edb8-4a88-a3ed-0ac7604d2598,Control
bcc09b3d-032c-4c67-a9b0-d36b5255900a,Control
434b34a3-1e0e-4e55-8238-70f782e8151a,Control
b3e2a528-38c4-4394-b311-2a199836ae19,Control
35de0bb7-4239-4449-bd04-5263cffc0076,Control
4b4af3fa-c1a9-4f1f-b6d8-31d7b3894939,Control
326d780d-22b8-47f7-8ffb-24a6da57b535,Control
a6b17c4f-9ce8-4722-82c1-8377e89f3bb3,Control
382fed60-0215-4ed3-af7e-771093dbc8b6,Control
dc34f004-7d0a-40c4-94de-4359dbec236a,Control
66739789-1b67-4fe2-8682-82f6c6dbb680,Control
d0d2d6ac-95fe-4731-af9d-973c8e5d9150,Control
e5150b04-4719-4b7f-879f-b3d690c0457c,Control
85f6e148-8d1f-4045-9456-eae9ff8c1d8d,Control
3b5b2b72-819c-46e1-8f7e-193d624e70c7,Control
10301987-2a75-411c-be38-61a8fc8957f7,Control
e0ac103c-fecf-490f-992c-2d0754fc7e16,Control
7ebea6aa-8808-4ea4-860c-146e99996256,Control
02ea406a-4a5e-4be6-b2cd-a8df42f9f7d8,Control
b4582d3e-a766-4057-b6b7-db3c9970c02f,Control
b999823c-3c24-4bb3-b1a3-f78ed56f3204,Control
8cc6f479-3305-49aa-a94d-9bb160f70412,Control
6a114089-4337-4e65-864c-3bdc65eadf97,Control
566e9379-e2e0-4e00-93e5-a18fc15505b3,Control
70003be3-32db-4972-b0e0-fd52f762a0bb,Control
c029c988-7bcb-4ee0-8b20-715fef9f6716,Control
2373a614-3911-4cab-9c95-d7ab9e9ec9f4,Control
efc1ddc1-2fd4-4d55-ab84-1f059fb66efd,Control
1842e163-d1c3-4c3b-954c-4e9dd6260f93,Control
a3005e9f-ef45-43a9-a966-867576e0bfd8,Control
f91fc39a-f5e8-4ebc-bbca-f03ac2b0cefb,Control
5d961540-51ba-41f8-903f-23b2fd51e547,Control
7281d116-24a1-4818-a9f1-3ef0b3af0588,Control
1012de59-d81c-499b-8bb5-b11f387a326f,Control
ae7cc327-5abe-4de2-a4eb-d1daaf1756b6,Control
77cebee5-ede6-474d-8717-5eca664856df,Control
ba3042fe-62af-45a9-97fc-8305291e1a95,Control
c7cf7829-27f8-4189-b50e-5eb5086f8cbe,Control
0c321f89-04e4-4fdc-b267-79f124a11931,Control
fc9ac07d-3909-4f6e-893a-c0ef5dd327f8,Control
104248e1-e8c4-42a9-aa4a-562afed76f81,Control
430fd020-91c2-4465-b014-264df1f3cb10,Control
6535057b-f443-4977-9435-28d633a2fb03,Control
293820d4-5f83-4cdb-81a1-d3947ae2eb6a,Control
a0fd4420-c8ea-406b-9a5c-28038f05c2f3,Control
76efca19-f2c0-4ad5-9488-a15e48b6d79e,Control
b478eccc-7558-4f30-907d-1695ff89f942,Control
0e65b84f-2f53-43db-901c-f130ac12a59d,Control
e41dea13-7881-4bce-8c35-7758b4533b88,Control
ac5f5058-9ddf-4a63-958e-db4ee2ac0056,Control
d5775781-492f-4ecb-a661-8278ac4b35d2,Control
e9e08168-d04e-42ef-9442-b19beadfa24d,Control
8620458c-9a0b-4710-9c75-40ca943d5534,Control
ca4beac8-0a2c-479f-a667-eb0ad3aab699,Control
f8d8fc99-a95f-4326-ba93-746700f8eadd,Control
2a929194-13f2-4f84-89f0-a7b2f356fdf3,Control
a747ee01-bf3f-4ad6-9f0e-f67320f687c4,Control
9c2b160e-1ee3-4694-9e1c-706eda81845f,Control
fa600e11-0efb-42f8-8aea-18e2b4ce130b,Control
70f5bd5c-2a25-4a03-92c1-87acc4c18ebd,Control
2d234210-9263-40b5-abeb-0a13a90a92fe,Control
5b0276a7-feac-4f2b-a941-4ea01c405389,Control
b5dafc2b-f0fe-4b11-9d3c-d4fe4933e065,Control
a8f4cabe-3151-40cb-a4da-bd2ab265df63,Control
f6ecf7ba-485f-45ca-9ad5-d3354c57d27b,Control
fd896ff4-6854-4dac-bf67-64bb5b225c51,Control
13d34ac0-d3c8-41b1-82f4-ab670678d8ad,Control
0308a42e-43c8-4b1a-ad09-8e1c2f2797bc,Control
18f75916-1a65-414a-a566-fa05f68a7c88,Control
041b5fec-24b1-49ae-9a0e-8587831f90fc,Control
b9270d4a-a266-4fae-b433-55d83ee7e712,Control
c4372ee9-7255-449d-8e3f-f8df36c5719f,Control
4f7f982c-5500-45ad-ba88-4b719eda0c09,Control
b1a89f3f-f0bc-46df-945c-f066e6be6aac,Control
33bcde4d-da6c-4941-81f7-901fa4a0fb1a,Control
86707c8b-a5cd-4c18-84f5-85cc045572f7,Control
8fcbab96-2476-4570-bb62-e0e78b633fc9,Control
c61ea388-61fa-4cf8-a728-301e884a4ae3,Control
78c9556a-566a-4ede-98ef-2235139ebad2,Control
3e9b89d7-6f6b-4c06-9073-1c90c938d2f6,Control
ebe26750-c3fe-4da8-b18f-1b484c0f1e95,Control
11458988-baaf-47d7-8591-640da819c96b,Control
c78cb25a-382a-4c07-b2d5-07a2f7be34c2,Control
b1a099af-8476-463e-9e36-0223fff7c485,Control
11ae667e-bcc6-471b-bf9e-22bc7ec0b238,Control
cbc36fc1-cc47-4451-b54a-13a975e070a7,Control
1f6264e4-58d8-4b69-a1b4-c178e2c91480,Control
b40c2924-1e39-45d0-85bf-20c7ae78cb49,Control
263c21c2-3ca5-430c-a1a2-3af5669674c7,Control
0aa7939d-1951-46db-bfad-6ac79f0dd8e8,Control
115ca07f-8700-4c6c-b0fa-68606e5424de,Control
2c443567-7199-40fd-bd27-47222e8a092d,Control
2a013c89-406b-4303-ae51-e1fceb8eb2a3,Control
2d65305b-f8f3-48f3-8695-d1aa51a1627a,Control
30331349-0c8e-4c1f-b482-5419280d1a68,Control
d65107d5-c314-40a2-9205-accbbce9c909,Control
bd5f041e-20ce-4206-a20d-ed2209337b8a,Control
c099ee21-3571-4613-97a0-a11a38f0b889,Control
4220dd8c-d3a3-43b3-b9aa-6a754d4fc242,Control
234821b2-d98f-4d1a-adab-2e8e64392b7c,Control
140198e0-fd39-4edf-872b-d69d0236e36d,Control
3e4a81e4-9a38-41c5-b7fb-71414a0470fb,Control
ec66d148-58db-4a76-83bd-6b64806cfd44,Control
2cf5fb26-f696-483f-bbba-ff75b4483df4,Control
01e265d3-ae7f-4515-9fc2-972ed0613bd0,Control
3b35e1f2-a608-410d-866f-90bea22974ff,Control
31350a0c-45e4-49ea-b6fc-3907ecb5e7ae,Control
1b6183dc-c303-4f61-9f27-0900e58cc9d3,Control
7ae68022-89e7-4e23-a68c-a08ceed52324,Control
df1d9a15-7421-40db-838b-e7d15fa76c06,Control
b0765425-534d-402c-b98f-04ce2e713f1e,Control
ade643b0-2b2b-4f80-bdef-8b52e799ecbb,Control
06ce6160-2f33-46db-889f-27bd49740943,Control
ddb9149a-29c4-4100-a92d-52eadfd6cba0,Control
af5987f4-d87f-486a-b3bc-00387da882d5,Control
4dfae672-0f5c-4a90-b87f-c64c4431b3c2,Control
9a0922fb-9ecd-4212-bae8-7aab1c45109e,Control
6e754690-6fa7-4ceb-b0c2-4ea0d4ef6c5d,Control
676b6712-5030-43b0-9239-c6f59bdda1bc,Control
e5ab7b34-5d57-4770-9f2e-a17e96a0c3a0,Control
beecddfb-3d5c-4522-ab86-83fba7b3c65b,Control
a5ce01bc-030c-4ca2-824e-fa53602c6431,Control
071899b6-3270-46c2-af32-8f3e94c9f3ca,Control
41b4a6d4-5905-4b04-87ea-f31827ffa396,Control
6e203f13-9adc-4532-85a3-6f41070a0797,Control
8b2e8d8a-6163-406d-b9f2-39eed480eac0,Control
e8109a39-1636-419a-93f4-61d96765e4b3,Control
25966356-328b-43eb-9688-9c9e75b3db14,Control
f2b44fc4-9c2b-4827-8b20-90bb85340236,Control
3c11ba7d-abd1-4539-9bba-77503f5ba10c,Control
d1be181a-00a1-41b8-9603-735ab8d75e42,Control
94c130f1-754b-42a8-88e9-e145f6814055,Control
0b7e99b2-fcf3-4dd2-bc4d-a550031acd7d,Control
c6a1ca56-dea1-4075-8651-f4e3a778e764,Control
14cdfc1d-c3b9-465f-8512-0195818f2e9e,Control
e7a1d262-0d64-4949-b19c-1c2510fdb739,Control
dae14fdb-45a4-47ef-b0a2-5585bcef1842,Control
5e92b413-9cf4-4c9c-85d9-f598ac8d3129,Control
ddf21eba-3241-438b-9617-9a08a940524d,Control
2b55ca32-535d-4e3e-bd68-50b3a720ab8a,Control
b257db0f-eea0-4386-97bf-ed4e0ec8f99d,Control
5c3645ab-6542-4a92-b21d-d8ebda6c456a,Control
2635ed16-2d5e-4609-8056-f0563eccaa77,Control
54d36253-d6f0-4827-bfd3-0890f0d3d273,Control
dbf9b8b8-7bd6-419f-a6a9-f4556462a038,Control
3df0bbde-4914-4c76-a80f-e91b452b678f,Control
01479efc-9907-44a5-b555-d90532c92689,Control
49ddff1d-bf78-414e-b8a8-1d3dcd7b7baf,Control
1192d4d4-d136-4cc4-ac59-00f9a9b45080,Control
40c30eaa-8238-49cc-9f38-3b649975b3af,Control
f01b3098-62cd-4a80-9e76-ccc8965c9286,Control
0f45db48-5d0f-45cc-81d0-f662d8256762,Control
e1595a4c-82dd-4cca-b8ff-d883880d559d,Control
d017a96f-401c-40d3-bced-c957f3487dca,Control
ade877c0-0009-4372-afb6-1350d2fd7d67,Control
9cc47f09-2137-40f7-a4b2-fe1063e81622,Control
06de01a8-823f-4c0d-bb4b-c60544753a04,Control
1b9e9db7-a8cf-4b78-911a-3d2336342295,Control
cbf785ab-3aaf-4b34-84e4-7bf0cdf54a3c,Control
04f7e493-42c2-4643-8d36-42b90dce5910,Control
b8bcfc17-3282-474b-b214-279c073f9f84,Control
2d1e94d1-421e-4081-a5ea-85ac1de26b89,Control
345c3e0f-795e-4223-8183-ad4b4cd2f076,Control
35909fac-a06a-48e1-b0a0-297a88fa7f4a,Control
aebde295-4a28-4da1-afe8-c53384afcebd,Control
f2bfa002-62d5-4328-870b-b69aafec4327,Control
939413ac-0816-4b6a-829d-3cac33be7212,Control
f0d4da3b-6ac7-4f2c-bae1-549d6d3d5ba3,Control
4f759a2e-822d-4679-9dc7-ab48bc81bd25,Control
4a4de2af-e455-4887-9642-918a4fdb48cc,Control
f2bf014b-5cdc-4041-b5eb-e5bdb1a7a7c8,Control
fc2a8d52-a748-4c6d-aa23-312e87141314,Control
7b629a09-2f7e-4c30-895d-95cac671528d,Control
e820bc1a-16a3-4704-9076-c1ee902bf7cd,Control
4dba2426-73fb-4e01-9234-6e67c050e999,Control
fb43cdc8-c87a-454b-8ee6-3b4b4f0032e3,Control
5d06bc3c-a09f-49fe-a27c-b3e9aa2fbec5,Control
11d51cb0-2106-42b7-8791-60135a3ebee9,Control
37a92f4e-20b7-4a54-9c01-34af41afcd7d,Control
b93a562b-5ebe-48f3-8c1a-86f5d8141c77,Control
68e1fb4f-d6d2-4b5a-b8a6-90a27bb67301,Control
dddfdd74-b49d-46c5-a55c-c7f20f40a826,Control
41a3c9ac-0592-4cc9-8391-b74a9ce833ec,Control
ae96df5e-8e7b-4839-8939-f5fd624af9ec,Control
0ceb06b7-f4d1-4d15-8326-8e07f17da6b0,Control
920efb64-46f2-4efa-8a2b-d6a9a23dfbf6,Control
705d1167-44ec-4946-ae5f-36fe84f14782,Control
5185d43c-baf8-4298-aec1-c8d57dd0f181,Control
c66875a8-1713-4810-80b7-4fadaf256093,Control
fb984249-9766-4311-93de-55276fd34739,Control
6b5e581c-a89a-4469-8fbb-1a653568e3e2,Control
4d7ac508-5aa0-45da-aa0d-dc0c651b94ba,Control
9320d368-5a4d-4406-bfdf-0dae236a419e,Control
fc7d6385-c2b5-4d8e-980a-ba7e052302c6,Control
df82ccd3-1501-4d52-89bc-1e5d77320ab6,Control
23bf82c5-e3d7-49ed-95c3-588367d75961,Control
f5357984-5b44-4a43-947b-68958b7eda39,Control
8f02f569-9c0f-4fef-a868-007695601dd1,Control
59d99f4f-44d1-401c-bd43-8b04b4675476,Control
664c478a-4e8b-467d-b3bc-51b527fa4c9e,Control
8f71fd5c-c991-42c9-be72-e0cc86d7c92b,Control
a1c7726a-321f-42a3-a611-bfa23042cadb,Control
9ccb4281-b1a8-46d9-9994-f7e2e81abb44,Control
e4e2688b-9082-4243-afbf-1b7e1643057d,Control
34e9f8f3-e9be-44cf-bc4f-e24cdb56a178,Control
d0b72c0d-8acb-44d9-afa6-1648f542eb1f,Control
718a4805-5e0e-40ce-94f7-16b90df6c3a5,Control
52ddf89a-5abe-42b8-9c66-af83008ebebc,Control
8844f027-b1d2-4b14-9f1f-66553a630fa0,Control
dfde7043-e315-4377-abae-c2bf21d6dfa1,Control
bf1f177a-39b6-4681-9411-b9f961c6f9b9,Control
4709cffe-9abc-4388-898a-e1accc809a92,Control
95dc08c4-aa2d-4c4e-9e57-3185962dc7fe,Control
5ca1d037-6883-4dcc-bdcd-c85bd9dd37f2,Control
b1a1a916-e2c7-4e45-8671-4f5b64cf6380,Control
3d1a4998-1573-47d4-a0e9-a8305ec2a9c5,Control
511d310e-d48f-4f81-ae94-8adb1cc82ed1,Control
bb56ed31-aeba-4bf3-8d09-23da1cf9b2cf,Control
674e7925-1a13-4b12-b33c-1de7ff6330f8,Control
ae16f64a-52c9-4734-91bc-6481c385958d,Control
00f03ea5-5cb9-40a7-9efc-a235c29af33f,Control
f381ada3-b537-4a58-9b06-8bd725bb5e21,Control
dff4e871-616f-4440-b65f-60d564140502,Control
ba4073c3-e91b-473d-8d31-fb986120fd9d,Control
69fc2986-eb0d-41e8-ad8b-5f38d465190d,Control
343507e0-e44c-4207-98dc-4e89faa78e7f,Control
430886b3-1fdd-4445-b8b4-0ef91bf0719c,Control
5877f411-efb7-4d2d-98d1-75794d95a909,Control
4ada64c1-c07f-41e6-aa1c-150f5542deb0,Control
1060f16f-5095-4330-a031-161fd9e56807,Control
f7c6d5ab-6018-461c-a7cd-70afd4dc6a7c,Control
020ea257-0387-4591-846c-659d5e6fbaf3,Control
d59b6f9b-66c5-4be9-8b76-73a1670c5b8f,Control
8ab19eb8-3542-4655-ac84-6a4c3ca190b0,Control
ae6710ad-513c-4a0c-863b-83033438cb22,Control
804b03e3-39dd-4353-ace0-c6fcacd710ed,Control
41be93b2-672f-4cbe-ba51-022d869a747f,Control
fd1875cd-0f5f-4b77-a630-f2f75a4f4c56,Control
098cb718-62c9-48c6-bf2c-251ed1e6acf1,Control
8e0bb767-160e-4ba8-8b7b-7d1df7d11ab2,Control
7133342b-93f7-4b22-a50c-6afe1b3796c3,Control
3f6ec6b3-e810-4520-a015-95bbfda268ed,Control
ceffee40-41f2-4e23-97dd-5fcb9713b226,Control
8e0cdecf-4845-4bc5-8e9c-676604df03bb,Control
68faf78a-9490-4d9a-b21b-fb95a15443cc,Control
91e1d7f4-738c-457f-a485-a6fde5952d23,Control
d4fb6d87-1668-46b1-8c1a-86be83e97d13,Control
b5e818e3-c856-4c21-bb85-30e424d4b677,Control
8463f045-99f4-41a9-9d06-ac9d62c2303b,Control
bd6198f6-c9fc-45bb-9cc2-e5f2473eadf3,Control
9c67ed44-1455-490d-810c-4c5d14cd11db,Control
57cdcceb-324d-4bea-b569-5795cf6e2d66,Control
78c0a662-ebce-4228-9168-2fda7e8f071a,Control
95912161-7f0c-4cb4-a450-d05377396ce6,Control
2a241a40-4176-4ff0-bcca-cf3c7368a7db,Control
3bacab45-db54-4b06-82a4-44b9a2b4a79c,Control
93c150c6-27ff-48a6-b29c-ff2071da486e,Control
10ec35db-fb73-4563-adbb-e74e59e489e3,Control
6241ee69-31ac-4b75-b312-ab6f25950577,Control
2381cfb5-d295-49b5-865a-777a46b2413a,Control
4a0441c5-508c-43c0-927f-3cdafc54f806,Control
5b63dd9a-a327-4904-be95-b0696d3e8908,Control
40b039e6-75d5-4fd6-aee9-c13756e5397e,Control
ab8443ff-7b15-4184-896e-d033bb6f5be8,Control
9a725be2-c743-4bdb-a69c-283ea55c20c5,Control
24d3b7e8-27df-407a-8d4e-1fd560a208e7,Control
fbca7ae5-e2d8-4bf1-b454-7593d4f684de,Control
2edba0ce-0d48-4b77-ae4a-f9f5baf8389a,Control
68666c07-70bf-4193-87fb-6a1a348cd0e7,Control
65eb639d-cb7d-4963-a5b5-532d6feacb57,Control
154d27f2-083f-4871-ae13-977db7e403b9,Control
93b8eabe-2565-4d70-b866-fb98b10eacda,Control
1d9a26df-2dad-4ca3-b539-3fd7f13b7258,Control
79ec05c8-b299-496d-929a-1457e10640be,Control
dd1fe4bb-f4e3-4e30-997a-859aaa6a9805,Control
0581cef0-72a0-4198-8e66-fe9468368527,Control
02af275d-1afb-4e42-ac8a-cc25d085a14b,Control
3976d900-bc80-4fcd-b9de-c2b20a01837f,Control
0d9cd121-f5d2-4350-a940-0615281649ad,Control
58fa18d9-c2ce-48cf-b738-225b34f41126,Control
e4a6a2e8-8df6-4b73-a1b7-27fe70d38562,Control
bf7660be-1179-42b9-bc0e-8568d146239a,Control
c1759d90-ef5c-42ac-817e-a983471627f9,Control
1fe9dfbc-6a46-47fc-8d04-9719e2b05e96,Control
7e70467d-f010-4dcd-9a49-1b5893277670,Control
5c90f1af-664a-413f-b519-93d7512e1131,Control
ce0d4874-3ae2-4819-88b6-246819acf85e,Control
aa6e36b3-e491-435d-a10b-431d9029a71f,Control
50eef38f-d91b-41f3-b17e-a0f9c3933f2d,Control
8274abef-827e-4e63-b8e2-de95e1a40b3a,Control
95a86479-eeb5-4712-b13a-f8761ebfedb6,Control
b4d6cf41-2cab-4354-863a-41ba4fe1ddb6,Control
32f99056-dfe3-41df-9750-ba0d688e0c61,Control
065332dd-dd91-45a2-9cb9-803b411aad05,Control
9ed0ff08-9d32-4b35-b097-b5510e741273,Control
b107da09-8e4d-4028-9f8d-1fa50e4cf91c,Control
05a55d92-d491-49b4-9e59-6aa28e5887d5,Control
1fa794e7-c0a4-4096-8306-7e4c55cea233,Control
06aecec1-1480-48dc-8563-d719ebe271f6,Control
3bcdf3bd-6625-4aeb-9a39-59bf6ddac952,Control
10d3d270-94a0-4c32-bec2-b1870a50a7d1,Control
291e48b5-4d46-4d03-8697-8b596ecd2736,Control
be25227f-387c-4100-9112-0a63e3a82600,Control
0a624489-f1d0-4767-b07a-16f2287c12f3,Control
f1f07305-8f31-432a-a1d5-2c5e94627779,Control
2c0ebd6a-cc7e-434b-8bfa-b9a687ffae48,Control
6f33c57a-9dc4-480e-9f7b-6fde2bdc02ee,Control
a9b15f76-23bd-4d4a-81d7-45fae97ec3ad,Control
3774b39c-3653-43be-9c94-a1df22a27db8,Control
0aa97a39-37f3-4fdc-80cd-34169f264d4b,Control
e487710f-ae28-4dc5-9c63-4c656a180878,Control
5545ca25-aef9-44fb-9b8c-44b1e687db2c,Control
f834c75e-3c15-41aa-8954-0bf730bae58d,Control
aed60cda-e7ca-464a-b452-073b2345855d,Control
06491b7e-f584-40c1-a347-b8dafa58fc68,Control
00848955-9810-4303-af39-edeae25701de,Control
9ab8eac5-6cbe-445b-93d4-7357fa2d0b0d,Control
da5e68fc-6395-4579-a071-fd633bbc93cb,Control
029b039c-629d-4947-9f01-2278aabc8ef8,Control
1ed8b02a-d94e-4384-9b49-fa7341627dd7,Control
14f0eba0-d44b-4863-9ec8-491583772cf1,Control
36f2a821-e7ee-4cf6-a8e3-84745c089549,Control
610f217d-bdb6-4379-83d3-9229694fd779,Control
185c006f-f222-4d25-9d13-e1ac894cf830,Control
b0f86d88-8094-453a-b44c-843188725668,Control
bae9a343-3db6-4a13-ab53-db46d85ce7a8,Control
e671bd8d-53b1-483c-b075-ee65922e9f0a,Control
b38cc35b-521b-4e09-acda-cc48e52d879d,Control
2b266102-ba8d-4886-b4e7-b4fef5ecfc32,Control
b6e70297-0a09-400a-bacc-54cd56357901,Control
5e8bb21c-5065-481f-bd01-0d8d1d62cc4b,Control
18366e9e-99ef-4e8a-9eba-32e125889ede,Control
2bf025d3-f819-4f9a-b9ed-ad77c17ee8c7,Control
e57245b5-fba4-496d-8a4e-6d5cc4d20a88,Control
ae222f12-c750-4715-83dc-63c25669ff8e,Control
7020ce69-4403-4ef0-88d3-c0d8f2526f9e,Control
a69cfad2-4df9-419b-9183-1d4cb07cc568,Control
b8f2847a-cba6-4949-97d4-a0ef31eeb517,Control
594d349f-4797-4c9e-931b-7b5e8960d51b,Control
49378928-16cc-49cb-9b68-7f86b4aaa368,Control
6e45b61b-10fa-4b32-a521-f067ffac9764,Control
cb292fee-08ea-4f8c-82cf-15dcec2d1cca,Control
f6a31286-71cb-4718-ad5f-02386620fa37,Control
fbd273b4-b344-46f3-8546-3c8dffba1509,Control
2bc378f8-46c3-4055-a782-552237b2ba35,Control
7d6089fc-ea60-4921-a6c3-aab68c0d35a7,Control
79d2af39-9123-4b54-abdd-3dafdfa7b246,Control
0bfc0e39-656d-4a2c-8f59-f6117595c395,Control
44a1ec8f-02ef-4aee-981b-b2fc8a227f05,Control
187b6aa8-1fc0-4d35-b1fd-d6a0a9d478a1,Control
67828586-2e5d-4a75-b227-e704dcc04a77,Control
41efbd1d-ba9e-449f-ae64-7af80877dfd0,Control
b39b098c-0839-418b-bf28-93bd45e01e52,Control
74b9ebb8-8db4-44c3-81ce-3637472c1251,Control
184c30bb-c24d-43ae-af32-4accc17934ac,Control
127be117-4b34-4f5f-ab87-d1f9cede4ac8,Control
3663dbc9-6512-483d-b044-c280d0bbea61,Control
4768cda4-e796-4fce-b152-3fcb56f4fcc3,Control
4140aaed-bcb5-4303-9dc2-3135213a7798,Control
b9e682c0-d0df-468a-81b7-fd5e8414d858,Control
b8ca91fe-e31e-41c3-9106-d4298f7521c2,Control
79cc3f08-a513-4bec-86f0-dde452310331,Control
08d42ad1-7c01-432f-8f9a-dfe7ebddffe6,Control
aa5a80db-97dc-4764-9b9c-b20893d26b79,Control
0a9f9b44-9433-46a1-bab8-7dd21767374a,Control
b2f6ee23-099a-4ff5-ba25-07c810ca540e,Control
e515840e-4ca9-4094-b934-d9787a8765fd,Control
b3bb07e5-78b9-4957-ac3b-e82087f74d95,Control
ab534300-4779-4442-9aef-1303df4bf879,Control
90929559-2930-4a5f-af55-a86dc35e5d47,Control
f17c7860-ff47-46c0-8a88-ca32d6cb85c5,Control
ff8adfb3-f390-4381-af3d-8ac0324f9cbb,Control
2e390004-e59a-46de-80f2-4fdd150f9a83,Control
b9e3877b-7a42-4f37-bd8c-57ab9d1d04b3,Control
a8169576-3a99-44a2-a6f7-93262fcafff9,Control
1c8c7be9-e292-45e0-a8da-057973ab0ec9,Control
51db643c-23f0-4e72-9cc9-f0d9969b195b,Control
ab6232e3-3e51-48c9-8d1e-2717fb8257ac,Control
6d8b179d-7f6b-4c51-9d0b-265c1421e176,Control
0db01b46-0f18-41be-a179-3acf584aabcc,Control
3511493a-b71b-43b6-ab28-f12e1d8bded2,Control
5f072a89-3121-471e-82d6-8cc312ea59b9,Control
8265a7f1-10aa-4c2a-b981-622adcf9e305,Control
4f6920d3-a700-4812-bc91-a5f83d78555c,Control
b8bfb2a3-baa2-4532-b253-3a05490c95ac,Control
7ee2d775-bac1-4e9f-b062-cf8cf2f267f5,Control
542a351b-6bf5-4519-b203-0159244d86fa,Control
2996b3f8-0529-44ea-9b0c-71035a014793,Control
76f89f6f-3f4e-40da-921f-ca0cfa92b50d,Control
83a2c817-ddcd-42b5-a68d-2903bf1e6371,Control
32de7496-fd92-422d-ad4b-7c25dc8acc7f,Control
9de7dea4-35be-4631-aa0f-3aaf54a66976,Control
43916cd8-8fa5-4ea0-bf8d-fcc95e320676,Control
f3716800-d23d-42f9-9fb1-6a65d04b9f13,Control
5a13c296-31fa-4341-b1ca-4384f0717391,Control
7230ceb2-de7d-4eaa-8247-e290fe2abfe6,Control
d354f384-f1e3-4e9c-80c2-25d8060e7779,Control
1286406a-f951-4377-b04c-a98d33bedbf0,Control
601b4ac5-4b7f-40fe-8274-0ddf3efd22ba,Control
de495e4d-6a4e-48f1-b3b3-13596979fe16,Control
20eeae19-f9aa-4e38-8b60-ad0197afb272,Control
2ee1afad-22fe-43e5-b9c6-2ba067d4d5cc,Control
e63e9b60-4380-4c94-9c0a-9f3c149fd8b5,Control
d14e5cdd-9a44-4921-8e7b-43cc374e0ddd,Control
db8a6dff-c730-4278-8f44-91fcab2a31ed,Control
6730ddfd-d9ec-40ed-9190-49bdf187284f,Control
07f49ec1-1da9-4a93-9f8c-ffea021ba2f7,Control
5fe48070-cfa5-4e79-a6c6-6b5b62ec9868,Control
3e68e11c-6956-47aa-bbf0-36eb86cbc95b,Control
e9925bd6-66b2-4f69-9c4b-ca5485273113,Control
619fbd32-a5e4-4514-9267-9da685538c12,Control
bffb1d1c-4338-4267-9c3a-884a9473c25a,Control
cc9b20b4-61e6-4ed5-b4ed-8ec59a1d4c55,Control
97cc2a57-89c8-4bd4-97dc-de80a4b55b46,Control
9ea8b19a-4226-4acc-a7ea-379c946229af,Control
27a49660-4129-4ef8-a3ad-b6f0f80d5daf,Control
8f01f089-6dcf-4e36-a049-7f161562d047,Control
2bff0f8e-4b80-4ce7-8fd0-17274f17b13b,Control
941fe1ea-6fe2-40c9-a649-1574fa42f9c3,Control
ffb1b94e-4f50-43b3-9385-5bcf97e30b44,Control
7698e964-b306-403d-968f-73a220b0340a,Control
da23d412-794d-48e1-bf80-4847597e8c7b,Control
ad59c8cf-5f46-426f-b917-0b22a14acb9c,Control
b64e9f86-661b-4c6a-b871-74d2900803c9,Control
51d1a850-7abf-4c59-87da-4c585d9d96e2,Control
e8361cfa-44f7-4bad-b96a-2bc54adeb9ea,Control
92c96715-8afa-41fa-bf45-3b41941c74d9,Control
2c6d4811-2aab-430e-80ad-7b38c13d32c8,Control
945cfa9c-8636-40d9-bc11-b61ccb36aecc,Control
1f33ba31-89c8-475b-afca-84084a712be9,Control
dff593f2-ea2d-4c2c-962e-393593149acd,Control
4255f283-4f8d-401b-8937-caf09eb38b62,Control
0ee0d507-b939-499f-a46a-7a61d6f998b4,Control
b5388416-7efb-4f33-9420-b74fd69f0ca8,Control
40c797c6-dfee-4d60-b587-2119fb8b3a46,Control
fcbaec7a-c5c8-40bf-ad13-6d9e0e3ff3d7,Control
21b04211-afb7-42d7-a936-174b1069ac4b,Control
118b2f63-36d0-4b8f-a52a-7e765eb8f3d8,Control
30b143ea-69d8-4b30-b61c-d01c929b3bc6,Control
0db7d0ed-3b59-4228-a7aa-a4df0d668854,Control
7f5470e6-19a9-4060-8c28-96fb5a175e60,Control
112c5758-89d5-417e-a3ca-019b1e99c1b2,Control
4c68b34a-fb71-44ba-b0a1-6012d2e071a9,Control
2580d03d-995b-4225-b99e-4d52672845c9,Control
d45418ac-c942-4639-b4ca-22d3033354d7,Control
d798c3e5-e27c-4842-bdb0-aedd226b8507,Control
7b17ff73-e77b-4eb4-8944-66665fbe1c4c,Control
f03bc936-5ff5-487c-914c-8a02dede99b0,Control
b80c0cf3-e874-4dd7-867b-f387fdd4d5b6,Control
742a44eb-1e9c-43e1-b283-4447f83c2632,Control
a0eae7d2-6307-4bef-a764-d596f7498c90,Control
47532ede-6b2d-42cc-831b-c6eb0a54a6dd,Control
7ad52bb1-ab5f-4a00-8c82-69096909f7a5,Control
6e9a3d57-5a7f-4533-8d21-fc2d133919a4,Control
682a27de-5d2f-4b48-9a81-1703bd902433,Control
503b0982-af32-4fef-b594-05a07ded66f0,Control
7dcc8c7a-1c9b-4a72-97de-0a88b6f430f7,Control
83d26db9-e1db-4797-8820-8b73241a2151,Control
6fe4ec8e-6563-4b11-b298-931b0a9cccab,Control
664b36d8-dd93-4283-b4fd-be8e283066d8,Control
f84b8ef5-67c2-4ed8-8d7d-fb4cae4e1f12,Control
191bd40b-2bf6-4a09-a083-2b6335113496,Control
6a645a6a-f364-4333-bac9-ced9ad92a150,Control
cafe3a09-2a5f-45ce-bc5c-2ed4c26a4f5c,Control
7a493124-77f3-423f-a8bb-1e0fca6de7cf,Control
33ed6c01-79f2-484b-930c-c33d5dfff081,Control
168ef96d-8fe4-490c-85f6-6b450f0b5b37,Control
e73b7f87-c268-429c-bc31-49d4646586ab,Control
8230efdd-6d7f-4614-80c8-1ed5b88ab8bd,Control
4fda18f5-185a-4c8a-be06-09f83edb1565,Control
378bcb60-5b75-4dd6-90db-73aa915be347,Control
3ab2be04-8851-47f8-ac51-27cd1944affe,Control
f887f536-6d9f-405d-969a-4bdf5313e4d3,Control
a558e743-d222-4313-a4f9-7ed4352b01b5,Control
8bb8b684-77a9-4fc1-b7c1-232d79b2cd5d,Control
66870eca-c40e-4718-b989-4aec0e20a6d3,Control
69e6e82d-c0bd-4761-bd2f-c2721e4d5508,Control
e41b6222-242e-45d0-9fa3-10e755a1afc2,Control
517dcbcd-5cd0-4f5d-82e1-645e311a87da,Control
3a1c6e17-90b6-4897-978b-5ab33c940eb4,Control
e03ccb25-0f70-4f62-acfe-9f2186cc36d1,Control
07d20ff8-287d-4ec6-8ea6-952ffc4671ec,Control
ec281ece-e41c-4597-a6e1-e922fadb14d3,Control
83f0aa5e-e788-4fd3-859b-211c1b6a1271,Control
070206e4-74e6-46cd-ad6e-cd5bf210da45,Control
f3d5ef4a-ee3e-4c49-8d1b-e0467728970b,Control
c124bfba-95c9-4769-a3e5-df1a61428cf9,Control
9fadfa04-dd7a-44fd-89f3-2945b920865c,Control
24d45d8d-e6be-40c9-8044-df7612678f39,Control
687da03a-f3aa-41a2-ab2e-6982ea90f820,Control
304d5c1b-42bb-4840-b22e-543d8fef2991,Control
70da81e8-2cba-4d89-92bc-4b49ed661480,Control
3655d840-df97-4034-b1a3-77f98de0c876,Control
b6dd75fb-0446-4e23-a20b-6f4028b2f209,Control
c63e6962-4c41-48a7-b56d-3f167e0ad530,Control
2c4750ca-0570-402b-98fd-d97172f95985,Control
203a41a8-7516-4b5d-946a-6c9105ad98fd,Control
72db3ef2-a133-4584-b6e2-e9f0e2ec947b,Control
dc4216dd-c5e4-40f8-8dfc-4ab97ffb0262,Control
7dc052dc-19fe-4bfa-9f23-da8f4edd7908,Control
7630426e-4d41-4a98-8c03-651447d85f4b,Control
6cdb5e96-74d1-4f35-aa65-7affc866d14f,Control
e3804959-0471-4f01-879a-0f6e0b5504c2,Control
ca512c6f-f74f-4ba4-bb9e-1de70e14fb03,Control
a0fd4369-b9db-4057-b4a8-04c34b737395,Control
74bbb04c-a10e-443c-8566-e4328c673db8,Control
c57bfa05-29a3-4e5e-bcaa-86c5fa174f3b,Control
90579e6b-50fa-427e-8f74-9f9be0d1ca4e,Control
442ac22b-0091-4776-83bd-6c0c0c4202e9,Control
9ebb2be4-05ab-4447-aa0a-41c03bd628e9,Control
53d64342-cbb3-45aa-89fb-8158b191695b,Control
5aad86a4-7357-4e31-be48-c737a5ba31ac,Control
be215c1c-eb02-4b45-80e1-9faae029fd0d,Control
2df1a507-1069-4f59-95d9-af85d4afda73,Control
002fe375-ce6a-449b-8296-249c6d4b6b41,Control
56b955d0-a083-41fa-a64a-a49544669778,Control
e2ed3190-bd18-4678-91ae-7cf5785df587,Control
356d4b40-4c95-4b63-80b0-508833a3b0d5,Control
0a5713a7-fb32-49a7-89f5-b4aef62a716d,Control
4a2fef09-6c16-4374-a9b1-b187c686deb3,Control
7642745a-e84f-4a0f-bbbd-dc6b7617d013,Control
ec10aeb9-8903-43a4-9e35-72f2f4610b0e,Control
712e344e-c8c8-435b-8436-97b9d55498b0,Control
75eaff8d-f76b-4614-9954-fa583b3b0417,Control
9a56ef96-2fbc-4c38-94aa-2b71e73107ea,Control
fff832bf-962b-40c3-9b11-9a02ed38188a,Control
73c2c494-ff9d-456a-ab14-c329edb7a4bc,Control
dcc22e74-f29e-4f35-8646-31e6887c36b5,Control
b9332f6c-5c60-4a4a-9ddd-dce5f4e3c4d1,Control
d9353734-5c80-4099-9e58-e3ec6d6c8b81,Control
99ff9423-fb52-471b-a14e-59a28f01f46b,Control
a0c25346-36e5-4efd-8e65-14fbf589b2f2,Control
6d943e96-b436-4e1e-a1dc-fd626e3207f8,Control
2751844b-f854-4afb-8de5-88c8e413f1a3,Control
e044eedf-839d-4bc1-b136-04fe00954992,Control
d64d503b-db45-4a18-8b4c-e719bc9482fd,Control
667fd5d4-a846-47a4-a52c-fdb98d823e58,Control
f53890ae-cc84-42d6-8305-810332f1d2a0,Control
ec342753-5084-43f3-a1e9-4d635108253c,Control
68f3adfe-8ab9-4ed5-a952-2c3c2f96ebb5,Control
bc14d30a-a5cf-4d12-8f01-9844a72b8e01,Control
7fe12d92-4f41-4242-a207-612fadd5e441,Control
3472c931-482d-4c60-9af7-da17accca9e1,Control
3950ffe3-d003-4467-bf66-6273cdf14cfc,Control
2569cde7-30e9-4cde-a608-9ecdbfa47a62,Control
54763334-21fe-4249-a401-49237dc9ff31,Control
29e65de0-b69c-469a-b165-9d9731ba9381,Control
6db1abfe-b78f-4107-8d71-12540e9c0c5f,Control
07249c29-825e-442c-a11d-22201535704b,Control
acb7758d-4161-4195-9c49-92f0ffea7e91,Control
765141f6-635c-4913-b4c4-70a5d221ef56,Control
b465df3f-45ac-40b3-a32b-ab8d9d846eb7,Control
c818b555-104a-4028-a111-7a5a849560e1,Control
5b6787f7-9e02-4bbf-889a-08aaab6b8ad9,Control
5830fc8a-99ee-4891-9a5e-eb8e6f1e20d1,Control
290fb94f-ccaa-4b21-8c27-ca1834d9572a,Control
93812ce3-261b-4dff-ba17-39895fafd62c,Control
9e7f47a5-0481-4230-8e6f-38fbc3b2d973,Control
c6239c1d-19df-45fa-a381-87bc36191ffd,Control
842eb621-a5bf-45f6-9f2f-94af10080e16,Control
0fb8dc64-ed56-4080-a970-becd8cfacad3,Control
ff3f2884-47ee-4cbb-b4bb-d2ab5e1e6b42,Control
d8882c7c-5a6d-45ba-86b7-9f5abf4b2703,Control
3d22869c-4768-4f20-95cc-ca795da77bb7,Control
933bfe92-6de7-4445-9589-e3e2a565b81e,Control
a3c823c5-6484-480b-8a67-7fdfda141982,Control
397dc49b-b0ca-420a-b49f-7d34998922ae,Control
0c58a74e-e5bd-4949-87cf-7f0211683e78,Control
7b21665b-0121-4ac7-85b0-3bcabbd7b5ee,Control
955ac0da-5690-461e-857d-c3a5a93948b4,Control
4513d058-7097-4990-abe0-347329952660,Control
ab97a143-aa88-4701-a9f5-b342fb2f51a4,Control
abccda84-6245-4216-b4c7-862fc22cfd52,Control
4eef17d8-ac4f-4532-9317-cbf0c0f0ba9e,Control
3f58b692-aa03-43b7-979b-d2da79f65e71,Control
89c7620e-7b44-4114-ba19-9ded00e0063f,Control
7cd3ad48-65de-4ecd-82bf-c87e1a023439,Control
2c04fcb5-c250-45d2-a717-3a0607803613,Control
439b521d-08ed-4c49-aa99-f1053aa8ba6e,Control
13d4b9e4-de96-49ac-a374-3d3c59ee4d3e,Control
fca309dc-28fd-4817-8ada-92a6962150e8,Control
5d15bf21-4774-4845-8364-651ce90b62b6,Control
81f2a151-d0c5-4634-afab-eae55021d73c,Control
bca365c3-8810-486b-beee-f3077cca6f4c,Control
3b2c6d56-6010-456e-b88c-e518e0fed773,Control
f1ddf3e6-56e8-4a68-ba33-6dd701738975,Control
553e3e33-da77-4f4a-bffc-198b4b01fc4e,Control
a0b8e876-d272-4597-bdf9-0bc839d5f12f,Control
3f70dea3-136f-4c91-a6fa-7144d9dc6bc8,Control
008b351c-7842-4d6f-9257-153eaa0f062b,Control
64f90fc9-9572-4e2c-8b22-bc451454998d,Control
b2655439-f807-49a9-9224-59a2d2dbec20,Control
55431421-b41d-41af-80e5-b50596718e0f,Control
cd0adba0-22ae-4266-a6c5-7fee33c122db,Control
9f3ea794-69cb-4bc0-90e2-f31cae7beded,Control
6ed36fd5-6016-4f9e-82ca-8fe8f4a7a8f4,Control
c1cea6c9-021c-4cd2-a813-f34b377a1aee,Control
7208368a-1ac2-4055-8ab0-e83cae266e6d,Control
aacc9ecc-6c6f-4dd3-8e52-3ad4d2de7be0,Control
4995ef40-25df-4f52-855f-75b586b90c12,Control
adfe5dc4-69f2-41b0-8c8e-ab1c786e3471,Control
c39545d1-b774-4ae1-b651-62b3e6173399,Control
37cb88bb-f50c-4414-a798-c1c273ecfe54,Control
8282a19b-fa1c-435e-ac5c-a29e2c3dc566,Control
e3fbaa07-f746-44b6-8f5c-594423eb4f0a,Control
02deba87-1c3d-4dc7-9f0a-8587951c5456,Control
953bf31b-7ed1-48d6-be32-66f11450eab1,Control
19d9e38e-86d6-4057-b5f0-269d6d24d64e,Control
e881d6f2-2764-4fca-adf1-c21e97b03685,Control
c5e93f6d-5c21-4edb-ae85-e7ffec8a140e,Control
f98121a1-33de-4090-b638-885691f107df,Control
a1d0bb28-9cee-4108-aa61-3b52f31b51b0,Control
dc8fac42-c6c8-4091-979b-d5a033b165d7,Control
bd23ac3e-9c22-48c5-8c59-4603a37deb39,Control
0fa905d4-834e-4e9e-8c7a-b2fb7dd4de20,Control
6e0fe4a7-d8ff-4b01-b9d1-859b6b2be136,Control
2671546b-5506-428c-a5b2-7fb3975672f3,Control
6e0c0c12-a808-42cb-a7be-2a9046b8ec13,Control
bf495170-7f39-46b5-a49d-05fcce53655a,Control
0cc1815e-7b4d-499f-a105-12c578a531d3,Control
6fa1ad7e-5d7d-4b86-aca7-32f097412a97,Control
72bf0453-64eb-45de-9380-4b2960f95139,Control
e9ac2d8b-565b-469d-9a57-eff3c22d0ca9,Control
3fc44fdc-7722-429d-a6b5-7f3c0ae71ff5,Control
53ac92b5-6ade-4460-805c-25d337216ace,Control
82f2509f-75b8-4c6f-880d-3aa6ec64203f,Control
0002f721-a668-4920-a9ba-03ea29abcb2c,Control
a14f6f5f-7900-4a7a-b916-924a6d396443,Control
d571611b-d77d-4845-a456-8852cb282388,Control
2c9c02fe-a0c4-43db-8a59-5c0049f9b1a7,Control
dff4831b-2d7b-428a-a76f-bd90b7dc8b63,Control
28c0b628-ede7-4f4f-917c-c8b5a91e2ddd,Control
fd376192-9d0a-4e69-a6ed-7bdd1e127646,Control
e0046095-f810-4abd-8d57-86866cc88384,Control
d9586ae3-d985-4491-93a1-d58542b1ee4c,Control
370e04f5-4ce6-4154-9a9c-b2f5edeb2ae7,Control
896408e9-cf14-4426-9332-47c393e13840,Control
9f6c406f-fe7f-449f-bd09-3bfd5e5fbd14,Control
35fb10ed-d66b-44dd-b4ee-a12be910136d,Control
bbe97fc2-122a-4887-8a73-e3a8dfab357f,Control
cb0d7a34-c30d-48ba-9165-9d4ba31cf621,Control
26df0479-2ad0-4823-82cb-3c852134de52,Control
246c755c-16f5-4b27-9667-19ad6206126e,Control
eb2b9891-d0be-4df5-bab1-829d6f67b054,Control
6447807e-0f68-4939-82b1-52b8e58f294e,Control
b36bc837-d138-4a13-9ee8-7eaee66d4a62,Control
a2b0edba-8701-4734-b61d-4458174944e0,Control
2e0c2092-243e-4646-89cd-21c30454fbfc,Control
32c7ffbd-ae56-41f6-b220-597a03797128,Control
c3f36fed-6033-4b91-810b-f3551feeef57,Control
33fd3012-90f2-480c-94ea-a30c73a33791,Control
a1817489-3b62-4908-b6a8-47f201981221,Control
7e09b014-a05c-4fae-a9e0-1444f7eb13d0,Control
4849133f-883a-4227-ab43-85da0fe4c343,Control
f75269a6-68b3-42d1-96d2-6a08cf706ff9,Control
a40c394b-be6f-4781-a2d0-0379b7e26e7c,Control
28936a12-769c-4d7a-8e6a-8c7f093e2c3b,Control
51a1f250-730f-468b-afe4-7b900e734ab4,Control
36f3ff9f-9ef7-4d5c-a3b0-eba71a4eabd1,Control
6d47a8d6-af24-4485-827f-bbb5edf60a15,Control
eeacd381-d9de-425d-b915-ead395236ea3,Control
2bc374b2-6add-440c-ab2e-358a299ddf82,Control
10c00d77-5438-4295-bb63-199fdc678ac4,Control
51f643ec-494d-4851-885a-9585ffdb59bc,Control
77c49a31-1554-4fc4-810c-669a3fc0cbb2,Control
c6f4fb80-bd59-40f2-b23a-9f8f2264e701,Control
eaf082be-ff6c-472c-835d-a4f810b4bb38,Control
15f75de5-328a-4acb-b4df-73a861997d59,Control
02d0a5e8-d966-4ce2-8cd4-c8201ff6e755,Control
b4c10197-3e22-4dbf-9cfb-fa6dc5e6ed82,Control
736329a9-ec6d-4086-b91f-494cc8d866c3,Control
2bfcfc2c-b4f0-4f5b-86fe-79b08e1dffc6,Control
8624d4bd-e515-4b99-b6dd-5585eae2f490,Control
6590fc44-5f46-4c13-8d06-58ae72dd278e,Control
5186899d-ad6a-4b36-894e-e20139165dd7,Control
adbf6580-7fd9-4691-b5c3-552e43286e1b,Control
08858b93-04bd-44a2-ad69-6e4e23d4ece7,Control
026298e9-a1af-45d2-98e8-370413d4cd56,Control
a66b3d78-65df-4285-bb8e-fdec2250e6ee,Control
15955484-344c-4ecf-8384-ee262defee14,Control
59846ab7-f928-4ab2-b0e5-7b41ade58a69,Control
da73dde3-face-47c7-84f5-444f560bf96a,Control
993eac9e-89df-4065-8855-4d41b2a20db6,Control
712ad116-af49-45ea-b4a5-a2813dce8bcb,Control
88aaa3a1-595c-4323-a5d7-d58232b75a53,Control
a85b42c5-35e5-428b-be08-b44ec85eb8fe,Control
a1824664-a31f-4cdd-ad1b-b419f58275f2,Control
764e79c3-4887-4e5d-837d-75effa47c691,Control
fb51e784-b99b-4e32-8ddf-9ab923984c2c,Control
95c085c4-054a-4237-853a-e387d52d47ae,Control
1d9b407f-8377-4031-b514-2ffdf7eacedc,Control
1132f69b-d0e6-4bda-acc3-da7f003a0f2a,Control
6badee74-a894-4b4f-82ed-0091cbda89be,Control
2c5f2bec-9c27-4617-a72b-4ae310c4b074,Control
764233eb-1b80-4f62-9e38-af86a872f619,Control
b0cb9c7a-e9e8-4d22-9fc0-50b2a23b9b90,Control
42791560-f3df-48dd-afc2-5bbe5f08e1ac,Control
4ae1531e-35d6-42cf-b71c-0f3a2cddfba5,Control
a5762937-42ae-4909-8f3e-5e9e6c54b911,Control
75d0e2c0-f39a-4276-ab05-39ddc9d84d3d,Control
f62d01cc-8659-4bd2-ba96-008fe0fe299d,Control
91d86c4e-53aa-4063-a9d4-5a53865d94aa,Control
81f45435-6cdf-4146-89e9-3e892887e3b9,Control
2847ae6c-526a-454e-b541-725a1c38f008,Control
dd1ad5e7-083b-4d4a-85db-24a011103d68,Control
7ca7e4b1-db22-4b15-ac6d-ab3aba2abd20,Control
f530a22c-90ed-4e03-a15b-ccc865ae42c1,Control
ec56d939-41ad-41c7-927e-588666a7e0e0,Control
44c1e5bc-7e44-4d10-afaa-9675008df6c1,Control
99f12e75-c580-4ea7-9b9f-46c2050b331d,Control
df1da47a-d311-4cf9-ab6c-7bebbb7a3979,Control
59895434-377e-44c6-a17f-c6d6ef2064de,Control
6c28b45d-1cfa-466a-904a-961416f57cee,Control
c4bba83c-db4e-4d6d-8bf3-97926830f9d9,Control
01ddbebe-4775-4eaf-a116-adb9a8cac1ed,Control
c83b925c-e2b7-4329-b4aa-b9fbe6fe566c,Control
7cc12d6c-f06e-4804-a9d8-14b966435198,Control
043b5cff-29fa-4ea9-a0b1-3fb56f7db554,Control
4e95ccc1-a7b5-4bd1-9f66-5411f9d0204c,Control
5ebd41a6-3e90-4f81-8b36-bd8475cde407,Control
210b2a06-df53-4fea-a017-838d324f896a,Control
5a212ef6-6154-46c4-9c91-80e8df851f0b,Control
0423668a-f69a-4a24-9d75-e8fbbfbe652b,Control
44a4306d-1fda-4130-bd0e-e6f1530e832e,Control
5084ac1d-db28-4107-8788-e848aef7083c,Control
d0d7c3fb-3991-40a0-8704-59711eaa928a,Control
7c06a089-45ba-4c90-ac4c-bb3bd4277509,Control
742e4c27-5032-44c7-9656-5cc557e2d007,Control
99bc3815-a322-4d7d-ba0a-8e68d75abb1d,Control
360f0355-ee37-4198-9426-6019b376e5b8,Control
55e64f68-8e1f-47de-a2dc-b64d05f4e099,Control
5f20d648-c25f-498a-9de9-8b8f57de4c63,Control
fc588137-a1ee-4170-8553-680a65ba6f55,Control
bae925ad-9741-4d4f-a52c-bc54eed66bf1,Control
4777549e-4276-443c-aeca-36018386f541,Control
b5b41572-0040-4bac-b38e-a8ee31297dea,Control
df87818e-430f-4f2a-ba70-eb31ee9812d0,Control
93c8cbc1-45ea-4de6-a2c7-e8799265ca3a,Control
4907e808-8880-4447-9e7b-e5088cbbb04e,Control
86849a65-d47a-4c98-892e-1eb23c7043ca,Control
06fc5cd7-220e-4384-b9a8-97d30f455d1b,Control
f93de0b2-579e-42ef-9693-0296ee6c8d3e,Control
89fdb90f-10fe-4cb6-b791-a4166da8150c,Control
6cf856f8-3777-4a70-a383-a6a05d1a1889,Control
fd9aa87f-527b-43b4-b333-6c3461c8a094,Control
5a398723-8919-4a70-965a-912d154f211d,Control
5b7dddb1-82a3-4872-9ad2-70acb2e71d4a,Control
c1b6fc03-c41d-49df-9e34-f03350a73ad0,Control
671c6440-64f6-49ac-ad36-dc2b13257637,Control
20c7a763-2527-49bb-8527-4dd50bcc2c97,Control
9b01f1e8-6b59-4e0d-92fe-f456b7bdacc7,Control
938702d5-7a50-4811-8220-e6fa9af214a6,Control
fbd44316-e0d3-46dd-a1bd-857d5f0ec534,Control
2671419b-42f5-4b9f-9277-9b02b4f1d2e6,Control
c8f4b690-fd51-49e9-8e8e-460fd5f64aa6,Control
a5a4a884-24e8-4f33-bb70-1212e1c48187,Control
9dfff6d8-50f1-4c38-9f8b-fbf092c93bfc,Control
b4cb745b-2a1d-4988-b339-7aeb4263990a,Control
49396aeb-2f1a-4720-9fa5-be9f9b519c8b,Control
10cf7042-9496-424d-bfe3-0c7887e9966c,Control
64eb903d-86a5-4c47-bbfa-a75c63353f41,Control
aa87c39c-535f-44d7-8a94-7e212bdbe9d5,Control
8e862467-f4b2-4a5e-8e2f-39a7bfc8a624,Control
684c388d-dbe4-4d27-875d-4da9d878d7e7,Control
475dba4f-1c1a-4463-892f-be85efead731,Control
d2127508-85cc-4bf4-94b2-cd9d96eb7f50,Control
bc139307-6774-48c2-bead-9abab7479390,Control
4c44def8-8c8b-495f-b190-3e8121b01e4e,Control
5042acc6-39c9-40c6-b9a8-ecb70c4a15bb,Control
e0e21d4a-7d05-4435-b943-fe7980a9fd69,Control
6d27bfad-4f73-4e8c-8986-8c734b7a089a,Control
1a4a3651-594b-439f-8c73-588d0ffabb8b,Control
94600527-b884-4bd7-a539-cc0ea1762d47,Control
8819083f-6dc4-4e8f-8e2e-d7d4aa543327,Control
6a5cac44-f7ea-48a6-8c4c-3ad1eed39d6e,Control
a1880e2d-01d1-4927-b7d9-1685cbaf6c16,Control
926c8a2e-974b-4da2-a72f-61590b3db751,Control
f9d8257e-7292-41d5-9a36-c497a66cce11,Control
b5301f07-3d0b-4ea6-8405-46ec5c833a03,Control
6bf96614-5132-47ea-9bfa-97a904ef6dfa,Control
51841171-173e-4792-a09f-3f93279197ff,Control
1ad98d85-e4d0-4e8d-9ffb-3a43b16f7924,Control
31e5a42d-2000-4ceb-b651-423ee057fca0,Control
e484dbaf-b16e-43c4-a126-8c0225a4401a,Control
d5538b91-7c99-4900-9f09-b5be78d30788,Control
1e3f7cc0-1149-410d-85d6-72ba37ed2cac,Control
4d0af697-a3a0-43de-8eb9-19ea2a50bef0,Control
b67393f2-71c5-4812-8393-865a518253d2,Control
b38bfa1b-88aa-466d-976a-61fdbc47edb5,Control
9dfa385c-510f-4be9-b03b-db9888a9a25a,Control
cc52eff0-3aec-4f0b-a89a-2627bd5139d5,Control
fe5caa94-472c-49f0-b431-0a707769d0f6,Control
47df6a3f-bef7-4c44-80ac-2eca7a26e53f,Control
dd575d8f-f93f-4418-bea0-eb83e84162ce,Control
e1f722ae-3f31-442e-8901-6295a41bc546,Control
d47662b8-9d37-4d7f-b163-0c9771811e61,Control
8c0795b1-b729-42b9-8545-da60a0525563,Control
1baa5b0a-bce9-4241-80f7-1e85d14f75f8,Control
b43ff4b4-b91d-412b-ace1-9f464959e539,Control
3a49ae77-a5ba-49d7-acb8-e85454c54a14,Control
5313e299-030f-48f0-bee8-c1d19ddf3397,Control
2c2eb293-a515-4a03-87f1-3ecee9e64d1d,Control
f0814028-f6c1-4715-a5ed-34d23c13e7ce,Control
8f3db0fc-3565-4067-be8a-1a1d6b0fa3ad,Control
9b53b03a-0359-4b77-9a08-3e460f09fecf,Control
26bd6777-6bb1-4d26-991e-83999bf098b4,Control
9e8c3478-bbcd-4822-a2e2-b69e797b087e,Control
824882ca-4ec5-4de8-827a-e7d639f5b1f4,Control
2c897097-a7c4-45d1-9c14-5e3429ee34d5,Control
682c967f-dd6d-4b0f-836f-8a0020a6feed,Control
2754246c-61b9-46d2-bd96-432050f11149,Control
5c1337cd-2b9a-4c36-a8a4-67a788711ca5,Control
ab3a1b4b-702e-4957-aa0d-ae73c1a254a3,Control
8cdcbb5f-8c76-43f5-b53e-ec53d29f7d8c,Control
2458ff8c-d064-4c0a-897f-013304e65ab3,Control
5fcd78a0-a5d1-4895-ab46-b4a639237d7b,Control
22b2b184-3383-43e2-9895-163b23810e6a,Control
bbec4890-cdeb-4dd9-968c-c27e1260f4de,Control
eac51e15-fd4c-4cd7-99be-deb32c91c68f,Control
ace36f3e-b274-4f08-b55a-282b643bab28,Control
65e0ba8f-5a9c-40bd-949a-825fe94c8cd7,Control
8ec68e0e-54b5-4706-affc-39e370e09aa4,Control
2c4653bd-f440-4ddd-9a64-bc8540bc703b,Control
f63fc886-37f0-4f2b-ad44-df39a06d33f6,Control
7af2f615-a05f-4273-bcca-cc2de27b6e7f,Control
7094aae1-01a0-4ad7-b7d0-3d00069cc037,Control
9bdf1886-e508-4461-b0dc-4d00124d83ac,Control
934a7cf8-d7e0-4708-ad02-9d4fe0f982b8,Control
c1e7dd38-70a0-46e4-a7df-ba049e4bb1ed,Control
797a534b-064a-412e-b34a-8a525acedd27,Control
fe01a110-8d94-40e0-9266-8a3d99b71886,Control
73ffdc47-069c-45bc-859a-948c73afe2b0,Control
6f99135c-88e9-431b-9d65-650e927a3b59,Control
284cdea8-27ef-4eec-820e-8c6f38ba19d7,Control
01ad1af5-45b2-44a6-8c64-b53dfab53315,Control
e55599f2-47ee-4afb-8e1f-d7b8a4108e8d,Control
4b41be15-6512-4f77-888b-9397764732d5,Control
0ee57f0a-4171-4ea7-926a-cbb54d44700e,Control
6d7fa529-b098-4ecf-8507-336ee2ae0a4d,Control
9cfe7441-3d89-4f6d-8e68-9d9512f400d3,Control
78a1b9bd-27fa-47ca-8089-dacbe5140fcb,Control
18c820cf-0c2f-4550-a13b-a207acfef1b0,Control
f1940580-c21a-463d-9141-375f4670900e,Control
a73daf86-2aad-4284-bd8e-a9a43e027bbf,Control
77925d63-a9eb-42f1-9d3e-f13a9104a50d,Control
d8731517-87d8-4b7d-9d28-97236cf257dd,Control
4e323eb2-94f5-402e-9209-ccf0451e3c33,Control
36bc6b3b-41d4-4d73-8f93-07fe2669aa5c,Control
8022b126-9418-4c4f-bc92-b0e206d6eabd,Control
49ef411a-dbb5-4082-9cc5-23bbd2ad2013,Control
fd7e59e5-3092-4182-8542-19e0701ff2d2,Control
96633a20-402f-4473-b6bd-4240bcd1b998,Control
b83fd5c8-0108-49af-a55e-26ab4466b1ef,Control
cc1daa3d-ddd6-493f-8829-9a910fc3c177,Control
1ebab885-28b2-4f1b-aedf-e773f548cfd5,Control
6c60d94a-42a3-49ed-b674-7bff8a5c5bbb,Control
97c0ed94-31d4-4fe1-9d81-a4726dddf510,Control
f537420e-9736-4e7a-b7a1-cfd110e9a8f5,Control
c6b9645c-865e-490e-abd1-df9913307bea,Control
7545643a-5b0b-4124-bedd-b8e9358acd38,Control
6116dea7-02bb-43a8-8c14-697987790f8d,Control
756e89cf-db9a-4572-9164-00ac747b41d3,Control
2f1d5285-b081-4b36-8640-7e4ec9eb007c,Control
c27ef878-0c3a-49ea-ade7-745a3a16eba0,Control
ecddbb1b-debd-4291-bed5-9e0c7b741993,Control
92aecdc4-5585-43ae-9e82-f302771ea0e7,Control
304f39d4-4be7-4323-81db-ba9622f364c9,Control
d0948f42-873f-4b09-87b4-81803f68f0ac,Control
d0c80843-23a5-4fb2-b64a-d4a1e4ef56f7,Control
2b347c47-2d61-4630-8a12-142d97a8fa0c,Control
0ca1b99a-787c-4858-9599-0446b83d7bff,Control
f581c052-30b4-4599-99c1-d1eccb1683d1,Control
50c7db67-c661-4fce-aea4-fd8d1ab42bb1,Control
8ce16aab-d0c4-46ca-aba9-b10be5cbf384,Control
4553d40f-d916-4abc-a46f-bdc6563bcdb2,Control
741f496e-2fa9-40d8-9b5e-68ef242efd81,Control
ea19ed1a-566c-4760-85a7-da9c02fca395,Control
4d02ed58-a50a-42db-9fc7-1a0641ba6584,Control
c2b4a28b-1d99-4c7a-a521-0177626d3575,Control
8ce7e31b-24a0-4077-8dd5-2415c5bde077,Control
602fed99-724f-409b-b10c-84022a3069e4,Control
1b11fbed-93a0-4580-bfbd-2f2e811524ee,Control
7434960d-2a45-4ba6-91ac-4bc58be5f06f,Control
045594e7-d87e-4be5-b0c2-daece4c35f70,Control
f4776e29-93f5-46f5-9269-c1855ccb1a2f,Control
10809fac-d999-4685-bbc6-972dbb35eb85,Control
4a8ccfbe-3772-4503-afe2-0ddb113784a5,Control
32086d3b-01aa-40ae-a6fa-18c08cb79689,Control
39865620-9900-4a76-8e0c-85a92e7017b2,Control
f7fa6d08-33e1-4191-bdb2-7fcbb8fd8027,Control
7e35c35f-595a-4051-8442-30ea65bf8833,Control
e7904872-6074-4f27-95a9-579035240847,Control
a9eec7f6-bbb2-43a9-94fa-7f82eb918121,Control
3cd5488d-45f6-4aca-a1f3-fabbcded9cd5,Control
7005e915-7a5d-40ee-b290-79bea8d78eaa,Control
f9544a16-e5cb-4a74-ba81-18e95fbf10dd,Control
22fd04c2-5280-4527-8688-dd37399cf578,Control
9b5330fd-c948-4374-8a56-49ce587841a5,Control
28f6da00-d133-4e35-8bf7-8d4e8e5bb5e9,Control
dfa9b8f2-e5b8-4eaf-a508-7a92422bac52,Control
ff0f784b-220f-43a9-992f-b73a1548024f,Control
8c4f4b1e-54f0-4d8c-9fbd-355823b2ddf5,Control
1695e11f-6ef3-42d9-990c-86c58a2aff2e,Control
c532a8d9-5164-4886-885b-a66fa8c52c61,Control
6f1195dd-f9a4-4b2e-98fb-ed224699ddec,Control
99f97c94-7e87-4e65-adfc-f5eea79a186d,Control
542a60ff-136b-4dac-85d0-f864663cf52d,Control
76cb0b41-ac1e-4ac4-a04f-35d15f95b11e,Control
e8674b74-9c23-4737-8697-50f7d948ddbb,Control
762326ca-fbc7-4d36-999b-4ec792a353ea,Control
dfa655eb-a58c-467f-a62a-ce513bddb9fa,Control
2e86ddca-b130-4b2e-83ee-2d6a170aa140,Control
414605d4-adec-4926-a643-d3aa8739a28d,Control
782c20f0-0d18-4a06-831e-f433765ac805,Control
ee0ecd52-b7c6-4a6d-bd00-7904ec7f4332,Control
2332e42f-129d-4324-a668-6f13a87c4454,Control
8eb7fbe9-52fb-4283-affc-f1ba83013115,Control
39ba41c3-480e-4af6-80f6-484064e27394,Control
236093b2-8abd-444a-a90d-fee126b2e816,Control
1203e315-56a6-4f07-9fe0-b1b3e84250d6,Control
70e611cd-7010-4124-91ff-d4af5eb4c11a,Control
9cccd3c3-4362-4dc3-a019-27d0927ad1a1,Control
1a8497f0-f389-4f72-8023-12792768f747,Control
b673d64b-0907-458d-9ba8-f9c4cde97686,Control
47de13e9-83a4-4e33-a395-8a0d0263ae1b,Control
1c5a3632-1480-4c32-b76c-509a609585cf,Control
d39179c2-26e8-45c1-aeae-fcd2661fd10f,Control
39eb4a41-2e12-4fd1-a753-a80703fc7541,Control
63141f3c-3071-438e-bbb1-a31f4343b21f,Control
c7867f04-07b8-4e47-9c7a-059354be1468,Control
85e6ea79-726c-4414-bc0a-8aae92eb8874,Control
13b35a4e-9c0d-4750-8615-2f0eb55c0c30,Control
446133d1-aa25-4f1c-ba10-9679017e0466,Control
156f99e4-ce03-40d5-b1c5-645aadb2b0a1,Control
22b1af45-3cb3-4bf9-a39c-552ff4b0f51e,Control
3b8a9314-6502-4ddf-bb4e-213f411b2c55,Control
ab7e75ed-9c2b-481d-97e4-f1357a7b4080,Control
11bb8afc-fb88-437b-ba43-b085b9856f8e,Control
b09f8715-1714-4b4e-a32f-934da06e7650,Control
2aa42286-6f37-4da6-b12e-c354bdfb1a53,Control
6ab56438-4ba3-4768-952c-219bd580c2bc,Control
6cfa7980-44c9-4ec3-aa20-816ca19e8dec,Control
5ca17730-342b-453b-8a25-2bc0e2f36b4b,Control
6e4ca4a1-e2a3-4f01-84ed-f1b868a6ceb8,Control
7900472c-d5bf-4c6b-8c63-e3f273d0f77c,Control
46591a1c-4d54-44c4-9690-fb3e265e4208,Control
a87c6d0b-52d2-415a-a360-f7e78beb3c95,Control
b1cf0b08-2e98-4cf6-84d3-15c9680d4322,Control
8383406b-96d5-45a8-bcfb-65dd227eb8d1,Control
777df751-2bcb-4a43-8f8a-cb0176e05082,Control
1ad18fbc-fdac-4c4e-93d8-ff6461df0ed7,Control
30410724-d06c-480e-9752-8b41ff55ab03,Control
70bfe686-43e0-482c-8980-51e741f0f104,Control
8d7363f8-6f80-4e9c-8bab-c9135659a965,Control
9b7ef7ea-729f-4913-b0d5-7a0ed9598a9a,Control
fcb9e37f-bb43-4e1e-9969-ae08ef285212,Control
30d1b003-44b1-4fb7-9385-04d4aa6e0d6e,Control
06e22e8a-dfa3-4f29-901e-70a3a5be234e,Control
642d23ad-f2a1-451f-8042-638619bdf5a3,Control
8ca0023d-5b5e-498f-a45f-60aa7dc517a4,Control
d2f4550a-6431-48d3-9642-bce32d39132b,Control
926846e8-edb2-409f-a1ad-b15eec424286,Control
9e797b8c-bbd1-4002-8660-9bd58a388ce8,Control
ffc61d8e-ce4d-49c1-a3bc-11e377444838,Control
927ec009-d012-4e6f-ae3a-1e54a8d30c09,Control
e45fef97-0478-4f9f-ae1d-7d4621ce092e,Control
871cbee4-c772-478c-a385-e7f8bab8612f,Control
c040ebb0-7cb3-4f58-9674-3c286d47a398,Control
d5093a7c-e300-474b-a8e3-5e97ab7cc9f3,Control
90b02e54-b209-42b7-b15d-6ea5f563fb04,Control
3ac3c192-1298-4e1d-b2bd-eeb163b03f2e,Control
625a1dd9-0ca5-48f5-9a65-ad7f9f2eb046,Control
63aa2a19-43c4-4408-b79e-b07fbbb0026d,Control
a70e894b-ca86-4fe3-bd9f-023817ca6095,Control
bc32fd1c-1a40-47c3-9f17-545e0a677618,Control
3b2c8638-bf70-4d3f-9044-b0ec346da488,Control
7e54e881-681c-4a3d-ade4-ec50b7646bbf,Control
e2959f67-cb1c-45a2-99c4-12bcf208ca10,Control
e477c3bd-8407-420c-b19a-95177445ddf7,Control
f38ab947-597d-4790-8131-1f7f1260515a,Control
aa1f155b-2adc-4067-ab54-e02b98bb5b8c,Control
a78fb637-3130-4a07-b728-768eb7394bc6,Control
b3a9fd60-fc84-4097-ba19-f827149b86e3,Control
3796698c-0269-4d89-8ea3-e51907744672,Control
5f92cac5-186b-49c0-9a90-a9b32bea1e61,Control
565d57fa-6485-4a87-bce0-57972470d0b1,Control
c3204d4e-e4d4-4c04-b5ac-069b11d55957,Control
6e35c824-5903-4f8a-8e08-18550fbe45e2,Control
25500584-9068-44ff-8fa9-7415d181a5d4,Control
b3917095-c9af-4e74-9294-502fd52a7016,Control
6e742b59-0067-43d0-9582-30f4db85c5c5,Control
f53b6ee7-4ebd-4bfe-bdd5-a0a75f72f6bc,Control
a214cd46-89ed-493a-8d30-250bd09c016f,Control
4f4e1497-6ad3-41f6-ad5b-c0cfdb192681,Control
235b2c6f-16b6-4cd5-aeb0-b120bb1d6e19,Control
b5bebf68-7218-41f4-8482-89d6ca045d0d,Control
6ef3f4d3-6b52-481f-a113-982fe7e03d10,Control
3e0f384c-3112-4d05-9093-52dbf01b219c,Control
79a76ddf-5f03-4724-9346-a9baec63226e,Control
b72efede-a76e-4272-80b9-681418bcd578,Control
e84f5be0-cf0a-4031-afd3-33fd98000427,Control
b44203bf-de9a-4b39-946a-092684969baf,Control
2e82a4a4-af65-4e2d-a2d1-e45ff2e7bcfd,Control
5e08be06-2a9e-46df-8711-5be952eec9d8,Control
8b0a1cdd-5d20-4245-8e1a-de0e383407be,Control
2632a763-ebb9-4526-a9c0-9fd3f83ac555,Control
498755f0-7aa3-487e-a6aa-d294545f7b6f,Control
77928018-748e-4b9b-820f-6c19aff17804,Control
0d6fb778-ff43-4cca-993d-cd380a0c3459,Control
0ef42f05-9a57-4c5c-b2f5-255900eb6917,Control
8287e103-3699-421d-ad7a-b41c8baa2771,Control
72aa80e1-494b-4470-8116-67a995ce41a7,Control
8468a46a-0cab-436a-8f64-3c235b15541d,Control
b8b9d36e-a6af-4a9f-a52b-68bec9465700,Control
cf61d75d-de58-43a3-8ac6-4135a4581ed6,Control
294e6296-6445-4e11-a385-99c3184672b5,Control
38a9c4a7-dc24-4d1b-9c53-9d3287cbd73b,Control
f84d17f4-47a9-4d04-9f67-dca04fb102a8,Control
10e8eb9d-05c5-49e2-b31e-e7ab4193cf6f,Control
efe5cd56-81e1-456f-8d65-912ec490d9f3,Control
56c3e106-f50d-4948-a3c8-19b5bb1e73ec,Control
42293d14-45f6-42e6-aafe-23b9bd050061,Control
57254183-8394-48ff-b923-1f4bd350c2a5,Control
968500c8-9f45-45b0-8ef7-0cc49c216fc4,Control
a9d8210a-ef0f-41ff-86f4-94a403b224b7,Control
12905873-8081-4507-a1e4-4e11077734f3,Control
4fbc160f-b82c-43af-8568-1dbc285ffe82,Control
f693289f-468f-4b05-8f4c-1be5688cf825,Control
0db32fe0-6236-4988-a521-5699809df91a,Control
1e4b1312-6457-4144-ad86-ad799c866a31,Control
70c3f0b5-02ea-40dd-a971-aa2d2c7deb31,Control
3259d3dd-deef-4c3e-b17b-ebedae0a9fe0,Control
f7e7e4de-3657-4485-bf99-4664f6704eb2,Control
7e86e095-7d26-4785-80c5-a4bd39575318,Control
39f3b247-1971-46c5-9a2b-6ab28e8158df,Control
f1883425-fd01-477d-9be0-5962ec552e25,Control
bc3009c6-fb7f-4ec0-9925-907728d72ad1,Control
07f563f3-90d6-4b78-beea-495f7f6776f1,Control
77abe96c-1d5d-4e9b-9b6f-f6d2480c5ea9,Control
f2b897a0-ea4b-437c-91d1-28c2cc3c9294,Control
779104d5-39ee-43ba-956f-ac6c195c9427,Control
e8c1047f-24b2-4759-a26f-571c36875c39,Control
c025e05e-0ce9-47a9-a897-1170a3199cf5,Control
9c87a41d-0567-4ce0-8f9c-6ed12878fb99,Control
300bf7ec-7625-4469-b341-56a29dda4058,Control
59d94027-c5e4-4fc4-ab9d-e6e12e055871,Control
8cfd5097-10b9-4aba-b56b-9964de706fbf,Control
43d797ee-128d-4109-be0e-9b04738d2314,Control
74dac744-035a-4e94-a4ae-99be0a5bad37,Control
c77e33fa-84e7-41ab-8e0e-892b8d840d48,Control
05237054-e61c-4ef0-9c6d-d0e0436439c3,Control
6c6e3900-33a6-4353-bad0-29e11fd8bf32,Control
795c2960-a25a-475e-8afd-0ec2c478408f,Control
4cf24563-8fc9-470f-90af-ebfa967a3203,Control
e3ed4c29-e67a-4247-8a90-6e237046734a,Control
6f4dd562-4042-44e0-9ad7-7e5f0892afe6,Control
8004c09e-cb1c-4096-b63c-8ff666a120d7,Control
0e6651df-cf12-4b3e-b305-7b318cb9cf8f,Control
9b0156ec-af6f-419e-b62a-af00de4911e7,Control
922f3a06-e754-41bf-9da6-ab0f10ac846f,Control
a6dc478b-03b7-4c6c-8f31-81db1418485f,Control
476757ed-df00-4135-84ac-435bc4de2a6b,Control
c5e740c3-f1f5-4f05-8809-327a4b3fe705,Control
26a4cd49-17d8-43c2-ab08-d693b4b17275,Control
af0036bf-baa6-4d07-bdab-9b14f7ed4a48,Control
dced44aa-34c6-4b8c-893c-ee85ea498436,Control
c38649af-f5ee-4241-8f4f-f8923ae80785,Control
1e57a93b-7ed4-4369-b8e8-26ab1a44773f,Control
408f9fa7-20a4-4503-aa09-c69cbdc65986,Control
153ce97c-0266-4f03-a20f-974e7308d25e,Control
3adff873-77b5-4840-8636-a645b9d6e678,Control
069f1b79-800f-4dcd-a0b4-86e594358af9,Control
6895d174-a403-43f6-814c-125e25a5c01c,Control
c502df30-c7c2-43bd-9e90-8b9fac727273,Control
d0808600-e225-4bfa-91c4-1dba7a00c2c7,Control
5af13ca3-cdb2-4e29-b2de-53b9a52d01bf,Control
ae4eab57-61ad-48f7-b5d0-528190f3e493,Control
c35cba87-6ec5-4309-a47b-b6a27b6cc67f,Control
7f47f6ac-59cf-4194-9bb9-6f6e4b674bf1,Control
fdc17282-4e37-4dcc-b376-e2ab5aaa3402,Control
1de79066-18ae-469b-8f33-9333e62ad0e3,Control
2b855269-3110-4d27-a7f0-dce560092d98,Control
ab2b2797-8c77-4340-ac6f-659e97ac7fff,Control
844ffa55-9866-4bf8-a18f-f244d140af5a,Control
a4288992-bc4c-40c5-ab04-d050bf5ff23e,Control
18867c63-2744-46dd-a5af-e8187ef44536,Control
76a68373-bf7c-4cbf-85b8-cbfdb2a65112,Control
e75f5499-0a0d-4584-95b3-891db092aedf,Control
e3120c36-da4b-4579-ae51-5f4587e31098,Control
a31b2026-956b-4b25-83ea-3837f786fec9,Control
4cc2cb58-f0c5-4098-bcb4-211d11dd70a3,Control
e346a143-88bf-4245-9d9d-eb9159fab2e6,Control
6dc486f2-8f04-41ee-9a47-d31a206accbe,Control
6d17e7b1-3d53-44f4-a684-5208588530d4,Control
de6695ba-1e97-47e3-9bcb-758075ba5642,Control
d29568c9-b92f-499c-a5f9-38305e8ae5ff,Control
3b82a835-47a7-497e-b1c1-60d9e52c7e1d,Control
e86a77d1-6d05-4928-b9de-95d2945c5350,Control
898a1cd2-91c1-44b7-ae01-5766bdeb96a4,Control
881e10de-b015-470e-9aa1-2ec6aa85ccd5,Control
29a4990a-4b96-4a84-a5d9-96dd95bf8dfa,Control
80ca25a2-9a81-435c-b812-33d5272ef2ee,Control
11662ce5-e45e-4401-b66d-bd39178cb8bd,Control
8ab6fe78-2dcf-47f7-a4ef-805bf0c630a9,Control
e2caf8d7-069c-4474-8ac3-9ca83286d229,Control
40d73b0f-88e8-448a-bb75-ae3e991ad10f,Control
2c324bca-ccd2-4cb8-8694-120377d2ef19,Control
8099a9f5-5b24-49f8-a3c2-0be7bb810856,Control
b722d5ce-fa9b-4d04-add9-7d6fa7c93df5,Control
1906b509-239b-4af7-b8a6-fb0fa5ce73b0,Control
50a21693-a4fb-4fc6-80f4-55106889fce7,Control
cd1368c6-41a9-4fff-a5f3-f8fee98edae9,Control
cc103c08-744e-43c8-a5fe-68efa492c5aa,Control
602c12f9-2137-48fc-ab83-a37eab9e8eef,Control
5efff303-5366-43e4-9226-56289b5908c3,Control
2acf99cd-2fb8-4952-b5b3-f14b3c8e76d0,Control
2cde7bba-0345-4dfc-b4da-e592c3871ed5,Control
77bf4553-26f9-40ef-a737-c7b50b9cb16f,Control
a8f89147-55e2-4450-a3c9-e3cea767cd86,Control
da8f026b-50ae-4c4d-9048-fc0636062cad,Control
5f08e677-28ae-4530-aa8b-332b27770ed9,Control
639719ef-1f42-499b-9c1c-87a11ef15427,Control
971de869-2a81-4855-b016-755e221f8535,Control
8c0ff886-c1aa-483b-8d42-af08564ca293,Control
f1c60058-3eb1-44aa-86a6-f7330460c83e,Control
969b0c9f-77fa-4838-af82-90619f06a7ab,Control
0f3a69d9-0868-481f-bd7e-10e029a66e64,Control
4799c841-c31d-4183-a2fb-2a70d7946cae,Control
a318f7e7-bc82-4b4c-96df-78d86ee3fc1d,Control
31e0a183-f105-49ec-8815-0d49ab69f267,Control
a144948b-0ea7-4ec1-bf44-9b549f2d33a0,Control
d5c834af-483c-497c-a15a-80ed16f9821e,Control
6d16def6-017b-43c8-bdce-acdb48d9b61d,Control
8f024f09-9f7a-48e9-bbe3-bbd2467adb51,Control
53f414ae-e9df-4736-a315-5a1c9699f213,Control
8633c3a3-9f43-44eb-92a7-c5b09b445c44,Control
bd9e0ec7-d415-4f2c-bb4a-72da22d1a4af,Control
3a016fd3-0f96-489b-bb5b-9e4cc1f9a52e,Control
0eb097fb-ce50-4705-b959-01656d568764,Control
79a47f9c-d44e-4c21-8fba-823d77fbc1ef,Control
2a74a069-bc5f-4995-8172-fc22f9c78a94,Control
d9cc08f4-2a70-41c2-b32d-30a2683d1b89,Control
8fba29ea-b094-4b30-9615-07784e86601e,Control
a2e13f88-6433-41c2-b0c6-54270f8d6cf3,Control
f0fb0096-f496-4de8-b8ad-84ccbf954afe,Control
7d147538-4780-4d15-a2d4-8e87bc93150e,Control
a5110160-6bc6-4edf-8231-739b6dc530dd,Control
dd867500-b8cc-4c93-8eeb-1668bd25619c,Control
20cedf40-cbc8-4929-8165-c579ecc512d2,Control
1d774f86-796e-40a1-a5cd-6bfb61a38bc8,Control
582843dd-4382-44f3-90d4-685e9f641d9f,Control
ee450794-5305-49c5-af96-bd69f4172b9d,Control
1c28e615-0169-4601-ba6e-06c355f5b5b2,Control
b5c4dc28-fbd7-435b-84a3-3fd86f764018,Control
b4688564-a5c6-4d1d-a975-8a4066fff705,Control
7dc622f1-2810-4739-b009-e8c2d839e746,Control
207a1392-575a-4325-9ecb-2a6e1de96f65,Control
9fb2c933-2438-41e9-8f45-b800323adebf,Control
613ee014-09ab-4523-a9b9-3a6fcf4be21f,Control
ac1f8f92-10a7-4cd4-b054-e54d992e835e,Control
b1ba3759-5bf7-4761-bca9-396608173847,Control
ddf3f1c3-1413-4b8f-822d-f2af35f5a18e,Control
9687ec13-fa27-4fd7-b9ff-78212a1b02f6,Control
22695649-11e3-4178-80ce-b9784a2652a4,Control
ae49e1a6-79d8-44db-8770-13a9c1fcf553,Control
cbe9bcbe-6042-487d-84b3-02ce572e6c30,Control
c3a9db12-b4b4-4b0b-b1c7-e7591997b9f4,Control
ee7777e4-345c-4383-b1ee-11700888e395,Control
3a87629f-9b9e-415e-9fdc-319384781d53,Control
c1dab718-c4a1-4d1d-8a24-692db9f1a20c,Control
337a5b97-7398-44dc-adbb-5d58230e85c0,Control
d881077b-4e87-47d9-9f29-b601afdb82e8,Control
85ec78dd-c451-4992-abdc-f30c1d7453c6,Control
23081d22-cff4-4ecc-bb4a-313a6e6dadde,Control
9b07314c-2598-4826-97ae-33180268c7fb,Control
0d4ce0f9-2597-4593-8e4b-c1c42aa7ae77,Control
81c70b4d-5a28-49b4-a4b6-e7965e5c948c,Control
1585b2d2-9a58-4379-9195-a0bacb1cf036,Control
20fdc994-4940-4c22-b4ca-31002a38df31,Control
9c7a2dd1-cc91-4f95-a524-3697679e98e9,Control
aaf8aa05-18c1-4eea-9134-8a11c380e5d9,Control
40f75b47-3ceb-4a2e-93b0-aac30ac55fd9,Control
17fae639-60ec-4b16-ab71-583c11d026a2,Control
333507f1-0968-4179-8d29-36d671d9b9dd,Control
023b419f-5200-4c22-bf64-1440edcdb5eb,Control
378b377f-44e9-464a-9ba2-1197aa658ee7,Control
8bd2a6c9-e7ee-4f4a-b7ff-3881e2a74de7,Control
468c2674-6668-4376-aaa7-065992fd351a,Control
92f5c9a8-33c2-4a3b-a8f2-54aec963ccfc,Control
ac966258-1c60-487a-be8b-d493257bc0e6,Control
5c08770a-279a-4315-a2ca-28f18954ae6a,Control
0ed1bbf4-f1f5-4b31-83e1-1a552839df9f,Control
1d62b965-e87d-4c80-ba73-85ed472fc32f,Control
47b037b5-52c3-4440-8580-f1a03fe36ba4,Control
cfb95452-e4f8-4492-9485-a7d53b007272,Control
9b90e952-59f9-425f-9665-30f2eb5a11e4,Control
6bd789c1-f3b2-4629-bef7-262a36c720bb,Control
f22f7350-d31c-471d-8784-bccb2027e1d6,Control
f9c30c5f-0fd9-4244-8360-94d925c5875f,Control
de48ca0a-1f18-4cd4-956b-d87b0573a82c,Control
26915150-7054-4d28-b01c-aba5eac7b8d8,Control
d01bce9f-a448-4da8-afcb-f32f57297f36,Control
dd0c5775-c461-46fe-b524-8333e5e1719b,Control
c2bf8085-7d64-4461-8044-78ee6438821a,Control
978b5f6a-2561-4923-8888-4af4cf49bd21,Control
bd20e779-b440-4f36-847b-f8849dde414a,Control
ff4c6333-4066-41a0-a280-3db96dedfe56,Control
31594100-30cd-4040-8e65-686fbb4bd8a3,Control
ece61b87-56ac-48a0-afc2-fa93ef3f0ccb,Control
5ba100bb-190a-404c-863c-5185b340a08d,Control
010c996d-2402-4ffd-aea8-f84478027361,Control
10f70b90-0a19-4465-9f73-918f97828152,Control
a897ef1c-da34-42fb-ac7c-b054e12b4c5b,Control
22089e19-a728-4961-8a4b-5fba66aa3b66,Control
30d0167f-a72d-4743-ba38-521f45dbfd4a,Control
3ae01736-923e-4d15-b8ef-9e0d0a843721,Control
1b54efc4-25a6-4b87-8dc1-a98f6c7e40b0,Control
9e0c7689-b8d6-41a6-b668-1fb49f877e50,Control
b5f0914f-0659-4585-8813-ef51f25fa9ae,Control
00f7b4ee-6e0e-470f-9988-bf63a857b56c,Control
f74f3fe9-f230-41cf-9c79-b79a49a5150e,Control
8b6383f5-b16d-4805-9860-348b348dfdfb,Control
86988c36-304c-4d78-9ba4-3a8deaf27399,Control
be5ade3a-59b9-481e-bb14-835403fa57b2,Control
577c1a35-df57-4a3f-811d-f336fe750455,Control
4b42db8a-4d13-4700-9219-5cd958fb673a,Control
9227617f-1af8-41ca-8d4f-95eeefaf7560,Control
e1741cb9-89b0-4653-a96b-9c41057a1b0b,Control
cdd36321-fae1-4224-b9e1-9f364d9df07a,Control
b0684209-1eb7-4148-bd5e-aa9db36d1c6e,Control
1f67e183-b5d5-4e9b-8179-d57668613c53,Control
720389c9-d018-4cd7-8f3e-dfbd2c4cb554,Control
59b0f4b4-2c90-476c-9c45-14dca20eb958,Control
cba2eda8-840c-4721-9986-64a0d74fdb70,Control
4a9a7965-1281-4c1b-9811-f422fc5f131e,Control
7c2dcccd-a0aa-4e00-bd8d-5bafff4db6c6,Control
844781dd-22f7-4f64-8b4d-7fe2cc6c2dbb,Control
710df8f9-6942-4a2c-b836-4e4ccf32ebf1,Control
c4d612ca-ad56-4376-8d13-63716a60c2fe,Control
150e04db-8a88-4ecb-8a72-2d0296dfaff2,Control
51bd5d9c-7680-48c8-b91b-4afb4ee4ba90,Control
176185d9-3a05-409d-b9d3-0ee8a5f0231c,Control
2d7cf324-16de-44ae-9090-797bde87406c,Control
9da22881-07f4-4ca1-86e4-ce456202b023,Control
274b92ae-9d65-4b63-aa44-a9384878704e,Control
02ed83ba-6664-4f3a-a972-6935412574b5,Control
115a26a4-6fed-4c50-a2f3-0b1e046d0e03,Control
f16a7a93-70bc-4e61-b34d-0e1c0a35eaf8,Control
9ca7d2b8-3f23-4edb-913b-8a4ee5f64f6f,Control
2b68d6ff-a264-4e3f-8a93-793a49b217f8,Control
ecd12301-38b4-42ad-8873-9a753e026aa6,Control
7f37ec6d-9d20-4d60-b96f-b41dba486516,Control
5d38c785-d7c0-46d0-99dc-94c6f0d48b06,Control
9b472659-d6ce-4300-a26a-32628814b560,Control
6c6669b0-9821-426d-bd5c-03676bce6f86,Control
372318e7-a8ca-4b96-8f45-8e8d42f99ce0,Control
1ec0655e-6197-49d0-b0e3-bb120f236511,Control
0d4c921d-f506-4746-a6cb-e5b390844683,Control
9d964853-7358-4ef6-b4b3-3c6c51b2bc65,Control
4c457b5a-9110-4b7f-9e2d-d49e10623013,Control
c578dff1-384b-4b4c-b81d-e6104c0d8f67,Control
9e56c82c-cd1c-462c-a954-eac2dae2ece6,Control
39f2ceb1-a675-4495-8e44-4e59594d588f,Control
7937eb97-d952-449e-af48-a1a5f9136b35,Control
852cfc41-916a-4ec8-889a-79272ffe2181,Control
436f5048-895f-4a4f-807d-50d6b9315c3a,Control
e867d414-d044-4eeb-8a3c-6c9ee85a1f9d,Control
a6236cdb-03f1-456c-a432-773854c1e914,Control
24fc4077-ae98-4649-86a5-f97d7ebf3c8a,Control
e36ee5df-c9b5-496d-80d6-b8e2b72dff05,Control
5d1c17c6-bc6b-45e2-95b1-9b931a97ff80,Control
e8bdfda8-73cb-4845-a440-91cc36c0ed15,Control
b1bb8113-48d0-400e-b439-1192ef1d30de,Control
c708122e-4c9d-43db-92ed-6726784e6e65,Control
12f8bf40-54dd-478d-a1aa-bad0087778ed,Control
1ad8d126-10ce-4782-897f-498c090ca5f3,Control
65a5ed4b-684f-497f-82ac-099c49c0bb12,Control
32802505-98a7-43dd-8e55-b8d4b43194eb,Control
7bb69e4d-2aae-4fe3-8b76-f96bc36a25d7,Control
599c0b7d-717a-4022-afd5-2b01f3fade3e,Control
c9159c47-9691-412d-a13f-22e587667a85,Control
f3826d9a-e22e-4b3c-9d78-c037e5b35f9d,Control
2150d6b0-2637-4a2f-8c22-06c77168b0e1,Control
d3074fb1-1e94-404c-a813-c435a66a983b,Control
370283e7-5558-4c23-bbac-24980d82d641,Control
a1e3217e-cbdd-4bd3-a0f7-103f04cac134,Control
0ee594a0-2e6e-4784-bc76-0bae26079b3f,Control
44b2bdba-67f4-48fe-be43-437c00aab505,Control
3a8bff68-9935-44b7-859e-ee681c97de90,Control
1efd3037-9f71-4159-bc97-3f836a785220,Control
372f2444-5815-4eab-91a8-48bda28fedf6,Control
c7634219-6a65-4c92-9c66-57b43e88221b,Control
103cf4ab-1f35-432d-ac73-dd5e7106e90d,Control
6a6e4137-b2cf-4884-804f-7d602207410d,Control
076c08a3-a7cb-4277-b93c-61fc14495a4f,Control
f93af197-3096-4f40-8e40-aa5a86e905a9,Control
9718d339-5e60-4e40-bf2f-4bd749319d94,Control
8cf8f58f-6a3c-467c-8ba8-c7f4e55abcd2,Control
2a73dc90-05eb-40a5-90a7-2af4d37f7f6a,Control
b781ac90-353c-467b-8e9c-c8ce4100c7a6,Control
fbb84f17-c1dd-43a0-92ba-5fa7578eefe0,Control
67a2abc0-b5d9-41d7-bc11-6794ed10f1d9,Control
158a368b-8d42-4edc-80da-52d5790c5cca,Control
dd918989-5214-43d5-acc5-11f7cd457a57,Control
1928e9e6-7e1c-492d-bb8b-537c3120e58c,Control
6521b056-3e88-459c-a84b-9223929a24a3,Control
57725e10-ce40-4208-a843-f27f8bf660db,Control
6ac96c25-c5df-43c1-85ba-bab10114a272,Control
3fce0c44-bf93-43df-8aa2-d2855288588c,Control
e753e8ea-ff95-4dc8-b129-bc147d5774e4,Control
c34e3913-b70e-4dca-86bc-d8306cd762f7,Control
bb2ef8da-e981-4245-aa43-0f2ba4ddf62d,Control
44b81f3e-b2ea-4e05-b062-f515fd4a8028,Control
83a99412-01dd-4d7e-b6a2-4ff2b9217064,Control
f1701275-13fb-4c46-80ff-e2845f4477d5,Control
4b0ca023-8013-4692-a04c-dbd2c225af58,Control
20359882-a1c4-4466-b590-259cdebbd5b5,Control
d14c68bb-31e2-4977-977b-25e1eeb48780,Control
34f1ba94-ab59-4e21-9095-c376a390186b,Control
092e67fd-e41a-4797-a25b-8a51468cdd0b,Control
fbd3f8be-d3c8-4dd1-b81c-e9c59f5b5d93,Control
69b35ed5-32a9-406d-8adb-6541f01f89d8,Control
e0d16d00-f6a0-40ec-a6e0-c51c44cfde45,Control
e316048a-03a9-43de-bc53-0cc1bfd9130f,Control
25fb29ed-2ff2-4baf-b71e-43c5aa830110,Control
5067d14c-b88e-4db2-9dc2-47efce680513,Control
a8c16657-16ed-4cf3-90d8-da82259a110b,Control
6b7270b3-a415-41b5-a6ad-3c1655555e42,Control
e7658f47-831b-4e79-94b5-4a1f9a42f5d1,Control
5a9b47fa-ba84-4e76-a762-3c3555353260,Control
6df02f86-0c76-426a-9cd6-96f6b8af7b3f,Control
99cce8b5-07fb-4e10-8aeb-fa74e9fb40d7,Control
530d0bd6-7ee4-45e9-a631-5d76bcbf2900,Control
1626558a-e44a-4500-9745-d055dc558b0a,Control
51eed8d3-817f-48bd-a0a4-ed9fdcfbadaa,Control
54f44c0f-542f-4993-8f04-be8c3633fd3a,Control
94fc0bd2-b23f-4847-b7eb-f9783f770544,Control
5d23a37a-c675-463c-b042-97379a8801f3,Control
0af8b348-002f-4bbd-ac15-22f65263c17f,Control
8a4fe40b-5594-4c41-ae6f-447651c6721b,Control
9cf48ab4-dbc6-4018-94d2-913130b6e70c,Control
c2eedefb-baf5-490b-b64a-eeca868218c6,Control
4624b9fd-b862-4c3a-96c0-604e600168fe,Control
3f649d69-4842-4ed4-a868-05417413b4e2,Control
9a92b264-3707-4b98-8fb9-88283d559e19,Control
5d70602f-3299-428e-8bfb-9d4d5d7461d0,Control
fbb94397-81ff-4272-ad04-252f34250491,Control
81ced8f2-2594-482c-bf02-96460fa63dbb,Control
b2a26fc6-58b1-460b-b92d-02416005c764,Control
cce46f5d-fec2-4755-b58c-f0fc36ed6e89,Control
99393684-d70b-4f70-a5db-6334d731fa78,Control
2ecfcf10-e31b-421d-8628-87ac175f04ff,Control
f5e1aa77-232c-4466-a435-dca11601c837,Control
a8905c63-6cb8-4cef-9e9a-2b77927f25f7,Control
ac79461e-e8c4-4711-8d47-5836fb5d6b3e,Control
bc8b7305-3caf-457b-b611-960b949f67a4,Control
b3bfc0d9-41c0-4ae6-8105-5f3d5be580dd,Control
6fcd2ae7-ba14-4452-ac75-6111f709bd4b,Control
4a0f3a7a-40a5-4951-b483-c66c098e7fb4,Control
7af261c1-1808-45ca-96f3-42dd284257d6,Control
98553e70-d584-4a02-b628-f28822f8f635,Control
516d0ef1-f806-455b-9b30-26c536db0868,Control
b363e572-6a79-4403-a254-95c3fdf93664,Control
b6ed514a-f5d5-4df3-ae73-435c11d2aa8f,Control
c3f67407-15bb-43bd-b2ab-c11baefe0853,Control
3960295e-edff-467a-845e-71d04165af4e,Control
36802426-eaf9-4664-9bfa-6e71effd6b96,Control
b63600da-08b6-46eb-b327-fdb783b0ef3b,Control
64e26836-5ec6-4992-b392-04e0be71160c,Control
7da57cc1-8e30-4411-9722-4ea9e724b8e4,Control
510847f6-8b3d-421e-9df5-062aee6ae554,Control
0029fa14-d420-4f35-8426-0d369208972d,Control
2741eb1c-4b6c-4396-9d35-405e29a297fe,Control
e33732ea-1c44-4080-a587-807dc39b7f9f,Control
43f92ba5-4cb5-4848-be81-59dc0add65bf,Control
04bb6443-8e51-4e85-b90a-bd044b142bab,Control
b2490fd8-b6a3-49ca-818f-3e16f2d5e687,Control
372f4be7-8dcc-4cb4-88aa-dcdde394bc58,Control
82954026-f671-4571-9ec8-20f92d0c360b,Control
18357974-2c6c-4819-a05b-e02b90db0509,Control
b0db33d8-b6c2-4fbd-b784-62b5a7b86285,Control
8cd04bb0-0f2e-4447-b483-f0f2e534b694,Control
729b4a69-5fd8-4ace-aaee-d2d74fa8ce75,Control
01d3a584-8c3e-4b63-b493-85bc3a8d7b84,Control
ae14f0c8-d296-4544-8a87-c68c02b481b0,Control
d48e72b3-f9bd-4474-a299-4d94faf7e974,Control
dfff68c8-7f5b-4db8-a379-b488ac08613b,Control
b6c0fb46-945a-415d-b0c6-2020a1c69ed5,Control
3f0ba9b8-5f75-4931-9acd-adaba32fb874,Control
9677a8a1-5d4d-4c7e-86b3-065756c68be1,Control
aa5af48a-d0e7-4a39-a925-a03491d7ec50,Control
b5f63b28-bba3-4338-a1d6-075509d3cfb6,Control
f2578dc1-21c6-470a-8424-0fa940092a2d,Control
bf618533-093d-4691-928c-0ae0d0cf9b29,Control
6584b000-ad0a-4be5-9db1-e89c36eb135d,Control
0d950c96-ef9a-4264-8205-2ccb30c0ad2f,Control
18ce7daa-afe5-4f97-babf-5f1a385291d1,Control
48aca31e-1ab7-40eb-9cc7-5c1876a4ad64,Control
aa77361d-ac2d-4c80-8dd2-94d0f20b1b29,Control
401f4bc8-e369-4210-b488-10a8eb6e5c6c,Control
3a66e8f0-d890-4557-be42-40f9a3716aa2,Control
3484d053-0f4b-449f-8c93-a7aeee3c9eff,Control
8c4f8bd3-3986-4b83-a274-a962d553b0ca,Control
d5412da7-8e78-4cd6-9749-d92d6effd57a,Control
0e7619cd-74e9-44f5-8605-b27998534b31,Control
68923951-5ada-47fd-87ed-2ffc03e7fcf3,Control
5f82e868-a4d7-4c6c-a539-dd5065c94dd5,Control
c7cb909c-5d7c-45a8-9552-f382d940716b,Control
1903c0db-3dff-4a35-94eb-1bc28d1d4bb2,Control
c0d9db9d-f746-4384-ad95-68350d3c26ba,Control
bd7da981-d5f2-4a49-b904-95e1f28b08fa,Control
276ceeee-5e95-4432-a02c-6801bd2c01e0,Control
dc52dd55-cdba-48bc-bfca-153e082e298e,Control
bc2b4a1a-8af0-4d9f-a9cc-79d0325ceeac,Control
1cf5be9a-da54-4231-a8fe-c851cf974ede,Control
45e7ba11-f412-4eb1-a3f1-0068d5ccdede,Control
18e2ae87-a88b-4890-9075-4e8b87200363,Control
bad0e103-4902-4ab5-9418-58f0d000d2f2,Control
4267448e-cbc1-4a02-963b-c0775955647f,Control
506d0831-5353-4ae8-94d1-25082bcec028,Control
89064c3a-63a2-439c-a3ed-a779d8dd1000,Control
24802919-46d4-48f8-90eb-34883ebd60f9,Control
53844176-c56d-44e3-999b-f413a45e91b4,Control
bc84f796-05ef-4856-bbae-8d263c808303,Control
0c52c3d2-627a-46be-bc0a-a015b6c37500,Control
56d9b53a-edfc-4961-94b8-ab230b61fb75,Control
c8c6b025-933e-49ec-854d-b72dfb563280,Control
f29e6d97-d9f8-4cfd-bba5-3ac92c48558e,Control
aa1b07e3-87bc-4b52-9c1e-6151ed0341d5,Control
0ec3e6a3-14dd-48d4-9907-bb54558d8145,Control
d7ceb5e2-2007-4dbf-8ca4-4e83c7f5fb53,Control
985db2e8-7e1e-4515-b576-cd3422c36560,Control
65b96375-04bc-41f9-a72f-fa5115733ac9,Control
b37248d4-fb5b-4a6a-a4d0-ed2e298e179c,Control
27cbd38c-58af-4edc-92bd-00205922d231,Control
2e3d8cf7-edc1-41d8-9849-90af4fd718d7,Control
8b938009-8a69-494a-b999-0d78cdc17cb1,Control
60427a40-fcda-4eac-a255-21969c87d68c,Control
3ab2cf38-8870-4080-bdeb-d683405b277d,Control
d1ea495a-a27e-4a3d-b383-c2b44c951d79,Control
15b35d84-8a9a-4b55-bab2-fe6dd9c2e878,Control
b8a45680-0f1d-4938-96f9-6e06dd42f33f,Control
b3337520-da45-404a-a67d-4efe9c48b35e,Control
12ad99a6-36b4-4007-996b-b870cf4127fa,Control
a4496a61-0609-498f-acd6-c43fec21186e,Control
9c898bd2-221b-4429-b2c6-5eaa7c16f007,Control
e7342502-3b5f-43e2-b84d-c21b032546f0,Control
b3093634-5f88-405f-bcec-6a3819f44a22,Control
4c7ea20d-3c00-4b4d-8101-c5e1cb9357b3,Control
df9fa408-1359-42c9-8513-84afa44ded59,Control
02de6782-f52f-4181-9a9f-1ad10b1c87a1,Control
604c44d7-c79b-4554-a325-fc18762199e8,Control
ac5b26a5-277f-490e-ab85-3354d0e838f3,Control
8bf5fcf2-63c1-4659-8bb2-c8ede2f54e01,Control
6f311c2b-e88d-44cd-a21a-782fb95b6382,Control
80bdfd1f-0594-43b4-9abb-21a2a9f1bbb3,Control
fa3255de-2e7e-4bd3-86fb-fa9ad21ef391,Control
29817d05-28dd-4294-b16d-cb46beff7679,Control
76221123-0ec2-4839-96d3-1f951a2e3357,Control
9858a468-0a80-4407-bade-54026725b44a,Control
387c7b23-eb8e-4e1d-b4af-979b302e146b,Control
2548a406-ed20-45d5-814b-a7aca5e3389b,Control
23dd9010-e8d9-4154-8818-7abdbf8bfe5d,Control
27ac49a9-3b61-4573-97f6-b3ee3959adae,Control
d17c2c24-5540-4710-83be-53cde2f013fc,Control
efa28cb7-f0c5-40b5-9644-63a800c742ea,Control
8cfac261-d3fb-4599-acaf-98688612f6a2,Control
609bd3cb-2b56-495b-aeaf-465a3b280fb9,Control
2c356ab5-59b8-49d9-b342-468274419554,Control
9e6e35b8-7579-4b05-9953-51175809c685,Control
247ceafb-5999-4a43-a5a3-3d6ead0f2fd1,Control
ac978cc4-92eb-4e80-971d-1e2485cb7faa,Control
86be981f-feaa-463b-b65a-c360e9b70b7f,Control
490213b4-2d02-4552-9317-e4048e547778,Control
823ee93d-d262-4658-bbc3-ddf4986390c4,Control
84053c4d-890a-4f84-b5c2-ff4c42acd453,Control
cd9e2c57-db49-492e-a07f-ec685d4192ff,Control
ecf102a6-87a4-4d28-b058-e0fe0938286e,Control
dc07295b-8c50-4774-8082-dd197eba833f,Control
a841ba6e-0d57-4f8f-9c19-016d4cd45f1b,Control
32c46072-71a8-48ff-978b-483657617658,Control
6587dd59-7ad3-492b-9491-7b4eadba1165,Control
f4487075-05b3-41a9-8633-b951f3b9c73e,Control
d158706b-ff01-447f-beca-a6a1bd1b9cc9,Control
c79d44c6-fe98-4b7e-9eae-7f480c4f5097,Control
8e0d61b7-6c19-40f1-b2be-fbd2ec327399,Control
7ec54137-6532-4c9c-95e6-442a91b27668,Control
7040bcbd-bf48-4b37-9db1-78f208ab5b8b,Control
659d71f7-1fcc-4894-aa33-ff11cd49a2d4,Control
e8598984-6dbf-412b-8605-c361c32cbb4b,Control
0bd578a8-9c6e-4acf-bba1-9e49774053fe,Control
9481b125-269a-4a68-9803-af1099782445,Control
b70ed378-cc87-4740-9b1e-4693d139ad30,Control
bb1415ef-d3e5-4eea-8346-107dbe1dbc80,Control
778bec8e-cd9e-40e0-9654-0ed1c006f66f,Control
029c29e5-2d4b-4720-8eb3-3bd764344e0c,Control
3317daaa-9552-4a50-8ee2-d7c60c289f8f,Control
ea9ccbf9-b52a-4b08-8025-b19031f81c90,Control
7c71bf2c-6bff-448f-8475-a236944afa4f,Control
76dee54f-b044-4b7c-9d0e-170c39bdea04,Control
273053ff-ceff-4d1a-950b-39876412d6a3,Control
ec945d42-d7a2-433d-aaec-2803a5b25a58,Control
86a99370-4a9e-4f70-afe8-b735a32ea2c9,Control
643fcbc2-be15-4a6e-a5b1-ee3b5e985ac8,Control
4bae98af-1f5c-4656-83c7-01434e575af2,Control
a7d5e319-96a9-4924-988d-b01083a616f6,Control
93c83ea9-1e8b-4311-beca-0668c3d41ffe,Control
e70bf5f9-7a01-45c9-9c1c-aea7ffe3761a,Control
79fb533c-da61-4ff7-9102-072258ee1574,Control
aafc72db-6829-4405-9ec6-c3d9a2012aa1,Control
01d9d2c4-c166-4227-8691-643d4296dcd4,Control
ffa1bbe1-8c6d-435e-ab89-a4229186f668,Control
c3de6c04-4e4e-4542-b3f6-6054f7a664c6,Control
db4aa690-2c7d-473b-b8a7-84292ec9ac4d,Control
c8aedb13-1a8a-45e5-b48d-c0d6422b0d40,Control
6ea6ee61-26a5-482b-b5c5-f239061d14e8,Control
47ef8dce-add9-4b7f-adde-03315fee4729,Control
87120957-f6cf-41e6-99a9-09623da8eea2,Control
5b38b37f-355e-41b7-a618-c752c4bedc28,Control
5aa1e483-9108-49f0-b0a2-007fad1d4744,Control
a6734e0e-2ff3-4811-bbfe-d098059df5d5,Control
722a4562-5d93-4afc-8b48-e478ee131259,Control
abb1533f-cb88-4edb-8b40-7d0c7ce981c0,Control
05e86f68-0657-49fd-832e-8e7accd47bb0,Control
24ba090b-a186-4864-a860-00c40d4bc7e7,Control
4795bc3b-04e0-429f-97fa-7b870ddd2e95,Control
2f3ba868-a76d-4368-ae66-98f12b0c459a,Control
649c6190-e64d-46d9-92cd-077877a12e71,Control
95f6ad63-9709-47c3-96d2-ea53ef3ecbfe,Control
bd97f865-0bee-48ab-a911-bb0f91639d50,Control
73d96a20-b4bb-45af-bd3a-8fba2e62057d,Control
aa60b3d0-3622-4e95-8ba0-eef829f421c6,Control
08998bcb-8fe9-4a89-9129-6251e8859a30,Control
b185241c-62d4-47b0-8755-88d39971bd6f,Control
a86b6e72-8c45-4313-bcd3-c535a87604f6,Control
f8cf9510-ced1-4c7f-b25b-1b60720d8612,Control
62a2ca25-a80d-4ba4-bf51-70917a69e735,Control
b6a4b0e1-80c5-4088-8fe8-1c683a5d8b5e,Control
d83fb14e-2009-4ec7-86ae-67f64d30669d,Control
a04c3b0c-70ff-4ba5-9f2d-8f032fb539c0,Control
482d73bc-8573-498c-b667-04eb6424b5a4,Control
6cbceb49-17f5-424b-87ee-a8b90b23d1a7,Control
6d1a6ef0-2b90-46a0-a85a-7987f04ed99e,Control
7a3a844d-f6f5-4c37-8395-8ec87c2bc1fb,Control
be3d54a5-75a3-4900-9c27-be7073830839,Control
ea56924f-8c2e-4184-bea8-a8acb8dfcf0b,Control
7e14f568-5dc3-4cdd-a4fe-05c13940a415,Control
89bf1ee9-5578-42af-8965-d9543da7248c,Control
bd2d7b0e-67e8-4df4-8c35-07f4a7421da4,Control
d4f0fa9c-0665-4905-9dbe-a4c581d1c937,Control
db566a4a-6b44-4c16-be85-b2c6be240fa0,Control
3902f517-7fe5-4a73-bbc2-c798b39f60b2,Control
6b385037-0b9e-4083-86f3-5dcee0abf5f0,Control
418b54d4-9477-404f-ac8a-6897a6867eb6,Control
dc5eb520-8ec7-4d79-8d4b-5a24995bfcbe,Control
69d7609f-53e1-4dc5-8638-e260a6072fa0,Control
741f5842-4fbf-4881-844b-52ee1577260e,Control
ebc5d29a-7b26-406f-a8c7-7e29246060fd,Control
eb86da52-a1ca-4669-9591-40763937663a,Control
48a91f11-b6a1-4aad-ab43-2ca1147a1440,Control
bf13f778-eae7-4bdb-88a0-44b9c953a5a1,Control
5fdbc985-3b67-4b92-85f5-50cef01ce41b,Control
7b715098-d504-4f8d-bc56-cf15da14d214,Control
4834885c-db4d-49c0-abff-d3c8c61328f8,Control
a919a699-e788-4bb3-9b18-b6763c500fae,Control
4a36ae69-1cc3-4b6c-bb6d-43812ca6254a,Control
43b6647f-3ca9-4f79-a214-9b655ae8d219,Control
737f936b-4a46-45cb-a339-6340f477e0a9,Control
f4490a92-050b-4fa7-ab57-9b254e62702c,Control
13cdb957-093e-4b46-a429-11dacfd9420c,Control
13ecc7ba-2410-45ff-8c85-d1f09ff0965d,Control
fbb5331e-24f9-4727-98ca-1cbe2eb394e9,Control
0a829d8c-f998-479a-ab43-052786ada2b9,Control
7409a5b1-82c9-4df7-8c79-bde57663c898,Control
0d1fb3f4-e706-427b-964a-17cfeb8f1c4e,Control
74e2fc5a-44e8-4d8f-abe7-12f4918c6d5d,Control
321523f7-354b-4d40-8d74-4383c9f6cd2f,Control
54b6cb66-1450-4d9d-bf2e-e368e62d90b6,Control
542a7e0c-90fc-4c03-ab22-771caf3bb295,Control
f19dd635-b108-406c-8323-2772b4cc526f,Control
08e1798e-be02-4875-9177-b47231ae6db9,Control
8503a573-bf3f-43db-b0d9-70db7c714312,Control
e6290112-6f83-49ac-9bf0-77b27a29ed74,Control
b35209a4-1cd1-42bc-84b3-e6147ef544bb,Control
0d233ff4-02b3-4baa-a5ce-6eb106a7ad59,Control
adabf3db-6f60-409e-897c-28127a5e56a5,Control
9a03b100-caa6-4d72-96c2-a752bae7684e,Control
703c366b-538a-46a0-9103-024b784a30ff,Control
b8af2ca5-34ce-4fd0-930a-16e707910fc4,Control
4390cf3e-9ab8-437f-a355-33955ef1c53f,Control
d2ab6c24-342d-41e9-80d9-c212b139c0b3,Control
3896df92-758d-4c36-82f4-d43be47708cf,Control
2feb9701-9a8e-45f1-a668-6672ed89f857,Control
e87bc0f6-5fe9-4724-8a42-e9ef721e4cca,Control
606f8bd2-0a73-4067-974a-208c8ed9ee21,Control
e0e2e0ff-292c-405d-b0b0-a803ca8110f1,Control
a69947b0-8ff3-4800-b1cd-9d610bf60f7d,Control
d821cce9-4f81-46a7-a42c-26c6a13ff5a1,Control
4406e4db-5001-44b8-a10d-7ea1dededade,Control
59fcfbe5-6c58-4e19-9b1d-81d42bd3a7c8,Control
d64b5fae-5fea-4ea0-b887-f70f791f7a3c,Control
afd4cde6-d45e-4aca-a2b1-6cf4a99f534a,Control
bb81e4dd-0790-4ffa-93d5-5bdfb987f0f1,Control
65662b13-cf87-47ff-9cf7-c1a41dc38252,Control
4a8b72c5-ff86-4a4b-99cf-7ffdf77203df,Control
bdca991c-427d-4ea9-a635-0cb9ed3704c9,Control
0d0f3c69-48fc-4477-ac91-7af4db574e13,Control
6eb0288c-2403-46f7-8f01-60c2a1bbd14f,Control
6775f780-b1fa-4f38-acaa-44805a5d2be3,Control
682f7d32-06d8-435f-8dda-7e38ba5cddb7,Control
b9fc824e-8d60-4438-9ac6-c06fb67f567d,Control
edbae764-6af4-4b80-93ea-01954a698243,Control
2bf3b881-d927-4f21-8b09-452c7170f118,Control
e238a51a-91ed-4397-8883-af609e448cee,Control
173eec08-18ab-43a1-a4b0-7d5781cfb75d,Control
d0ef93ee-8f13-4f37-899b-5a6e87479cc8,Control
6f192c08-fb61-4894-80a5-9f71c379af4b,Control
93d7108d-179f-4625-83aa-48af99bf832f,Control
301302d4-1d69-4893-8dee-6fea0913dae5,Control
2a7f5c72-5e83-43fe-b877-8d51775b337d,Control
9d1c4e06-5330-4956-acf3-f68986a8cc3b,Control
2de8e71a-e270-4f99-9a79-584914ce635f,Control
f9e8b4a5-79a6-44c1-9a0a-35cb8c08889a,Control
a96f6e9f-df1a-46e8-bec7-d4a6ebde8046,Control
e5859198-3949-46d0-818e-ba655a607beb,Control
407c87ab-2815-418e-b64c-d97edc1a5ca0,Control
1aaae13e-ded7-4d61-8723-df1718e06948,Control
f2870591-884d-4d43-8e6e-ee9d09d2ef0b,Control
037def33-400a-4ff1-85fc-43bc292c3624,Control
f16e92e6-926c-4e8c-9411-6560b4971934,Control
d3bc8a8b-cb52-4a99-8a00-db4631262de2,Control
ef85750c-5e10-43f1-9ed0-8ebc997be742,Control
c0f98c98-0834-450b-b4a4-5237f0ac66b3,Control
31930ada-d224-4e6c-ac51-5ed28245efd0,Control
2c473eb6-5c36-499f-bee8-55f632bb7302,Control
2e63e645-78c4-4dba-9ba3-e45b32bdc6d8,Control
ee05f24d-f6b2-407b-8ae8-35e28acfe50a,Control
288b5dab-0595-4f93-b212-228030d7fa4d,Control
cae551fe-f5e0-4fc3-b90a-b105eb6005c2,Control
d8a89012-29fc-44d4-88b0-f92a8276487e,Control
a8fb1656-e1fc-456e-9f2f-f6efe6aa7c5a,Control
142172ce-753a-4bc4-87f3-e748cf9a626a,Control
bfebdf4f-e17f-4328-867d-cc4f1430997e,Control
b46a4dc9-d08b-4e8b-a1ae-8dcd563e13b0,Control
0fc8677a-7f4f-43e1-b04a-0ad0adab6f61,Control
614eda03-cf59-479f-8481-390ff342dabb,Control
b5a88ae0-beca-4d14-8810-d8b820b3f78c,Control
8a8f0157-5379-4c66-a16d-d5d20271cd7f,Control
e9890944-627b-49c6-97c3-e60a9e50778b,Control
0952d7d4-4573-4aaf-9e93-60eb48dab08d,Control
f522ff5b-9c34-437b-8d37-2f00f66fe119,Control
db1b6154-6226-4938-8983-8ad0af7dd431,Control
c3b8ef35-7b3a-4162-bb90-e9d6a5f9c118,Control
5df03814-97be-48a8-b9bd-00720d427e1a,Control
9fa5f8a0-7bf1-4e91-993e-f4aff3229ce6,Control
d76bd877-17e6-4e1b-af37-39251e82bb6d,Control
0cd8d3f7-be93-4714-8fe9-234514d741be,Control
6aae4c89-c67c-45fa-a4fa-efd66da42698,Control
03578189-39ab-46a9-b410-c0b516569b6e,Control
3722315b-7749-4b6a-9745-9c141db96f6e,Control
e4ad06d5-8f0d-4863-8dcb-26199ca73d1c,Control
3d32f929-31d0-4144-81bb-4a5564e12261,Control
cd46015c-bf72-442c-a7ae-c0585cbae1e5,Control
9cd301ae-ebbd-4e85-a021-5cad917ab893,Control
67ade630-2b3b-4f3f-9b1c-9f6acf642264,Control
24967371-2b5b-4089-8486-1bf2e508a8d5,Control
b0d95ef4-0d96-4669-ad5c-c8b48b81d059,Control
832934ac-1f87-4be1-87b6-baf4907f411f,Control
bd30a2cd-39a6-400b-8c01-3300ee17a341,Control
45a97aa9-f780-43e9-8782-18ba57c16935,Control
47912740-395b-4441-8ee3-00f69b497cf7,Control
cfe38cd2-64ca-425e-8aaf-7b5550c12f5e,Control
dc1eaf0e-3629-4961-bde8-f4a26c202e32,Control
5f44a404-69ad-4c60-8539-f3765b985c5a,Control
2f4f1d60-5e42-4747-9849-c7be6734a7ab,Control
4efbdfa5-3815-4ea6-9910-2ddfe53ff4ee,Control
23424c65-8090-4ff2-bf9b-8781fcbaed89,Control
19dba2bc-1c8a-41d6-bc09-340351b95bcd,Control
b0cbb4d3-98bc-43c7-a45d-bdd0eaf52831,Control
936dca6d-81d6-4f30-94ca-19a927d9a998,Control
965c60d4-ec4d-4876-861a-72763cc5987a,Control
0d4601fb-3001-4a2e-81bf-7ea2489f9e6c,Control
6bcb5ef3-e0be-4adb-93a3-7d75997fb233,Control
95349f18-9706-449d-af36-fbc65ff353e3,Control
6d78f091-21c8-4804-83d0-96621451a6a9,Control
e03472dc-3034-4b48-8d88-e609c97cf3e5,Control
33377e93-71b6-44d2-a89c-2017117d10d1,Control
e263a275-23a8-479d-8624-8e3f1feea560,Control
5820c3d8-8ce1-4fab-838c-e68f3bee7299,Control
6ace0406-1216-42fa-97cf-5835401bf75f,Control
68b8b02c-a39d-46a9-a094-96009e40dd06,Control
495fd376-7478-4136-81b3-e51e763b0e1e,Control
a54942f1-ca9e-4b6e-b882-8f3f9e7e6a2f,Control
dd61704f-01aa-4407-a183-755791fbcc73,Control
c375b6ac-77bd-4dfd-9bfe-e1c1595b1de1,Control
3aceed80-8dce-4634-a297-3d1582ff1be9,Control
b17959fb-dd29-443c-b9c1-80c24209b855,Control
69f2c995-54db-4efe-8827-b89add6a05a0,Control
bb449866-e326-45ee-a423-b285db6544be,Control
3bb6197e-7550-4314-b7bf-c0cff4b36028,Control
06833091-e0b5-4e77-aed9-33b270e89bbd,Control
933683e6-0a01-4493-9d6b-49b79ae2bf67,Control
3517bb32-5e05-46a9-b47e-92a7a9703f40,Control
b8014981-fc96-4613-9f0b-0718bcaa2b4f,Control
29cd9425-f4ff-468c-93a9-95f24547d4b9,Control
e6c960c3-ad3f-401d-b362-6cf4766ac91a,Control
0ece922d-9ad8-457e-8a98-814e3ba50c4d,Control
8071cfff-3945-495d-9dc7-6b05102f3fd9,Control
b91e2cdb-c000-445f-9516-31c45a87fc32,Control
14931469-3688-4035-a100-40c157830c60,Control
7ed56a5a-2c66-4a8c-98d3-167a5e2f9ec6,Control
54138d2c-75ed-453a-bced-10abf2d89ecf,Control
9535d66e-45d3-4d27-96b3-61b71a191e67,Control
0de8139a-c5ca-4041-be44-98f4617d2141,Control
3d675f61-8f4f-478e-93a0-09f485c80714,Control
ef321370-1054-4874-8566-5e5faf050235,Control
454a859e-a2af-4466-98c1-dc541a336c69,Control
051a760c-ed7e-407c-b418-dd47184c3092,Control
ded9216b-00b6-4c1a-afc0-b5f9a87b67f5,Control
333859f0-f91e-446d-ba95-0b932f76f85c,Control
78023403-720b-423a-b488-464cde3bbd31,Control
4c30ac0d-b240-45ed-bdb1-d6d4202b5be7,Control
eaa6ffc8-ed16-4cf5-b1fd-50bc5c13aea7,Control
f027ceda-95b0-4889-bc47-b59d4b191ef2,Control
2b0fa7d3-ebaf-4fc7-90f9-fd66102e8a39,Control
9a4e2795-b773-4a3a-8ee0-0033fc9ac7b8,Control
7fe92011-cab4-433c-b11b-8937b43b7031,Control
11809905-57ca-48d7-b746-b451b5e8c26f,Control
36031aa4-073f-4e16-9d89-2b56852cb743,Control
6203cc64-c172-410e-a2e1-8cd5c90b8de0,Control
14450c91-9ca0-4d88-b191-745ea09d0308,Control
9f94f485-dfc0-4be9-a0ae-08c09ccfec79,Control
38feb03b-b9d6-43da-b9a1-025026ecf531,Control
b7b2708e-4285-4304-a4a3-d9249c6a9c21,Control
55135416-cfcf-4fb6-8839-22c6f1d2a410,Control
52626f9a-48c7-4163-8882-9ea74cbf043e,Control
7324c622-a266-427d-b09f-92dd960c016a,Control
ba477fe3-b71b-4978-ac71-bf102804e5a1,Control
a4d068d9-4613-490e-b085-b1fc29a26c12,Control
09f14646-a5f4-48d5-8750-45028d427660,Control
e5c97109-fc58-4da2-9345-7b9577c974b9,Control
f408be3b-068a-4a2c-910e-7656dc80a9f4,Control
ffd2163b-d820-4bc0-a9c5-156eb6508b02,Control
df61ced8-1434-42ca-b069-a6ab94702fe3,Control
0e122877-ea91-4ba1-b058-72f0a6ecbbbc,Control
5c008bcf-c464-46a6-8442-6e2219874087,Control
7149aa87-acbf-45e6-904d-8acd0109025f,Control
c5c7dcc9-b083-436c-b080-51c84fc61230,Control
c7e80b23-f002-401e-8a40-a21871553a9f,Control
0cbe3e8a-3c70-45f0-9629-4b862dca8206,Control
5a805857-0b0e-418f-9602-ba48b9b35765,Control
a8793acb-661b-4929-9c64-cd72f482b2f0,Control
d37b1360-a480-4f7e-9abe-83a7571e739e,Control
ace8dc4a-8aeb-44d4-ac90-016198a9634f,Control
c4394ae0-8b20-4f66-a34e-8a0c35ad2869,Control
8d31d8df-0af2-4b9c-94f4-4074359839da,Control
867ff18d-a193-4e3a-b366-9a436062d68e,Control
2c8f233b-33ff-452b-931d-025fdb8bde03,Control
af0bdbf5-b27e-4b0d-a901-de8697de75b2,Control
8294d9ae-fd55-4f90-ac65-9aa8713f6eee,Control
cb28ecaf-ee42-44c6-a9bf-f229a26a410d,Control
6ab8ab68-d110-455f-9116-ce4d36434ec3,Control
cd815ddc-6458-4a0e-887f-9ee7ef729627,Control
981476ac-a337-4b73-ada3-d799f705881a,Control
d9be3ebb-446a-4a33-a6d9-83f8da8219e9,Control
e2ffec37-9468-4c7c-a7ff-f8b36f18e4f1,Control
0283da49-10e5-4013-9504-fc98e6a77fe8,Control
c8489173-9f6e-4184-b8bc-e8a39abde0be,Control
ac0a6d8f-11f6-457e-bff5-b1bf9e8c3390,Control
86e37fe4-586f-46bd-8269-3cd0ab773493,Control
1e58edab-e39a-4bdc-92dc-9ce4054581e9,Control
95caceba-14d3-44d0-95ff-008644482308,Control
ad1e002a-1d11-4e24-8ed0-2967f5e13de3,Control
67a5f5e0-58cd-4a24-b83c-3faa0dd2d328,Control
e982ab3f-6fb7-4b4c-ab46-d2b07f296735,Control
158c77d8-911f-4a50-837a-8cdfcb2dfe77,Control
aecfee1a-9a1c-4725-b961-b306786521b3,Control
621e24bc-13e7-4767-88cf-274ff11570ac,Control
c8639040-52cb-41aa-8b11-1ae1ab58041d,Control
74b545fa-0e17-43bf-86be-9d7f0c1eb0aa,Control
5903fa61-6319-41ba-8857-e7dbe69e92d1,Control
440d2166-ff38-43ad-b053-fcb592994c6d,Control
d893c732-e0c2-45df-b6e4-4d390c022e4b,Control
74a060b1-81e7-4a62-a844-4a7c620e6cc2,Control
1adf1360-b756-4c27-b5f3-8d52adefa8dd,Control
d5d9b462-e64c-4cf9-b34b-dfd8a693aba9,Control
ae6696a4-6d7f-4162-9609-2744fc8edba5,Control
19493957-e68b-4316-a544-07352853f5e3,Control
276727a8-94c0-4dbc-95cb-f35e286a8d5c,Control
fb8336e7-def9-488b-a2c4-bef84fc51c0d,Control
a6ce9576-58ef-4336-948d-a67860d1d07d,Control
9c875504-fda0-4c79-9e53-e569f419573b,Control
a1e97c43-3b6d-4514-bc58-8c5e0fdc8ee9,Control
afb41bc7-466a-4aec-a2e6-5fbf6d38cf05,Control
8b151da1-a00a-4593-bfa0-ae528136c0da,Control
b70b2e42-ae55-404e-88bf-8707aed61c6c,Control
f3f7e178-50ab-4442-9f05-f63318d0ca26,Control
135ce4cd-c215-4d94-b4fc-96cc2a4a7478,Control
8c0eb355-37ce-4c84-af15-2c0c3f923caf,Control
fee51729-85b2-418a-97e3-1f78d3fe5be5,Control
a300cb7b-03d0-4031-9653-57b9eee89ee6,Control
1c84695e-9aeb-4dcd-ac9d-cfb2a28e85e8,Control
8a5c528f-3b93-4a8b-a489-fa1b62f33c41,Control
0a7bffe2-b792-4828-93f5-ec6ffd20f5f7,Control
0729b524-1e79-4bc4-98ee-4de0d6dbaaf7,Control
cf1d031b-29c3-41ce-8d95-9577c3608fca,Control
c679414b-ef5a-406a-8c93-a094c00c5c7a,Control
d597d5be-9a01-4438-8feb-6dc5be504e6d,Control
1c421fa5-1baa-4ee7-a16e-58b6dc4179bb,Control
8e59aea0-ac2c-479a-a3de-fe520b7f4c1e,Control
d5939933-ba29-4ec2-8230-609eaffe4c17,Control
92164cd1-1689-49e7-8770-76c3e4035365,Control
67d1e157-ccfa-4fa5-b5d1-4819ce20b58a,Control
4574f525-0c89-4a25-a619-02a9d4a31cb9,Control
72ebb3c0-ac0d-4cdb-82b6-eea25496711d,Control
830e54a7-b053-423b-9e9b-0e89fb56884a,Control
7463b317-24a5-47fb-8264-8dd3b2585345,Control
ce5f661e-358e-4759-9f78-31f1ce501868,Control
1b58860f-3e97-40f9-ba05-0695a265c90a,Control
71f277ca-1c6b-4c71-a025-e5482b2a20e2,Control
efca9b1f-e374-4328-954f-7047285a6c5e,Control
cddb5846-8848-46b9-b706-a805bb9ddd27,Control
a96aef83-8ef7-4bdd-93a3-223f5261125f,Control
5f53f5bf-4318-453d-8440-c2644dcb9733,Control
432fe20e-5494-40b6-bbc5-a4f905276ffb,Control
59d144e5-d1f7-4c29-860d-332b8a7aa90d,Control
e10fc6f5-4c28-4094-9691-fc213e52476a,Control
67f1c564-1abd-4504-bdd0-1fa23b1aaeba,Control
754f0fea-c0ab-41d0-9d28-f4b910582a32,Control
de0f7124-6b54-4e35-b086-6f54a473a339,Control
0b956133-c530-4e34-bd5c-4721d35d2a89,Control
9ceda2dd-1d2f-4701-8830-c74daf6c0cb3,Control
72efa090-9b22-44f1-b021-26a2c6d3d2e4,Control
35c59ef2-a18c-4e05-b1a1-946d052eae24,Control
fcdd79ee-3c92-4bee-aebc-8334d8d00eb8,Control
d4b5ac10-2f04-494a-a2fd-6b73f51ccac7,Control
d077533b-e446-4860-896c-e0ce88ae4423,Control
cc5bfef7-b064-43fd-a816-de33e800a490,Control
d812201b-3d54-49d2-b71f-d585edd4da35,Control
5fd76f9f-b475-4bd5-acce-733d0c62f4aa,Control
31b1d8f3-87f4-45f6-b267-64bd3187424c,Control
81422d82-0ec4-4da8-aef4-9e6dd0a7786e,Control
2df7b836-0a46-4db0-a9ad-9876225ea6fc,Control
b548f41d-9628-4471-8de7-74afd94a4f4e,Control
6bbf402e-d797-492c-8cb4-d887c1a3e110,Control
0892e738-31e5-41c2-974d-dbf87e6ba8fa,Control
565a7c3b-135a-4887-963a-f379fcb334e3,Control
3c4e0809-c3f6-462f-92a2-b682f8cc3fbc,Control
7da10a74-6b15-46c8-b2aa-4ed4daef0812,Control
e1d1d247-1183-43f1-b073-97302b270b03,Control
f8cc4737-433d-463e-b097-69228a328ff7,Control
e1397af6-69d9-47d0-b085-d764733372a3,Control
7ae85325-c190-42ad-a8be-196f817671c1,Control
7abb751f-318f-42e3-9620-799b84e377ad,Control
7938976f-5b61-4864-9789-3e730ea2775b,Control
82e2e247-54ed-4f71-9189-ca77641a9029,Control
4bce93ef-8819-4bd7-a107-eb75e15dc962,Control
90e4feba-7405-43f3-955d-6f3636eb1a4f,Control
a930737f-8877-4385-870e-edec23a19f08,Control
ee521319-ef86-4a5a-b6eb-c7c9b6e107d1,Control
45e62cbd-3324-484a-b42c-30e059dba441,Control
f3f380d6-0bad-447b-9efd-2a87c318fd59,Control
9dc4fbf1-13d2-47fc-a3e2-cfc1a69ec014,Control
0fc171e6-61f0-43bb-9693-26d2dd5bf431,Control
82505f3c-e4c1-43b6-8958-c73a6fd0c4c8,Control
c2ba1c70-9e50-4083-8648-4c15da76203f,Control
7eed09d9-8773-4b9c-8dac-433ad3d8610c,Control
9428e613-2a2a-4a34-a574-6247d27cfeb0,Control
f3215b8d-93fc-4083-a235-d1612f228486,Control
d67372a7-ec41-4002-98f8-00f7830586a2,Control
75b8c610-b1de-4aa2-acb4-a6e560a3bfdc,Control
dff5fa80-48f7-40e4-ab52-9916f9a96362,Control
ce3c0fdb-d466-47db-95ed-ff265ccfe3cb,Control
0e454bf8-e69a-4424-8764-36a0bd0a44eb,Control
8c92d075-1b47-4310-98b5-445877e70c65,Control
d0b997fe-8220-4cd5-a07e-813f5474fbbc,Control
443a331e-83a4-4621-8b05-9724e56934ac,Control
1fbb11d3-c7f0-4904-9d08-b5a1697c4c1e,Control
1a785643-c010-4ac3-bf95-796bfb855088,Control
a2cbb208-94e7-4344-b2eb-ce71bcbd2e26,Control
241d6e51-f18a-40d4-a0ed-d8d0088330d6,Control
b725774e-341c-4232-aa46-692e79441320,Control
0c8f154a-74c9-433f-8e62-59bb759d3bbe,Control
2e303da5-9634-4e46-85b3-cad66a6878b9,Control
0af1b864-a81e-4f42-84f5-16b0b49c8722,Control
2020d6a4-3a55-4037-8b04-b4f4185ec707,Control
19541e0b-494d-44da-bad9-067c53a1c442,Control
b4cf61e3-9a1f-40d3-8d41-0925fbb5d199,Control
a78c30a4-e005-4163-9243-f6269299d7cb,Control
c354653c-2387-42c4-9f94-5bbfe229b1b2,Control
ad0705be-ccc9-45b1-bf5b-1413be7e0b6c,Control
22b453a0-b85f-4fd2-8712-7d9b93181f18,Control
ef30db08-4720-486a-94e1-ec726476836e,Control
cc771510-cfe7-4fc2-8694-455c15098c39,Control
746de7d6-c748-461f-bbe6-7fb22e95c9bb,Control
6e70aec8-c958-41d7-8d9b-3e0f4af9328e,Control
52730a9a-88ea-42de-8b83-1063d2ecda5b,Control
46326c2c-f982-4f5f-ab06-2753a7bb030d,Control
08913b20-809d-4793-8139-dec0f26d8b61,Control
bf85c09e-b108-4860-b23f-aa4fb71eff81,Control
a0e335d1-1c5e-43a9-9325-24ead360c29d,Control
0841725a-2a72-4500-b515-b6ac1550b363,Control
633fee5b-4554-4c82-acf0-517b7fb26d34,Control
d53938c8-c4e2-4630-9f13-cd355cb7a762,Control
7758f4ea-f918-4e11-af6e-a96e0bc28298,Control
0bde49af-b447-442f-af7a-43c7b676e7ff,Control
652d6188-8481-4dbe-a335-ca21bab57cea,Control
1b519144-6596-4152-b862-51651426bb01,Control
f15ff4a3-4aad-40b8-b8b4-2c8bb8889278,Control
ed12490c-45c3-4dc4-bee3-91c5d29447e5,Control
f378ece1-4c04-4b76-814a-77339836ae1e,Control
2eb10391-4bed-469f-b544-1f76cf321b5b,Control
397c65c8-ef5e-4bdf-8d23-0587494e9e93,Control
952730ad-81e4-48b5-a0d4-2c33a195c01c,Control
9d7e0abc-dd73-401d-accf-1bba52f6d10b,Control
338b98a7-55d0-4207-90b1-a6ba5aef0453,Control
5fdbea43-8b2c-40a1-9245-a01bee424fc5,Control
d00430b5-d200-4614-9e89-699ce355ca44,Control
5b1fa8dd-d167-4f3f-9dc1-a56642aa5954,Control
b60b7976-3fe1-4aee-98b8-9074a01acd98,Control
369afd67-ab9f-466e-8e8c-01e874ed7d40,Control
7a3dfa5d-26d6-4322-8546-b11ecd9b24f2,Control
5d4b379e-1cf3-4650-be3c-5fd306512176,Control
b95297ed-b6a4-4fa5-8ed5-2f733d8c03d0,Control
a23396fc-e66a-4738-a8ce-4ad99fa68692,Control
412191a8-31b1-4af8-bd4f-e84704f7d4e1,Control
750a0599-90cb-4080-8805-25a1fc70d2de,Control
e572c7ad-be43-4a1f-998d-9a07c2817e47,Control
aa8ab32b-0470-4c45-9bbf-1e8013cbefc8,Control
f63e24e1-45a0-43c2-beb3-d59ea848c380,Control
4301f48a-ca92-406d-80cc-44785baa2475,Control
0369a982-ef8f-41fd-85d6-bcac73238f88,Control
a3636f6f-9d65-4b4e-a7b8-607d7119958f,Control
edf8e365-bdaa-4a96-8d6f-fbc7557dbf71,Control
99004957-505c-483e-9780-fee8ea92aea0,Control
da6cfeeb-e2f4-41ff-9697-ee2e9151d8b8,Control
e201bef8-1dda-4fc2-822f-c0f84cda6185,Control
a3e8b2a9-40e4-4333-89a6-983ce721d237,Control
c2614c8b-10aa-469b-8f00-15d4f6ef7cfd,Control
3bcccdb0-82f3-4ff5-9688-de4388704773,Control
8fb9b70c-b85f-43ac-8b47-a679685b95eb,Control
98e51c23-c860-4f88-9843-d2c06ce26108,Control
90141620-ab98-43d9-81d3-704b1365991c,Control
31126cc8-ec97-440e-8d77-07e588ab2cc2,Control
2e003329-eca6-4f80-b8e2-7c9fdc0998ac,Control
941d3ce3-c3c4-42ef-af8e-9c0bb9f664b6,Control
f62ca94f-49d6-46fe-ab94-ba84f922d730,Control
48985eee-5f94-4e4e-82ae-89bfe65528e5,Control
911d0016-02af-4a76-af4f-223bbffcc409,Control
7ae9f327-64ff-4141-8fff-3ddd2e1b0311,Control
8362ddb3-d0cc-4922-be31-c220f746e499,Control
bf634c2a-09a8-443c-83a5-8bdbf26e7676,Control
e517866b-d701-4ae8-8dd1-03e7d4ba8b2d,Control
e0d97556-6f14-4894-96d2-37792555b37a,Control
7256c67b-9987-4e02-915b-b25819ddcc07,Control
4077434e-c4ce-46bf-bec9-1849a926079a,Control
06ab0417-c907-4b44-aa35-bce67e501bf4,Control
7ba9ac48-afa7-4757-8e85-012572f6129b,Control
96d356ca-0b0e-4619-a214-4d85744d8c8d,Control
69ab90f1-cadf-4b5a-aa5c-1f1fbeb9d0eb,Control
5a18b0a9-b002-4eb3-b48f-4d961c0d5cc6,Control
e6863beb-418b-4bc5-b072-7d2cf54c18cf,Control
bb2cffc9-7d71-429e-90ef-19dab9f512d6,Control
08549a2c-2e8f-4d6a-8f4f-22459bd0e57a,Control
9c3f624c-712d-4de2-86eb-b1bd0a099879,Control
e881840e-18e1-416d-b2d1-a431a5353f33,Control
1d76f74c-9f15-475b-8801-24d9355c911f,Control
85b058b2-531e-4da2-b9d1-6a013289d078,Control
5344adeb-3438-44d0-b71b-8628a22e1f51,Control
55196b99-64b1-4ba0-8fe3-fd465e6efc7b,Control
0c20f011-a426-432d-9852-1da02cfde5a9,Control
a321879c-8c9a-40f1-897e-8edba1c91d68,Control
1536810e-f0f4-44dd-a964-2890f4cd49f0,Control
57d7f33a-2787-4c1f-8edf-e4ac3c4580d0,Control
6d1458dc-0400-4b2e-96db-09a2fe663143,Control
790b7c6f-01a3-442d-b833-cc859aece0e4,Control
35f698ad-07e4-40c7-b13c-01054d3ad0cb,Control
58579002-9ecc-4f80-8140-40033990fbf2,Control
d7a53b8e-8574-41e4-b129-7d745618e24e,Control
baa02a9e-5c92-467f-8066-5bbf346022ba,Control
2877266d-e778-4cc6-87d1-7e96610d03ce,Control
c27715af-070d-4bf9-8a81-d0573017dabe,Control
d6f95fec-e86a-4201-8ce8-c0af3eeaf58b,Control
f3449c83-0834-49a0-9d84-db3879ff1b7c,Control
714969d3-2c17-4118-b113-0ec07498a66e,Control
598683ae-547c-445c-bceb-1ec46d945faa,Control
91a66c50-4f95-4a39-8452-5b44f361dcf4,Control
9054a5a7-fb93-4101-b254-ba727732160c,Control
823c2560-d318-4f8b-afe9-e616e569b665,Control
e6cddd1f-d6ad-4d8c-8840-0a68f13217f7,Control
819e85fe-20fc-4dc8-b36f-0450f9d6dd74,Control
6be9bb18-d774-4e09-a3c7-65c93557b899,Control
e73708ce-1944-4d6f-9758-25f0ecf6c04c,Control
e643b392-21e4-4a92-b0f8-babb357aef0e,Control
bd749e16-66f6-4e4c-bd61-d4983510a922,Control
99226a0e-6ed3-4d06-bf4a-872aa14e6e4e,Control
2d9a0d2a-0125-4f68-af14-95b76e4c62cd,Control
debf5843-7b5d-4cd5-a89c-cbce0db918e4,Control
fd15e11e-729a-412f-8d0b-348178f0bc1a,Control
08b191df-8e3c-43e5-90a0-9755f256f4ef,Control
cd434f5a-e768-4dd9-86ee-53dde323690b,Control
d05363a5-67b0-436e-8bd2-34c8d6cb7ca9,Control
933d40c3-a4ba-4a81-ac89-d8780af8a4a5,Control
05009312-684d-4d64-b237-d87b8a4c48db,Control
84771d75-9bf5-40ca-a4ca-bb5094558ef0,Control
efad8c2c-b0cb-482f-87a7-3a6e1b2c012c,Control
a41432a2-59a4-4f19-b59f-ac5f374fedfc,Control
a87d4fbd-fbce-4a3f-8b5d-b36ddc7839e2,Control
41ee69e9-98e6-4963-a79b-a7de62495ed1,Control
6560f285-e6d9-4477-9a22-b0f4e249a992,Control
3320a646-dd49-4de7-b600-6650578db098,Control
ede20770-e32b-4f73-909a-2509c5e0236f,Control
6a633d68-c8bd-46ea-91e2-af483889af8d,Control
0304b454-8eb4-4e72-94a5-87aedf6a6828,Control
f1fe7ad8-0684-4860-a618-74d87523b9ae,Control
133dea45-c07b-4e94-9389-c7b4fb0b8812,Control
f151c356-394f-45e7-831c-4b24fce75395,Control
9887b983-5a17-48ef-a50b-2a1fa241933f,Control
21998dac-3dcd-4b01-8a77-3a44bd0a509a,Control
c2e8e214-766d-474a-a2b5-13ace1486208,Control
06acab85-731f-4653-beb5-9331ade246a5,Control
6a9d93db-63a5-42a5-b102-2784d6f5d209,Control
22f97a60-ded8-4c7b-bcdd-6b2b9d7f153a,Control
3edbf05e-46a5-48e5-acdd-bf24a25aa34e,Control
498cc567-809b-4aee-bc67-54465a004ec8,Control
bfeb637c-b1bc-4e94-b18f-2cf7b6b6a7f0,Control
d4e1295a-aee7-4b4c-b2bf-f268f28a3036,Control
e1228eac-afa6-4c95-9c43-04731503cd2c,Control
82d49660-2761-4ff8-bd08-6f4df061fc25,Control
7bb4448d-d70c-4eb0-80f1-ed10fd71505d,Control
66de99e1-f415-4b5d-9d39-96297b97f39d,Control
39488524-7729-45f6-af9c-aeac7290fa4b,Control
7b20e511-db9a-49df-ab5f-3848346f54c1,Control
5e6b69ab-b77d-4e76-ad10-8f9127a50a1a,Control
b00bfc77-4431-430c-b83f-910491529542,Control
631d1c28-f99c-46a5-9953-45f020a70d86,Control
3b432525-9b31-4a37-9abf-beafe24a89a6,Control
caa12110-481a-43bf-a4b8-24d214c62504,Control
acbd1663-554d-4a6a-8dfe-72ee3dbf5d33,Control
ad7b51a4-63e3-4b14-9927-9e0efbbb8895,Control
9153a321-a760-42bb-ba3f-9ff619fcb867,Control
650fbe3b-6b60-40ff-9514-cf5c2459f886,Control
38b86caa-87a6-417b-bfac-767d95913f8c,Control
a1fe2bb7-f6ef-4593-8a28-24acf10b88cb,Control
2cfe86ca-9992-4f4a-9354-46a8a2603f1b,Control
8675bb49-7613-45df-a065-716b86b04d3e,Control
886df36f-cc08-4411-8880-535583b0f895,Control
f15bbc26-11e5-4070-bd16-f9bd199b5fff,Control
d42fe1b7-f724-4abc-b69c-e8c65512ca3c,Control
bfe05766-31a5-44b0-99d8-2219eac81693,Control
e6d9aa0a-3942-43e5-b7fd-dcfeae98b7f3,Control
c83545cf-84d8-4f58-9470-90a854c41cf1,Control
f4b21558-afa0-4284-912f-9dcb0653c7ae,Control
c84add53-148a-4604-b5e0-06934df42ead,Control
7cbb1a4e-e0b8-43ca-8fe8-ba7b1ae81e43,Control
dfbdb377-c97d-4101-9d9a-df2ebb2c9f28,Control
1b9e3738-bad1-444f-9d9c-57a31374b641,Control
35cc6064-310c-4dfc-bf81-7c4a6dd8bf66,Control
44c80a05-35d0-4f00-878c-01d4a8dbe7a7,Control
fc9f4dd4-55be-4e50-bb8f-03aa9d0a9f0f,Control
1df7c1ee-b695-4a2c-8c6f-19e9da4022cb,Control
42ecb53b-6e3b-4d9e-9fb6-bad63fedc451,Control
2146cb49-cdc6-46aa-af93-7b6df339f5a5,Control
000df850-cb55-48fe-92be-cfa51b6605e6,Control
0cb9cd55-d52a-4f61-9b42-75714b92b969,Control
a74cae6e-3066-4886-9ce0-b44088207112,Control
d39c1cdc-4dda-4e95-9862-70665f142703,Control
b6887c82-7235-4d8f-bbb8-222d40f15a2b,Control
d44b3980-59ed-4d47-9c52-4d44ebbee780,Control
07535132-0a61-43c6-952c-01e009d7560c,Control
58f70aeb-5016-4bf7-8f5a-5226869f7b9a,Control
655f4c69-f071-4590-80a0-0e2a2d9cdbd3,Control
77571f11-71a4-4953-a3dd-f46df75ee662,Control
6fda022a-16ae-4676-a68b-17bf90d059b2,Control
8e785a64-82f0-4dbe-8323-61c81d78ef8e,Control
6239f192-d639-40d1-a02b-7ecaa46f77a1,Control
9b76c432-3e87-4cd4-82b5-01ee47156896,Control
967fe20f-a21f-439f-bf82-5e0a1d2b440d,Control
c5443088-cc99-4ef4-b01c-a847c43ff34a,Control
2fffe97b-81f1-4584-b576-8c4a62196382,Control
de1ab4ef-b914-4dbf-a55a-93fcd822b92b,Control
7ce13411-3d23-4d0b-84c9-8706ee5d6b6f,Control
7de62d9d-f5bf-45d6-a853-33b8f6a299eb,Control
8824871e-f36a-4213-ba83-71504795a056,Control
7460a606-279e-4856-a605-4a63c0f98877,Control
86dcca5e-6313-4012-9d7b-a7c388c43917,Control
6cefbbff-266f-4587-b482-c616fc671bf6,Control
44417384-1d48-47bc-b5b9-dacdd6f457d5,Control
efd7ad22-b0a3-4833-bd22-f0ecf56a069a,Control
4f28d03f-7c98-4b18-9699-a9ce8c3d8521,Control
a18e6488-961c-4ef8-943e-6e5b34de98f9,Control
8e3652dc-6b80-4184-ab6a-fef04863737c,Control
17d3710a-5713-4a73-88a2-c5d7f71b44b6,Control
0b27ef2f-ccff-419b-8422-cc2e53a316f0,Control
cea52a88-9f51-4e89-8024-5a033d907c8f,Control
16147e08-38b9-40fe-a61f-7300251fba77,Control
5b96c6d2-073d-423e-835a-758241e9246b,Control
fdfb797f-6978-44f3-bf17-db26eb1cd88d,Control
7f33107d-c09f-4e0e-a470-7b6d7d51cb3a,Control
9f9463e1-447a-4df6-b590-aa06852ecf9b,Control
2f338363-c78b-4b7e-a05a-3cf5c8aaa45f,Control
43d93e9c-6638-4563-a4c3-34de6ee00cc7,Control
966492c8-5bc1-4d86-9b02-9ec9d044c1a0,Control
6ad9e703-0794-4538-b807-6c693f6d8f0a,Control
5955e063-0a54-4f0e-b86c-31855e9e5a37,Control
43aa794b-9397-4b4d-98f5-a4a0286b3496,Control
b2aeb27b-24b3-4518-992c-0c4fef30b206,Control
27d916dd-61bd-44a2-9aa5-e733acc5924e,Control
78c934c4-a62b-462c-bf28-b4a4aae9b404,Control
a3e1a8b0-37f3-4734-ba28-bce279ee2c14,Control
51446c66-e696-4e71-a9b8-0419cda43094,Control
0108be8d-985c-4d95-8856-99e7203fcb55,Control
df648f05-83cb-4bea-a9e0-662dcc98831d,Control
557e385c-535e-4016-9517-ceb373c21a85,Control
15c7fef1-ff5c-49ab-aac2-202415190c0d,Control
fb881b42-dee0-4d24-a4d4-f05a15df9896,Control
e1c36b6e-330d-497a-a0d1-f060752d3d17,Control
b42324d2-5de2-4915-be73-f402cfa1fbda,Control
fc4421a1-5a45-4b87-b180-7a5ce773480d,Control
c02ab7d1-54a5-4274-82e8-b4a140e429d1,Control
c2856672-cb6e-488e-824a-87276171ca75,Control
21056b74-6cb8-4060-93bd-a78ae64f74b5,Control
1f85ee92-d6d4-4944-aa9c-d3dd4c4372a2,Control
938973bf-8256-4669-950d-3106fd2d2f69,Control
ef96552c-17de-43b0-baca-45c589a51df0,Control
79abfcc9-16e2-4845-bf10-bf4ab0963206,Control
3b3331a0-fe02-4b62-836c-dd71dd9a55c9,Control
4f60a591-d5e3-4520-8b4c-12d2bac500b2,Control
d4bcb8f5-65fd-4181-af7d-8e5bbfd34b34,Control
979eb131-c987-4993-be77-11dd3149a2a3,Control
715a59fc-9b88-4903-983a-969141b03969,Control
99156f0e-e757-48dc-a633-522b696549c1,Control
cb8fc8e8-5253-4d84-a28e-df872d956fc6,Control
e5e8021c-0a2e-4347-af6e-fab50b510927,Control
d9cd68e2-18cf-4925-a4ff-d3e42cc64bb8,Control
2514c0bf-f2c6-4ce0-a3e8-d699ee497d91,Control
6d4db1e0-781b-48c7-9ac9-64a38ad01ae0,Control
03e0d449-a79f-42bf-8f26-7030153b01a6,Control
d1113baf-4185-4af2-8cf2-a19eb001e819,Control
624c4526-eb13-4cde-b6b5-e1851c1292fe,Control
ed129118-de3a-4c77-bc3f-0237bf9be590,Control
b4e24507-f5f5-4d10-8a1b-8fa3a968940e,Control
25c546d6-217c-4a1d-a6e1-1d9a16cab097,Control
fdce498b-a910-40cc-850b-791f4ed5bbd4,Control
50c5bc4e-7d4f-433e-9590-de0f4bf58b22,Control
b93eea3c-b5d1-4ec3-a4ed-288740de5cb3,Control
8a02416b-ac4b-49ef-af6e-dc52b68cfce4,Control
987fe61a-ec5e-4106-be3e-3f8b94342898,Control
eced99ec-5a80-49cf-bd24-02fb9ce7a412,Control
4aa4297f-1c72-4d39-8e1d-6e7404899db1,Control
92ebb704-81df-4c86-9bf9-d998204da8e7,Control
c2118ebc-7be6-4f37-8089-51f0d9820870,Control
f10d1ecf-0947-4b32-957a-c8d8a7d9ed03,Control
71dffdf2-0d1b-4ce0-8a43-7db88860deec,Control
37948491-5faf-4dee-b19c-762b3d20d2c4,Control
084fcde6-1a0a-4143-b406-e9fb2d5cd33d,Control
8c0eae6e-4b29-41ab-9163-685e343d83db,Control
5f73b7cc-82e5-4948-8118-d05563451147,Control
66958a0d-710f-4d66-8998-83c03d2dae59,Control
e51dc213-1600-475b-a68e-7383473ca8f7,Control
d643dfa1-1453-4998-ad02-7ba6904e78c2,Control
7eb6f482-f7a0-4bce-85e9-ef393c0ce6c1,Control
09a3c195-759a-40ef-9580-87cb77e4e593,Control
c9ca80a5-ac4e-4472-b495-6cec77c9052c,Control
28ae02fb-f761-415b-8252-7d35b3629292,Control
7a1913ee-5c2d-476e-800f-d1000e16c06d,Control
e1adfec9-572f-485f-a5df-0727e1837680,Control
1a7036e2-bda2-49ed-b371-53a574884694,Control
ae442e6e-d575-4a64-9098-f37f06de5132,Control
79c9a8b2-f324-49ef-97a7-e810f063ffed,Control
ffcbd5e0-e5ad-4e55-8161-09b8877ceca4,Control
b621d3be-8271-4520-94af-13ece8d11da2,Control
7d5ef36b-d26a-4aa5-b654-126f8bd60012,Control
89a1d91e-8374-4d89-bd05-6ca9fcf19b85,Control
e4f1fc4c-3590-4d06-a0b5-b80c1373260f,Control
2386cdf4-fd1e-46bb-9eed-e673a1237246,Control
63d46e48-765e-4ab5-930e-1ca696af1f08,Control
a77dde76-1c10-4875-9fd3-81151525b4db,Control
6724fcf9-08a1-4f75-8cbe-2e07fc10f483,Control
38cade8a-4895-4c8c-9b07-468f4b3e03ee,Control
231e609c-37f4-4792-bfc5-d5074a8e8d12,Control
db13b2ea-7e3f-4a8e-8d0b-f0f57af1d1db,Control
5793a057-48c2-4703-94d5-ecc563c5d141,Control
f087ff80-bd7e-4113-83ed-30599d262cd7,Control
12c90607-5aac-43a8-bfa5-7573e6fbf2c1,Control
b558f489-7476-4e19-b388-c26611531449,Control
f904ddf0-00c7-4941-b0ee-d719490a33e9,Control
82bc43e7-b304-4963-8967-3be0c166d240,Control
00e6af45-f95c-4d3e-8af1-dea20877f085,Control
07eafd1c-1694-4b4f-9ccf-43b5d43b50d8,Control
e2402664-ae78-4b55-91d8-ebe6431bd6ef,Control
715eb4b5-1a90-46a7-a73d-19bb30c2e007,Control
9aeea330-27d8-4b16-8d98-10dfd26d3c5d,Control
4097bc95-4693-4e3f-b273-18741a20877d,Control
96844527-a5cf-49bc-8288-da00a07cbc0f,Control
ec1ac769-c483-4353-8919-ebffd9081cfa,Control
1a4e3991-dbc6-49b0-9267-7f3fa961d973,Control
b49ca817-f50d-4ff0-a688-bf6480aa0d42,Control
a7e6f7cf-b260-4b80-ad44-37aba0a32dcb,Control
24608b77-a77c-4e01-ba0b-f21fe436eb5e,Control
06915bec-1082-4f30-8218-cd101ebf3cf7,Control
6987ad1e-b1d7-43d6-8dde-5f25ab00cf53,Control
c62fec91-8694-469c-8143-7835b36d256a,Control
aa2b6d68-1c9b-4324-be8a-b5b017c99b23,Control
f0745f19-c978-4f54-a055-24b47bfe9222,Control
26eba30c-a9b9-4b7a-9b0e-0d2df651014c,Control
f1867a75-4c95-4463-b1d5-559aec258a93,Control
734bb52b-5085-4f06-92ca-bfe50f969d56,Control
46215bf6-ebd1-484a-89c1-a80d96f46b92,Control
7f1cad48-87eb-4c2f-ac6b-39234be83ebd,Control
179a82c0-beda-4df0-ac32-507888f089d7,Control
990bea1e-3f9d-4b6e-b3ce-ae67d2fd6fe3,Control
63ab0173-66ae-496d-9e4a-e5c4b5364796,Control
17c75c93-8eae-4740-b4cd-8b98839126e2,Control
307d8578-263e-4293-b497-9f3d84bff98a,Control
b218bd71-7550-4715-a174-e635c821d147,Control
5ae7bcaa-9d30-4bb5-aa44-b96b39bcbe8c,Control
90347896-8d9e-4c06-bbad-9436727d3769,Control
a75c6dc8-4b81-4105-9510-02f8b1eccea5,Control
0ac99a06-3c9f-4eef-8756-05846a047346,Control
839200d8-d884-4ff0-b218-513d5f5845c3,Control
d13be2ca-8950-4d2b-adbd-cc7d66cdd77e,Control
e2c10162-ef4e-43a0-a192-a88a41f61143,Control
0bb21d13-29da-4167-9924-bda5b2a598b2,Control
7d0c6087-ff7a-412d-902a-23707e542a8c,Control
c7bcaa81-31e5-4251-88d8-e016e041b950,Control
6d47a881-6598-4eca-ba6b-6bf011842d29,Control
533799d2-906d-4a63-976c-89176aa07859,Control
9e73649e-d00f-4a81-b180-1bb42c7661d7,Control
5c2974d6-dde9-44db-8de2-0bb6a5f35ab6,Control
de98e971-985b-41c0-9a39-cf6c26724c06,Control
2c8f2c72-8592-4790-bf62-4a3e2b1339f3,Control
2f339f20-8501-47e3-822b-fed5d5126166,Control
a3f523cb-ec2d-4a3e-aa06-75c45f93aff8,Control
4e0d083c-d143-422d-8584-20ac12ff4356,Control
04d244ac-0b9b-4b26-abe1-94bde4919667,Control
22d06361-7f64-42f6-9fdb-d09e3443924b,Control
c32880f9-3550-47f6-8582-bf4f08b71e5d,Control
02641146-3606-41e4-87eb-b0c9666eea72,Control
aef5afff-555b-4238-82a1-bbcda38a1ae2,Control
5acd3c9e-7ed6-40d7-a8bf-451694bd6967,Control
5f6ae054-aa49-4fcc-a99a-43560fe6ff5c,Control
9bfd8778-f9b5-4c9c-9aa9-c389066740ea,Control
73092072-790a-4957-8fa4-90d003891848,Control
efc1c12b-194a-48b0-9154-b21502bff7a3,Control
9ffa0020-339f-4eb3-83b5-2792d774fe12,Control
fe7ec7da-01de-431c-b721-ac2a63cb0950,Control
59fddd97-9aed-49b7-9f28-06bc114e8221,Control
ee26fe3d-ac86-4c31-865c-29c28e35a157,Control
ff419049-27d8-42cb-b939-cb2835cb65de,Control
a0809763-10aa-4238-adbe-efa82627df1c,Control
13d6f6ba-7a08-4756-be6a-0bb180fe545b,Control
fd169340-9085-4e81-ac05-d337149e0bb7,Control
fa0a373a-383e-4d0f-b7ee-1295ecfec2db,Control
7f893372-f69f-4296-aecf-2f25c4723124,Control
5ad4ad61-5b57-48f9-b6d9-c34a39d64d0a,Control
209e39dc-9b1c-44da-ba82-a7ed6a8688eb,Control
e7bce34a-f04b-4bf8-baed-26c49fe8a701,Control
89b1a9c7-3ec8-4910-b3f6-46cdcbc00be6,Control
86d469b5-3581-4258-999d-bd7aa727b5b4,Control
ecb61210-230e-4ef8-8919-9cd343e08106,Control
fd2bc0d4-00e8-4916-959f-6626931af4c7,Control
178f22a4-b96c-4a96-b7c2-8a998539dcdd,Control
e6d25655-6e03-4b7c-831e-7dbbc7a77d03,Control
c2d94835-c464-41de-96ab-0af01915947d,Control
727f99bf-c1ca-4679-a22a-382b3480c7d7,Control
c91f72e3-7294-4e9e-b5b5-e53f022275b4,Control
9635e8e2-e1f2-4b31-95ba-ddaef8bc6aab,Control
baabfbcb-0662-4971-98c2-97db90b0ea6c,Control
05497ab6-2f46-439e-b30e-6b4a8c512a4a,Control
6c4a6576-b774-40eb-aec5-e6671948db97,Control
79f584d5-16c4-422d-8a5a-bbd43e70d168,Control
89334620-e9ff-46e5-9180-a0016c9d387a,Control
e0e4f35e-16d8-4f70-9157-8e0a4c5426f1,Control
50f9d5f8-d100-4a8b-b618-3a9d0d378811,Control
a5e96aa6-5b68-450f-8958-9b066767f303,Control
df176d75-486e-4e14-94ba-0c6aa81ebf15,Control
5e4fead5-53bb-4d0a-8954-ef3f0f99b00c,Control
849a7283-66c9-446b-83bf-32d43bf88e38,Control
98154a68-c438-4e2d-be1c-ceefc861869e,Control
5cd71c1d-9529-4daf-abb9-a72085bc9e58,Control
02fa2eb1-ae61-4bf3-9b56-4e631a87bba6,Control
34450936-28b6-499d-9911-dcc91e5f8d1c,Control
a07419fc-4bfa-4503-8643-e99f266a3459,Control
9b5f7e11-6497-4819-893c-f69729c0a58c,Control
a2e91d67-75b4-481c-934d-2c4838631163,Control
742ef3f6-93bc-4505-bc31-5753be6323ff,Control
fb5e48c8-50a1-48b8-8b47-54f8059c68b5,Control
e3beffd2-5c12-4bab-b445-51297cb16cfa,Control
633a55c2-4616-4cb2-a75e-a9e5b01b77a3,Control
9ff6f0af-6cf7-4466-b2eb-7ac3d7c71594,Control
d6ba939b-e8ee-413a-8b40-25c0a8a7f4b1,Control
4f86b370-5c09-49b1-9756-be5633b4396c,Control
48d2d906-a215-44f3-a194-b23727d6f6e8,Control
d21295c2-6123-4d18-aae1-373c9b1766a0,Control
57d6536d-bc95-48d4-ba00-88f48bc74cd3,Control
c72274f1-a188-46d5-8e83-e55894c2b076,Control
b0b65c65-ea35-457a-b496-5440e30133cc,Control
2de0c169-96ae-4ce4-a127-ecea79c62c0b,Control
5ae38834-7263-4038-9c40-6143b7999897,Control
865b4000-d6f0-4278-95f1-908abd2d8ea3,Control
1e19c0d6-6bde-4912-b427-5e0914b3118d,Control
b89ed930-c077-453a-a9c4-aa2c21bd666e,Control
5a8ef085-a55b-4f8e-886f-8f4dfa3de3c8,Control
dc3f54fd-f1dc-47a0-8b3e-2c2a1aabc107,Control
20143f0c-766f-4460-be23-d24a71f96f74,Control
2960abee-d226-42b0-83df-a2383832daf5,Control
935b7de4-cba0-4e7b-a7e6-18978388a73e,Control
d293e296-01bb-4e44-b00e-0ebf2d141a34,Control
c7b2f9b9-95f7-4028-bdc5-a2530f2a0ea2,Control
98cc07ce-f720-445d-9115-d859db482ec5,Control
aab2f8d5-d994-4c64-927e-c015f60b2e0f,Control
53c96d57-9529-4919-ba68-fcac482dae43,Control
4570ceca-5f60-4312-a5e5-7cb135c087ad,Control
ae3465e0-cba4-4ace-b3dd-d6fbdb01d3cb,Control
a00294f6-9bb8-4841-ab36-c85f84df8c4d,Control
236d32a9-caad-4a75-b83a-834e603c7727,Control
281e123f-232e-4993-9b10-2980f50df6be,Control
4f96f025-850a-4e29-92a6-617d8f83be6c,Control
7133ce51-ed6b-4ce1-976b-014bcb3be28a,Control
ca6b53cc-e006-4ee8-9313-f1793ea52299,Control
0fcf057b-be3d-4db7-b535-014c4ac19be6,Control
b23286c2-6ba0-4d3d-a514-55cdde5cae42,Control
6d436c63-7b05-464c-8b2e-a0b026777bd1,Control
9bf5fa97-74af-429d-966a-e566546c36c9,Control
76229668-470f-4959-b76a-603ce32760e6,Control
6df223e1-818f-4242-b9a3-3b328fd1e690,Control
72f49261-66d8-4038-a8b1-ef3c3b903c78,Control
c064e035-1217-48a1-8df3-8c2e0def71a4,Control
d355b9b8-f76f-41d4-b048-b65ac5b1dce5,Control
de5a9e44-40c2-400c-a05b-81d1989c38d6,Control
d98bb53b-40ab-4454-932a-340a360d2687,Control
2139d6ee-dca0-4527-96a2-94d4d605df24,Control
d520e503-a854-482f-9a07-5f0581faeb19,Control
35fb6dc5-3f02-4da3-a0cf-5deb2cb4750f,Control
1703e8c7-ae77-48ce-9171-cdffc8ef8111,Control
465d7e65-04de-4b8f-bced-c457a203c413,Control
211efcc9-12b7-4cf3-bbf7-a52e99d12e8e,Control
a2484793-3815-4a2c-9ed8-bba2761fae45,Control
e22d1bac-c641-4da5-b68b-07cc6538fed8,Control
1a920b5b-46c9-4bea-a7aa-7dbd9d8a0ad1,Control
2231db1b-604d-4207-b21b-5466efed6b10,Control
3e833aaf-e298-4857-b58e-269b02911098,Control
68eb8a61-a8d5-469d-80de-af27a59ce4b7,Control
dca08c89-1ef2-4622-89da-84cf34de9bd3,Control
25a36db5-71ed-4914-8bb3-c6466ef6ddc3,Control
23c0e45d-f03f-4bef-8b96-9b75cd88c536,Control
a5ffbf8b-6143-47ca-8189-dc08585acb17,Control
38a6d45f-da92-473e-b7eb-22a100751968,Control
73bcedac-531d-4b88-8bbb-1ff725b14965,Control
39b097f8-6a78-4e48-ab04-21cf37ea6e42,Control
ef4396f9-36a1-4506-8568-9b4592bb1650,Control
3242b97b-f0f6-4aae-8cae-cac5b29f92af,Control
a3061285-6005-446e-94ef-1e337d5db0b2,Control
cc4a7adf-cea7-49f1-b1ec-74655ea92b53,Control
672dcaed-f4c0-41ca-80dd-4bdc8a0c62f1,Control
2f1e42ad-75e4-4679-941c-76b6678f4ec0,Control
747db9f8-24ca-4af7-bfe7-62c5f07fe820,Control
7f7506d0-9231-40d6-a4f8-6a3f2d2b8eeb,Control
b78c2fd5-1ffd-494c-bee0-57770561f143,Control
6ba0ff54-494d-4c19-9f23-40cdff50c13f,Control
1e37d39f-1f0d-4da8-b540-4210a3f9b7a6,Control
29983f88-c39d-4832-af6f-6ba3158846a7,Control
0a7d0e19-fe5b-4c25-b38f-7d1f4925a56e,Control
6cefbaf9-b8e9-48b6-8851-ec03ce5d117b,Control
cd6218f9-7ac9-4b61-b66f-90d8cbb25aee,Control
5be5b315-cfbf-400f-97ff-378dddbb1542,Control
23d5f956-eb60-4d79-bbf9-63881bc52245,Control
04b5035a-e82b-4b5d-9d6e-3dc048c80ef1,Control
b41f6079-0b8e-4ad7-81bc-9858de75388c,Control
a4dba210-22f4-4313-82e8-fbf8373b55da,Control
db365642-0d16-4c37-a0fb-8c9c51ed1c05,Control
f3c433d6-e618-4370-85f9-667e2e0b3e3b,Control
859dcdea-7793-43ab-8170-c7d05f2298b8,Control
5b7fd06b-0318-4d87-903d-62f456f0f287,Control
2eeafeac-1b43-42bd-8570-57a4e5df56c6,Control
61b98af7-9b7c-4bc6-a0b2-5b0445d6aa27,Control
93da4062-794a-41fe-adf1-2250eeb6b17e,Control
f488df9a-7099-423f-afdd-ddba59cad052,Control
3b245803-4dae-486b-903b-e64dcb6bb048,Control
a671d4b6-d161-4289-89a7-399bf4b05669,Control
5697f4ee-2a89-4fa0-9df5-0f857b48f43d,Control
be687351-1496-49ca-9d43-18b3eaa4387a,Control
c0f9854e-7df3-433f-9d9d-dd2851330005,Control
3dec31bc-b714-41d0-af23-fa52782aca6e,Control
d475c4d9-05d6-4d62-b4a6-2b3ab315f1bb,Control
0a0a76a4-e3ca-473c-8214-131b28ef3a4f,Control
2a4e1ade-031e-48c8-aa57-29ed6e969d37,Control
bbca10cd-449a-4ca9-83d3-9af0917ac918,Control
3bea672b-d990-4827-80e8-f66884ca6070,Control
7e916c88-626d-4372-93e3-86d06960ffc6,Control
5f62d974-7dc8-423e-ae69-d3720a8a07bc,Control
b1a5afd5-e090-4833-a6c8-9796d1a48cb3,Control
b46576aa-3ae7-40be-a3ed-ff1d6e57ed04,Control
bc3df8cf-d503-49d8-b28b-167dbb15dd3e,Control
314dbee3-0611-41c9-8907-bfc943a7023a,Control
05e73849-13f2-4ef9-8ebb-654c101184e2,Control
37a7f000-6d50-404e-9c52-3d8f71191d7e,Control
801ebb23-5d0a-4515-8fd3-ec9801c62f54,Control
e3e8485f-2203-4762-9092-3fb60eab2e68,Control
7ebc4ec9-d4b1-432b-b35a-dc28ba0590aa,Control
e14f0ff5-4da6-47e6-a88f-d60239086b19,Control
f3f8197d-5d34-4d59-a04d-d5ca9810a6e4,Control
2c4e37d7-8a25-4f31-a7b9-5092fb8c79e6,Control
a568e10e-4d94-49c9-859e-39a50b54e5a4,Control
02f3c8b2-8594-4c10-b5de-5c322dcd933c,Control
c45fde53-c180-4a68-8bb9-080b0df93c21,Control
bea1a47c-fac6-4521-a2f7-cb33b5827892,Control
e780dfc6-96ac-4dd6-8355-b433bc92d209,Control
2fec85a4-35dc-486a-acb8-d7e4878fe2e3,Control
525b2bc4-525b-4ea9-8826-76224bb0d7a6,Control
afb31439-4ed2-405a-b3d1-6eab1a23dd36,Control
0581e06c-cf92-4b7b-a4a1-067d86db9a9f,Control
40339fef-9279-4e24-a7ab-1305ad24f5d4,Control
7a6d2083-bf4b-43bb-a400-720253fd59a7,Control
e312a1c2-3266-442e-bad1-4c39e7d8a81a,Control
4f4874c0-5dd9-48a9-9635-85b7e87fd1c9,Control
def0127d-65f4-47a0-b2d7-0224d97d0007,Control
883a97fe-5a8e-437b-be56-e16184a5719b,Control
785b2a77-d45f-4cfa-952a-784b0e941b69,Control
6292ebb9-6ca8-4de5-99dd-252944a1215a,Control
bbfdaed8-42c8-4d6e-a943-4cb53501d5bd,Control
b0b885b6-3986-4a50-97c7-853246de5ff0,Control
f3695e81-e7da-4e61-bcc5-b7ed3ba410ed,Control
f28f9e6c-1457-4f5b-b8c0-a6bf1a78a8f2,Control
329ad7f1-ae23-4e7b-a295-7b46f2d29274,Control
4c5c3577-3b5b-4019-9d52-eb2be1ad38d9,Control
72708253-046e-4d12-894a-916fbc7767e7,Control
956e8be6-f22f-40fd-9453-d1cd0dcdb729,Control
0de015e6-1e16-494c-a923-94c27ad8f624,Control
b4d2d5d2-4dc6-4a0e-8798-7b6ad434bd14,Control
54a02540-b19b-4648-a6aa-205de919c93b,Control
2a542249-f99a-4430-ae87-37922bf53cdf,Control
3205970b-3dec-43a1-b978-c347b8cedc83,Control
9eab004b-1035-4e5f-bc0a-3610952fae14,Control
22a8be64-fbe3-4ad3-b6cb-5b118f2247dc,Control
19807784-aece-49af-bf37-2a9fd5e1c7d6,Control
6ec8e221-096a-4d34-b7a7-df00a706aecb,Control
4a0edb1d-019c-4f0a-961b-895a9328d415,Control
61da031d-474e-47a7-90ff-00fa5f4be5a7,Control
96f13a81-52b5-41f4-b6f7-9ca7e4e9c041,Control
0259f23f-092f-4d94-9bef-cec749786ddd,Control
ced689c5-5ed8-454e-a88e-cb0975f8997c,Control
2fb5624a-4a14-477b-a9b4-83b960f7525f,Control
fba2deac-a87b-44cf-af4f-bef20a65e008,Control
04e7a1bc-2021-41ed-ae6c-8350155a246f,Control
366cb548-9b50-41ef-9d3d-5304c7167173,Control
372da516-8e1c-4aae-a8e8-d8b3a99fdd5e,Control
083a6f13-d7d3-4e11-8c7f-c879116a3452,Control
e390d81d-49a4-4687-966d-31b96a6523b3,Control
c6bef956-d217-4e9b-a5fe-ac99d22a1263,Control
d708e69a-2165-4e5f-a076-9636e1dfd6e3,Control
e850305d-ba33-4d24-99f5-46297c746fc0,Control
8aa846ff-2074-4811-8f8c-1519f5f64d39,Control
8d8b9928-7d53-4967-be4f-78c0ff571685,Control
1e0834a2-41af-4a6b-a80c-43fff7d8701b,Control
7f17e23c-aaca-4354-969d-c1d2c1cc9b16,Control
de5bf09b-9d86-4023-a19e-3e7a78f002d1,Control
21711af8-d9d8-425e-b01b-dd2a0f2a67a5,Control
022494dc-1cb8-4924-a9b8-5af7f974be3c,Control
a2f50e9b-9984-4052-9c09-31d2284d9ac9,Control
131887d0-62ea-49bd-930e-5a79e00813be,Control
c54aba54-7583-486f-b4a1-5f7d2afc370a,Control
87a0ad02-a7bc-4b0d-9422-0528909512c9,Control
ecdc7048-1f53-42f3-b6ec-b8f7525f0e39,Control
e99a92ab-d779-41f0-a0ab-3ee0374d6d31,Control
cf291ee5-642e-4a9a-b66d-dc5fb856844d,Control
af86f2d0-6f21-4440-a5ec-166c1f90e001,Control
b06e1c90-51dc-4679-98a7-2df9ca5f99bc,Control
b73e7776-8dda-4cf9-9a7e-a037e2f3f000,Control
45cb74dd-a5cf-431b-ac7a-2b44e3f93f34,Control
45c0a65d-3035-4e99-89cc-242c9f94dc95,Control
5f01fba5-f292-40ca-a742-090893876a91,Control
6440fe53-464c-41b5-98f6-f9a49dcc07f9,Control
caa16179-501f-4913-b786-eca8bf42a112,Control
1cd3048d-79f3-4b16-befe-f4ea20d5900a,Control
04709030-f810-4bd4-b83d-57c0823219f0,Control
647eee3b-f060-49d0-a894-cd4cbed7b1b3,Control
aa1bedc6-7093-4031-95d2-433ba170b3b7,Control
b8fa675f-4d59-41b3-8db0-15e918fcb5c1,Control
686a346e-c1cc-47b6-abc3-df680fe589b8,Control
cc0e69dd-29c6-437b-866f-24a04a5952de,Control
94b70a18-5b8b-42d1-9207-63405331a735,Control
7c1c9e53-be23-4e9b-8f16-2aa3f159d3aa,Control
301117d0-0ce1-48b0-8050-ac2b4dceca18,Control
c0883ffe-593d-4c18-aed8-3b22378cf220,Control
e8094467-e866-4a65-ad22-8b474e888cc1,Control
443cc368-b5b7-426e-945a-e644f2635feb,Control
5681ac69-3433-4edf-86eb-78919ec5941a,Control
15bc2148-a221-4dc0-b6c6-38b5905af6dd,Control
a121d49e-47ff-4283-b12d-b468dcebbad5,Control
0b5f2e73-8ccb-4978-99d7-c040268dccca,Control
ab86c8a4-65c5-496a-b226-89a9de40c30a,Control
87f3df95-5113-49c6-9025-395d1bed1889,Control
a0b4ad65-bdf1-44b1-9eca-6898de70a325,Control
eba41951-4e24-40a6-8d47-4a226f0e0793,Control
aab6aa1c-1766-4051-81b4-9df04893f3f1,Control
faffda4b-24bd-4a15-8dda-c237852165d3,Control
35242ee5-1c38-4758-b0f4-fd79def73a20,Control
b9e4f845-b362-478a-b020-70938669f2b6,Control
d69a88c3-97a8-4957-90ef-6f3fc2697d6c,Control
fc9fe03b-c9c8-42ab-8c93-65c5bf31918b,Control
e09798d1-c549-4a4a-aaeb-c1996c217ea3,Control
5b5b1a17-035b-45ef-863d-38b23ee86eb2,Control
f56c7850-644b-466a-ad25-ff5b3590b008,Control
d2b01777-7993-46e0-bbd9-76d05d984d9f,Control
19df6d2a-85c6-4f13-83df-5a596b635551,Control
504a7ea7-0796-457f-a687-5bfef57a369d,Control
db4934dc-dc74-480c-b44b-b7edd642e21a,Control
9c6fe717-28fe-4d9b-b01b-767696d19943,Control
0f5c3450-3c4d-4a4e-8717-0fe210bdef73,Control
5efd67b7-d33c-44f4-b64f-2dee576bd8b5,Control
627d29db-9b00-4514-a77c-bedb3064597c,Control
27000def-0fe2-4e86-a2ac-da2da37f5e77,Control
216fced7-4ae7-4690-b352-66cb5ba799b7,Control
77f94a36-57b1-4ec8-9df5-845d166a1803,Control
c3d2fff5-2449-4cf9-ac4f-b14d79f8666a,Control
9807160e-ead0-4ba6-9cd0-4042899ee0d5,Control
ff9a8d6d-d321-4dc1-82c4-a003d8f8b85b,Control
efcb8e73-864f-4039-b19e-6f7ce9f35c08,Control
fc872cce-4a76-48a2-b28d-2c72513f6294,Control
4d9b288c-5da0-49ee-8233-0c3c6a15bb1e,Control
2417dc27-316c-4d9b-b227-6d93bf45e7fd,Control
d90b031f-e803-4fb7-b2dc-e76e08482ac8,Control
633be4b1-5c4e-4154-9424-29e8ac86577d,Control
9b75a0c6-c229-44d3-ac3f-48cf75c4f3a1,Control
cb66fbb4-da85-4160-a1bc-43e70af3dfa0,Control
476216a9-d08c-4bde-9a59-2fc077c0a9f7,Control
d2045e2e-539b-4627-8055-bb1de93e35e2,Control
b8a9ff82-cc78-4a3d-86c0-9a538fb77e55,Control
509f6acd-7a7c-4c35-a3a6-506c4384bc2a,Control
b890b95b-01d8-45f7-9c2c-b9c91e048038,Control
360f6038-46b8-4e5e-9bfc-1bbf00c779c6,Control
294615f4-84ee-4fb1-9a1d-61efbba45a38,Control
1b19e138-b592-4493-8a1d-4055ff7044bc,Control
5c7d5d74-7a83-4e8b-b08b-589d693f2be8,Control
40bad4a0-1b3f-4ea3-b0a7-0a652b6e7c02,Control
77ca6fca-4c94-4418-ae85-71b763777f51,Control
65e65821-6833-4aa5-b3ca-683548dc5598,Control
8c9825a3-4995-4f42-a765-24b44a87e150,Control
420cd052-ecfd-4bf7-818b-c2f8f8991df2,Control
d71f136a-fb90-4119-9e84-7a3b77c1829d,Control
359b07d6-d0ed-4607-b8d0-19dbc6dfb8c7,Control
32512b74-0065-46c1-afb1-4a25dcc6421e,Control
1b6971ff-0aa2-4844-bdc1-dd4c304273f4,Control
5788b5e1-a20a-46cb-b2a8-bd27bf5cc659,Control
35653087-c90d-44a1-9eb4-de1f93627466,Control
4ce2b1e2-e317-4cd3-aa3f-f188e1848573,Control
668f1328-864c-4148-b6f9-e2f801a08e45,Control
b94b3f31-9125-4d88-9f6c-6b4689571fba,Control
9b4f7661-9e1c-4d2e-a708-4b76ff9c6271,Control
84b8cd10-de9d-4d47-9c16-7ff33d2fe6c6,Control
030faac2-c975-468a-b541-375eb29bdc18,Control
f1cd544e-93ae-478d-bd14-4d6ceb80eae6,Control
661d3839-0d18-476e-a350-86040e0c20ad,Control
e731c747-898e-4e79-9000-462d1738d2e3,Control
06029513-477a-4b19-8295-6bc0e8410182,Control
04dcce06-d9fe-44a6-9321-53f1bb8602fc,Control
954d3ee3-d456-48fc-a19b-6115fa738ee2,Control
dbfb3ae2-8ead-40c9-8121-bce1ed75d6fa,Control
1479901b-84b6-4519-bf92-689867ffc714,Control
9d6abad5-5198-44ea-a9eb-3884d1f6c04a,Control
5719c335-d870-40b4-a231-66fcf6fe95a2,Control
5f5501f5-9455-4bd5-b28d-48f8f5de69b4,Control
d04df347-572e-49c2-b840-dec59ef058b4,Control
f482280f-dff8-4a32-b060-856144a2e22c,Control
752c5b25-b136-4522-81ba-37be42a34c0c,Control
6afd143d-f3f4-4477-8bdc-49853f6e2f9f,Control
503f926d-7fa6-4b56-9dbc-e147c94affa5,Control
837bfa13-20d8-4dbe-b976-03abc4496db9,Control
53ecb0e1-3fbe-47b6-81f5-72e3ba93d406,Control
7b57ffb3-1106-4477-9682-ebcfec3b733d,Control
31201db7-89e4-499d-aae6-d09988e52a28,Control
48babb92-e59b-491e-9a5b-a50e1c578e39,Control
6ee29e9d-57af-46fd-8d36-fff22cf097b5,Control
412f0c5e-cac5-4b42-8bf9-4dca8960d1ad,Control
fc9bc0d4-5dd0-424c-a1ad-a04144e23bbf,Control
d277a617-df03-4d4e-866d-5d7b5fd07901,Control
1a4f8d1e-baa5-400c-945c-8f719a8c1af5,Control
7ae30252-98cb-471c-b352-3166cc72e2c2,Control
558131ac-c8d8-4dd6-91da-5cf07b5f082c,Control
4624e08b-68c0-4522-906e-08e4e88de1ee,Control
4b64a0bc-c4fe-49c5-ac1d-407de75fc520,Control
f5cae806-2fde-4707-81ec-99a821968e65,Control
57330d4f-0e13-4fad-b551-c5c57867681d,Control
f1d3950f-30e8-475e-adc9-cb2159885325,Control
7b639eab-f06c-4446-b20f-768efbb38875,Control
4ba0503e-f46a-44bb-8800-eb78e821c2a7,Control
e9cf737c-e352-4fdc-a2c4-5d867944dfc7,Control
082e4a16-fc3f-4b19-9e3b-70c9e64b76bb,Control
f0c4795c-1973-4862-9c9b-f323abe02887,Control
19b570b1-6898-47ae-a65f-253f53cdcb74,Control
d22a2e83-9b27-419b-9f4c-23ca81879a2d,Control
e4c1284d-8839-447c-8692-d96a5826962e,Control
10d642b5-73df-4ab7-b44b-4aebd1f42cba,Control
d3e0de30-2812-462e-af9a-4b2622ebf712,Control
ca7fbc7a-2805-46f2-bc2f-186e71ce5818,Control
286ea25e-28bf-4377-b6d3-0d880d2d9a73,Control
0455d7f6-91d8-4dbc-8ff7-4bfc63171515,Control
68666278-5dc0-4c97-8e72-bb510061d915,Control
14132731-2aaf-42c0-ba39-ff986efad60a,Control
b6f8a167-89d8-427a-b7c8-ba75236e9d20,Control
567b0d7a-1e78-4855-9a34-e4b227d56454,Control
cb52263a-90b0-4d68-8350-1cd8097ae7b2,Control
dfa8f288-ef4b-4a02-9a09-c2e46827d8ac,Control
89120822-5a0b-409f-8729-20e5d47f1ac8,Control
3f2f7c2e-4737-4e93-b95b-4efef75a249b,Control
f405c3c7-9b00-4891-85cc-93a007988820,Control
4a25fcf2-82e2-4067-a722-12b9baf3ae6a,Control
7dbd44a3-730e-4259-9e1a-19ce9bb794e5,Control
a2425f63-d900-4513-802e-1e21b9ce476e,Control
9004522b-2935-48a1-8bd4-224a63d88204,Control
b2a95957-fc25-4c44-8a96-b4ddb7ca957b,Control
36b73a71-854a-4ec7-ab61-22cc306714c2,Control
65d9d2c8-6e80-4684-86da-6c0adb820826,Control
3365d1a3-0418-482b-b4d3-3c3188331ddc,Control
4b2cc4c5-894c-4471-9e2d-8158fe38a263,Control
af6ec50d-1af1-4b67-9c1d-9cbb308ce183,Control
056bc3cb-309e-43ff-a6a9-bddc69c1f613,Control
6ad5ded1-88af-4061-9867-bc0763ca6231,Control
713caee1-55f5-4a57-82d9-a7997d36f0c6,Control
592c9cbf-e91f-453e-896a-9f101a6b7ed0,Control
ccdce710-5085-47d8-8be1-c416ef2b0367,Control
ad2b6623-5763-4a7c-a856-ac539dbcd859,Control
374d08b1-713f-459e-a924-7cf74c7597fa,Control
bad024e0-07a0-40d0-b875-ed37f9279241,Control
2661af67-a6d7-4530-b236-09e1c8f21e1e,Control
7c6dcddc-824b-42d2-bead-814fd7f760d8,Control
0f19af63-10f3-4739-b2cf-ce778d601b8b,Control
9d22bbd5-5145-4f3f-8543-f381b972172e,Control
7f19a303-3042-439c-a77c-2bec5ca1f174,Control
84f9f646-c314-4776-b38e-2616521b4437,Control
4f860f47-d70d-4301-8f5b-5795c1565aae,Control
8b06e29d-4619-40a4-a6c9-2089e3b1da6f,Control
9030ef3c-8c87-44a8-bb4a-05be91143317,Control
0c362d4c-46f9-4ab3-8b43-5b9e64e32532,Control
c6c25a4e-60a2-4a19-a49d-702b53ad3928,Control
4b0a9bac-c590-4c71-8bed-9830c34913b4,Control
d0fcf1c5-d255-4d6e-b8cc-f311da50e669,Control
c1fa0927-da94-4b9d-b21c-799e50c6f8e1,Control
7e1e71df-dacb-4f9e-aaf2-25c7e3be4da5,Control
2cdb40ed-5df9-4020-a527-775f244691c4,Control
c373dd51-11dd-4a1d-9995-861f6252244b,Control
19c478be-99d2-461c-8132-6424a62ac0ab,Control
ace79683-92dd-44c4-81d0-9a9ab6eb94c1,Control
a4ecf82b-161c-4262-9bc1-fd65c66983a2,Control
0e04ba4c-fe66-40ad-8ad9-029c3872aa61,Control
6cc9267b-f262-469a-8c69-3a0fb709d015,Control
c3d0c70e-572e-4566-91e4-22e02568583b,Control
20700508-b509-4147-84f0-c26b129d750d,Control
6673efe7-7d79-4620-9050-0de216e827c8,Control
ac6e0f74-eaf1-4004-bdeb-11ac7069389c,Control
1e396736-4e57-4ff7-a2d5-a7388eefb131,Control
2d2da07f-1b84-4fce-90dc-45e079539c9c,Control
8beabbba-e138-4662-afcd-b657ebe84b0e,Control
d7e53a55-1375-4331-b79e-64f942727d7c,Control
cf766523-94d4-4a18-b7db-f50d74a82ad1,Control
8e3457d7-d060-4a70-8d23-312902f623d2,Control
1df54db7-63e6-4812-a10c-a7f017287c29,Control
4ac0c9eb-a454-41df-8b05-e2688743b7c3,Control
e4e29976-ab3f-4e39-95f5-a4d8ca446d50,Control
e6aecda9-2f5c-40d6-957e-0cae535e6ff6,Control
dc126618-7147-4c8f-94ba-ffdd44552aa3,Control
40b7a96d-0d37-46bf-9d21-c4fbf369e721,Control
67315274-a883-4b98-80aa-86b0bd9daef2,Control
4b3d30b7-e4e0-4015-8ee6-e47d17ecc1f7,Control
df19e262-51a6-4cd4-8f83-d62cd6a74ae4,Control
58753b51-2700-4b44-b769-11e7fbc2b4c4,Control
6221e961-ec33-4cbc-bbcd-0b2cf338b538,Control
cbc8e6a5-60b0-4f37-89aa-9e245f241716,Control
43e412d0-e837-4d6d-b3d4-2a071eee2994,Control
f981a048-d5eb-415b-b2e0-b66fcbdc0b6b,Control
157fb96e-ba47-41ba-ac3a-11f6319e94f7,Control
328b6a07-2000-48be-bdfb-ab75c7b5280f,Control
6160cc2c-9cd1-42f6-b7e9-e089e6db45f9,Control
fef970de-a1ab-4666-b3ec-6dd4d46704da,Control
d6d07a62-164f-4f9b-acd7-e7add723a242,Control
a2bc490b-f524-437a-995e-b5bc55e7834f,Control
06d1910d-3e95-4894-81b3-0520a8a69662,Control
f7936450-651d-4afb-bd31-fa141cfb0cdd,Control
a7750134-7dfd-46f0-bc7b-65172c15e4bb,Control
20e4e128-8156-422b-a21a-915d9aaabc71,Control
abfb555e-1f73-40b3-a7bc-54512f3057e6,Control
96434670-f00a-4943-8624-ccd7d0973610,Control
31ec4ee5-571e-4353-bdf3-daa6152d3c18,Control
19b5416a-e2bf-4069-a4be-9345ed3084be,Control
bc2dadb7-db80-4e56-87d3-6acdf646fcf9,Control
5063646a-088e-46a5-889d-057b6cbaeb4c,Control
b856f39d-96fc-4448-b266-7e2877792899,Control
53fd2ed6-1dbe-431a-8458-64e6ab752bff,Control
c1570dae-9ff5-4308-835d-f58c2c42d38c,Control
84299ad0-8f76-4c5f-9d28-8889a80d88d4,Control
c785f677-fe6c-4c20-9fd0-2d8f33239929,Control
a21f1ca6-9038-4394-9ce1-80a01cceaa55,Control
767ca4fd-5164-4f95-8ea0-00b7fd03c70d,Control
937293ff-6a7f-47be-ba90-d53b851ebee8,Control
d3a73424-ee33-460e-b750-57add5e46e36,Control
37edd1ac-c0e7-4360-afe0-fb177cd059b9,Control
73df108a-ba9d-4fa3-85b5-89c94262fc4a,Control
49089a62-23db-44c4-aed6-5b6d26fb7523,Control
31245c9c-ab38-4ee8-9a0c-ad3388aecd6f,Control
fd155539-436c-4c52-a18c-aeae6ef82654,Control
9c3ee957-0076-4899-9cf7-3bc91d2c2542,Control
e6080234-5da3-4098-8482-24a7de95ed01,Control
d7fe4979-07e5-4963-9f84-4b3166790b6b,Control
bf4d44c9-f9ae-431e-ac8d-c7a13aaae379,Control
60cf2205-1037-47f2-8bb8-c80605943a8e,Control
e71b8a41-535a-45a6-99b2-dce0aedbfd89,Control
e655e2d7-e742-4fdb-ad9c-1450c3cdc431,Control
cafd8a60-2d87-4732-a834-7cbd586ea72d,Control
4fff9554-81bb-4970-af96-a3ab932e8efc,Control
aa0f6a46-9eba-403c-9d10-3e26770b8d44,Control
479fa149-9a25-4816-a196-1949a8d4a914,Control
1ed171b5-890f-4ca6-a36e-4d685ea24f09,Control
f0228d5e-2d23-44cc-9d40-730820f73a00,Control
d86b9cde-f508-4473-9f0a-6d6e28a3c3dc,Control
749dec8c-a520-42d5-86aa-12c647bf6538,Control
b2b31b7f-5d52-4da7-ab41-b354292f3c0e,Control
0e0732f9-b81f-4ec6-ad86-a4e6d404b77c,Control
26a8983d-bd6f-4627-b1d7-9bad6b3e0b1b,Control
dca983bf-2819-43cc-a7b9-246d3f8bb31a,Control
90a8c668-bdeb-4483-9f7d-be6d70bc8324,Control
88310fef-3963-45da-9824-97fd14520c06,Control
c366fe32-4545-422e-b8bb-12a9826563bb,Control
29d490a8-3216-4312-9da2-43a9812e5499,Control
a6f76b94-7c41-413a-a8da-ba3e11202a15,Control
2e734c8e-50b3-4ad4-906e-0d5f641b41cc,Control
a1719ed1-2e92-4108-9995-26e9cf7dfd73,Control
01859a32-489f-4ac1-a1a5-3dfacc6b9024,Control
4076cb84-cbb8-47cb-b4de-9b2b7ace474e,Control
1afc2aea-2a07-45fe-ac86-878f9371f308,Control
ea78e983-86b1-46e6-be29-05da59d6d71e,Control
7591b2df-06b8-4a8a-89c5-174b6196e9dd,Control
9922922f-3ab2-437e-becd-012a9024f802,Control
ae588b2c-aa17-4bc3-8e50-fba0114ff18a,Control
26491745-1806-45da-a18e-7247a1c5aae7,Control
a831dfc2-da8d-4807-b896-98ed2f72f0f3,Control
a06a9b31-1f44-4438-9353-08b7df1e19dc,Control
3a0dd643-0c06-44ed-8242-f5a007f9d056,Control
f8f8174a-2e6e-45b1-9eb0-72e9d0499d81,Control
d4146fd6-5ab7-454b-ac12-337d17d7d503,Control
ba54d0c8-fddd-4eb8-81b3-6cf142b1a9d9,Control
5a326a77-f8d6-437f-9f8b-cb7728e2f9da,Control
43dc2c2b-7947-4934-a3f2-9824c65e0d57,Control
d5fb3544-852f-473f-a44e-678f85f18a6a,Control
232438ac-784e-4544-8ba8-9227d02b869e,Control
c98720b1-d439-41c5-9073-7fe46b288665,Control
1592c3f8-0757-4dae-b7a6-4b73e290abce,Control
f9de2d84-0f9d-42e1-bcb4-490c736c983d,Control
aceed263-6343-46db-8ac5-e92e7f7d9cb4,Control
1b15ba0a-d3ef-4fd4-bec6-2bc43b0a2de4,Control
b2755a06-38ba-4a2d-b3ad-b1df2c873b61,Control
134b7ce9-e0a0-4647-9d1e-3106f1e33ea9,Control
2d330a70-fe15-4d40-960d-9e53e657bbe2,Control
60a5a581-84a2-44e5-be53-72b76fd8bb38,Control
6e9b2b5d-06e9-4a22-a915-395aca6725d2,Control
a18d5f13-a689-49b2-9724-7cd45965a170,Control
1fc66557-c0c4-4764-b07f-a3d6bb2db0f7,Control
9664dbd3-9e23-49e4-8114-52141a3dfdba,Control
7a98ad82-097f-4afc-8016-9694e9cf0ee8,Control
72119079-2d09-4600-ad19-12fd171fd93f,Control
29d76f35-a534-40ae-b741-f55b8c298735,Control
6b1674d2-9a71-4995-9518-f9625d8eb601,Control
b27598a7-fb85-44fa-ad7e-0b90c48bac78,Control
6a955bb8-bf30-4890-93a6-927ecae1f62c,Control
f404c4b2-a3dc-4b3c-bb3e-f9923f833df2,Control
85e7de5b-efcb-4a6b-8b70-9028319daa58,Control
ffad251f-beb6-4513-8e26-656be07ce0b4,Control
65916b7c-51d6-43e6-84ab-e21c3b8da1fb,Control
c084e189-b2b3-41e5-8f60-10ddf7254983,Control
0b6c35f9-f8e0-4799-94f5-50f5b8c69b87,Control
8107d6e8-a6f7-41a1-b83f-d57d93e9cd85,Control
2fd36978-623b-4c82-92db-5b66c589d7b3,Control
5baf6726-4d59-4e94-a02c-a829792c9cd8,Control
808ebba6-3031-4185-9af4-3af28e81a6a5,Control
c39d3dfb-9904-4b26-982d-7e18d23b37b4,Control
ea16c6d4-b8a7-4b0f-9e98-10eef9f436fc,Control
6d21b7f0-08c6-44cb-a9a2-8325fe811721,Control
d76d7762-f1c2-488e-a8a6-d62f0d90ab35,Control
a78da5af-b978-4528-96ff-440c547ceffe,Control
25c5ec83-0edc-49fc-a847-fcb763f8a0e9,Control
ddb10150-7c46-4f33-8bfb-ab98365707b1,Control
52d99f3f-6865-4625-9d71-c8b716863b3b,Control
40bf39bc-ffb5-48b9-ba38-e70f3b32d434,Control
4a727811-6e8e-470b-8c0d-3b803d5e8fcc,Control
defdbff2-b9e7-43ef-8d07-50c8084d0696,Control
71d4bcb2-8a76-46b7-9a54-c6a3f56df995,Control
02f538db-c58a-4e4e-af9a-db6d4dc7ebd2,Control
533075ef-3719-411e-b5e0-94abe6dcd023,Control
a690f878-39fe-4408-bd35-41bf1a1f0f8e,Control
0e71249b-e32e-4bc6-9c42-d8c7182145d5,Control
18590b90-e882-4bdd-8784-4a27b6f20778,Control
1c2b6f1c-551b-4b60-8bd0-bc942c347c3a,Control
c1f72bb9-af80-408d-82a4-58591a3e4a37,Control
c8446692-79a1-45e2-94d0-60a9b0db1ec9,Control
e2d0216d-6a40-4a7b-af51-5a663f110834,Control
425dc4e0-f629-4914-baf8-b1b01409d822,Control
e5317d27-96fc-4784-8ffa-bf3a7976ee25,Control
df904907-a680-4694-8b6a-8f90d0989e1b,Control
82758e8b-9b23-4de6-a1cf-8662fed5d2b4,Control
15855f39-67f2-4692-af77-2240e4d925c8,Control
5f5ab4ae-d38f-49fd-9aca-42a95adc1b2c,Control
e9c60bdd-2d88-46d1-824f-b85028eb1dc6,Control
e10ce794-6f51-4b5c-a4d2-4e15db1607a0,Control
f240ed51-96f9-4a11-8519-44a0dcc322d4,Control
58986275-f255-448d-8371-0c5b9e8d5dcc,Control
1328c66e-591b-4682-b97d-c7585b65a1d2,Control
b8540944-d8ae-4972-9bf1-78fc42737a0e,Control
ccb0eb75-ec38-40d4-848d-b23b93c0e5c7,Control
021b55cf-0a5b-4b33-a736-fd6c88a88c66,Control
276d2535-6bb0-4167-8074-899bace20693,Control
7614172e-23d7-4d54-b5f7-123972a67e4f,Control
0f80bd9c-cd91-4999-9403-799ab914b4e1,Control
fb67e5cd-c07c-4c88-afde-7054396c1d3f,Control
433aa682-3f34-4742-9aa7-cc0d311b7108,Control
42cd8435-29f4-4f01-8c2b-4a17c939f9fd,Control
6d7f2c81-4963-4f07-8cf6-adbca54c0c2c,Control
7d6354ba-23fb-401a-93c0-dca477fde8a8,Control
84787d32-b27d-45f5-8d37-e14741f89c46,Control
cb6188f0-f6cd-4dfb-8efa-745920126033,Control
4778eb70-b6dd-4dc9-ac24-c51640502c9d,Control
2719160e-cac1-44ef-aa93-36da9b12be11,Control
945a7cc0-813c-42a5-8c4f-d018f2b48096,Control
e0fb37d8-b0f7-4b5a-ab30-5d956b4333ab,Control
f27cbd43-f9da-4e62-a5c8-eb3b5e1d7d80,Control
f13cfad4-92c5-4ee9-8298-cfc10ea9f0d7,Control
c2eaeac4-4588-452a-ad3a-82d149446d25,Control
d2ba348e-b8a7-4679-befd-81c35ee41f1b,Control
116508ae-c486-4b0d-9b99-ff00837ce161,Control
4407ce8e-616c-43ee-8258-ef8b3b4b22af,Control
49c50ff6-9ba7-4ba1-8a6b-638876e95286,Control
be07fcb1-16b2-4620-b479-e5898336b265,Control
bda89fae-1f26-444c-b9c8-c4e45f5f2ec0,Control
5afbf9c2-cef7-46d6-9820-67a3c17017f4,Control
6dca87c1-4c0c-4ef2-acad-ae66cedca3e4,Control
9989a09a-b95d-4b20-adf1-649468e49e09,Control
b33c244b-7508-4dde-8d36-2b2dc4904f25,Control
5d298ccf-57ef-4a79-88b2-8c16c9e9ef7c,Control
5fb1adea-dceb-45a2-8168-eea2f954533b,Control
1d2296df-8465-4b6d-824c-e8255e32dbe0,Control
aad1fe96-f6d7-4e99-9903-6f735f720918,Control
fb9c6d83-bd7d-4546-8ce0-40df8d80bc7c,Control
14f8fc9a-4748-440e-aec8-341a77f3a9fc,Control
d3b1ea59-cc2e-4b99-98e1-8d95f9b8eab0,Control
d8d2fbaa-b2bb-450f-985c-f411dbecacf9,Control
6625c750-ec80-41c7-8a2e-45f29e669ce8,Control
161ee8cc-a75e-4b5e-bc95-309195863129,Control
3ae1a067-9f94-4ef2-9d64-873e50d4c8cf,Control
8c3c5b82-a484-4f0c-bd05-782e4926b615,Control
a642ca0e-0aa0-475e-9c00-2875f83f725f,Control
c09ed567-92c9-48cb-94dd-c7a0e68d58a3,Control
67b98f93-4c60-4f08-ad0a-ba8e78035841,Control
1e75fe3f-5ad6-499e-8522-29c56194529b,Control
52cce6a5-6a5a-422f-8416-15c34d9ae993,Control
78a483b8-d0bc-4bab-9494-c38005c636ad,Control
8ae5b3df-3c61-474d-8c2b-756b2a256be3,Control
86fbd5e7-6101-40ec-a0b0-8af6431b8b29,Control
ff06aec9-d854-4e04-becf-6fe9d7c283a0,Control
e08e8421-b74a-4d98-aba1-3aebe993a261,Control
c76c3edc-2c46-429a-9dbc-60190dc1fccd,Control
79730d6b-d657-4985-a64a-5c774b649a5e,Control
2e9223a5-4477-4c3d-98d8-bc081c0e1dbb,Control
b41c63ff-4346-41a4-93e4-38a18d426efe,Control
3301f4bb-71c3-4851-be83-3a5a64f1648d,Control
f9ba19ad-fff0-453f-8df2-98b0d099ff1a,Control
9306ef2d-4e88-4702-bfbe-b2739ffc7476,Control
0679e88b-1f3f-4170-a1d1-2bc1f89beae8,Control
d05988d3-28db-4371-aafe-208059f1e81b,Control
051f896e-0ea6-4653-be6e-ba95f4c0b1b4,Control
3c89d257-6452-4630-80cd-9a45cb18988c,Control
831dc730-d006-422a-966d-7b7dcefb7650,Control
05a250d6-d7c4-4999-942d-121d4029b573,Control
fc7ac1df-6990-46c8-b3c8-c5bb0aa9a074,Control
6d8c06d8-849f-4d5f-aca6-f6a8fe1cce4c,Control
5eca2cfe-21af-4b5c-b6d9-3f1b40e26a28,Control
71ae9914-827a-4024-b34c-d5153b0aa24e,Control
89c65367-cd0a-4d9c-b2ac-6c77ed995eee,Control
9382efe8-ff83-491e-a016-efba91e6085a,Control
0fd22920-5a98-419e-94d4-f9f16975264b,Control
f63cbef5-82c5-4a3d-b31c-2aef2eb317e9,Control
a5cc589b-4405-4669-9995-9fed970acccb,Control
95330f13-6367-47a4-83cd-b5526cb7c95b,Control
196a09e1-2290-472e-bd75-68c07131b8ee,Control
f261a017-f35f-4ccc-ac70-b395cc08d31e,Control
380d5359-8339-4753-a07e-b82c0e91986c,Control
9f94c200-ac51-4cc9-a90a-0468cba4bbf6,Control
d3df7902-54f2-4401-858d-d00f2c46e632,Control
8cfc9bb5-1873-4bd2-8a5d-0d036e894077,Control
0bd7c565-e239-4cec-aab7-e0ef2538b10c,Control
d0bd3a1e-2550-4924-a1e5-c7f026db9fcf,Control
27b12e61-1172-4a2d-9e4e-9e9856b1a481,Control
b9ddf182-96ff-49c2-90d3-b82030e52651,Control
75148d58-8a14-454f-b2ec-763d98dfede5,Control
530c8191-c217-43e5-a48b-24752dc4065d,Control
d37816b9-bb70-4a3b-89ed-ddf230cddee9,Control
1ac97f1d-ed18-4a50-b939-87a9a1c02b45,Control
395b1e64-9645-48ab-8fda-3b01e4cedb4b,Control
5825b7bd-53c9-49d8-b3d4-d8e4ca01071a,Control
0a9e7b47-700e-4982-b5ec-2a8080ee1a39,Control
0146277e-d999-4e8f-9ece-4280cc241d27,Control
833744c0-c53f-4299-9d78-5cd3f755a4db,Control
1d750c1c-c6d1-43c1-a6e9-f1e9b3e6ef83,Control
fde99524-83c4-4277-a448-a0f07d434f49,Control
484183ae-681f-4c5f-8bab-61a0ac62cd78,Control
9f711c04-fb8b-46b9-b34b-1e60c6976c33,Control
1c2c02c1-dd3d-457c-85b2-e8408783a960,Control
73c1d38c-d552-4652-ae5a-fb4f0f1d51fb,Control
983a4171-e962-4b54-9c01-87f00db4b605,Control
33d3c5ba-3a02-493d-b506-543f76ef9533,Control
00914f2c-c6f0-4363-b06c-8ad7cac9a3d4,Control
007675d1-525a-4de9-8e90-d562c1bd8ba3,Control
06f51f1d-aa0a-476a-a20c-ecb127dd9bb9,Control
a15bcae8-448f-4d1c-bda9-7676fe8f48cb,Control
93fa91d0-19d6-473f-9b59-dba78fbf16ac,Control
970fc239-3de0-493b-9997-a564892cbdb5,Control
bc75a473-281f-4047-8db9-d3340a0e1136,Control
afe4a964-2660-4ead-b2ce-fb6839c2efe8,Control
e8497de8-b09d-48df-94ea-89eb00ac3839,Control
45df206a-b27f-4b84-941c-81ca8f413eaf,Control
4a5e5a25-fab7-4b4d-9df9-41a605f423b5,Control
e150d1c8-9c93-495f-a85d-a0c1df3678c6,Control
bfecbe6a-3dc1-49aa-a49b-d164b0463ede,Control
0a6ee34b-c01c-4638-b2b4-d546ddc7285b,Control
0517daf5-f6ea-4e5c-863f-61bd6d33d644,Control
964a2661-9f87-4623-8d05-a5cc4a2c3b97,Control
337af4e1-0088-4c07-869c-3f26c7649fb8,Control
33d099ea-31dd-4a32-865b-7aacd19753e5,Control
11c09654-21e2-4461-b1de-f2a09c6fc68a,Control
7ef6172e-ac52-4ac5-a25b-50892291667b,Control
bb4b0b6b-f1ce-4f19-bb5f-d6faca3c537f,Control
b290e753-2a75-4605-9ecb-0af1082c3ab8,Control
50585b1f-5e46-4a5a-a520-dc7095a426ae,Control
f7343d34-a2c2-4e87-81d6-b082f86c5fd8,Control
f6d39198-606e-4c7e-b377-c66a8dd69103,Control
68fba1a1-f576-4d1e-81e1-19314b6c8ccd,Control
2b0963b6-d99d-4816-a27b-7fdb6cc2214a,Control
4d5f6e03-deba-45d1-ae15-88b32bfcaf0d,Control
7cf18dab-f1a4-4feb-87d5-19bbc84530d4,Control
6a8f9828-4e06-4d50-9968-3bde7badf500,Control
22721c87-8da7-46f4-b034-8277c7db1668,Control
59687769-ee3e-44eb-8dd9-e8a10bef93eb,Control
1af6ef51-3997-42fe-83fc-5ed3073839de,Control
a0ff1447-c642-4ec8-92d6-093991c79ae7,Control
c0d9dcf3-3e7f-4fd8-b337-03ebf37075e3,Control
cb129c9d-f4c3-472a-ac75-2a6d5c57c55d,Control
313faa86-a0aa-4b68-a046-ea090889d0ef,Control
a68152f7-8b1b-4d05-8780-4d055182e08a,Control
5e133e3d-da8c-4e40-b606-2c4c0028a707,Control
97e41ad9-667e-48f6-b8a7-775a7787228c,Control
7d4fa614-2843-4c39-9630-df485bade261,Control
b35470c8-a9cb-4bbf-b8fc-1fcf3d9d8e19,Control
433d2595-de81-43d1-8cdb-00dc23b9f604,Control
2542e9f0-530d-4662-82d1-07dab52b70b7,Control
72043fc6-edb8-41c5-a786-9fc047af6f04,Control
29c5e153-4efc-44e3-945f-e2e5e1d9c646,Control
88543490-9330-4332-874b-1483d3a91dfe,Control
27adb0fd-3d9e-424e-8c22-8d4545ac304c,Control
13880b8f-b784-47a7-800f-5c9b3868738e,Control
e8e422ec-7f88-446c-89a4-280d678ebae6,Control
9454c476-dd84-4c71-98e3-ed7e71590592,Control
c774f928-0054-4f24-b675-2929192f5681,Control
aec62b9a-9143-4470-b4d3-ef1997fc327f,Control
ef86ac64-3e73-4322-8d7b-5da614f8c580,Control
3a14f04e-793f-4538-bb3b-ee9865897d11,Control
f45849bb-1099-475b-ae13-77b787f90c30,Control
47de9350-ece4-4376-a0b9-8eace8064895,Control
22b4f79b-695d-4846-b8e4-37568306fe3e,Control
18a9ef00-1b10-40a4-a7f2-60000a89b1ef,Control
56899c41-c961-4e97-906e-293fbabf330d,Control
04636bfc-27d1-45fe-9a88-bd790082fc64,Control
299b68c8-4662-4ce4-98b2-2ce8de37b62a,Control
f2b4247f-e765-403f-88c6-ce0d52721c03,Control
2614f376-d950-47cd-ae0b-3def04aebed1,Control
b892ec44-fe60-4743-83d7-78953665d82b,Control
38f4b59d-f279-4ad2-bbef-130180971a55,Control
f76e580f-f8a3-4e0d-ae9e-a597e99ce452,Control
76b4b342-563e-4a74-b20e-f0b3454e3074,Control
0e51696a-5317-427b-a999-7bafae7017ed,Control
6bf1892b-1370-48f0-a9ed-62b5753ed7d7,Control
2a0cc449-9943-463b-942f-b99bafdf4217,Control
a637fb00-5cfe-4e88-b26f-2a9c3293ce44,Control
4fde329b-386f-4d5a-ab9c-45141fd1873b,Control
8a0b71aa-081c-4c38-93f9-5313974f3e72,Control
55178b62-f93b-466f-bc83-687eff3fd551,Control
5871427e-054c-494d-8f36-5b032968e1c7,Control
2c4b0444-031c-45e1-a15c-23b8a577e0a0,Control
7792a183-9146-480f-8eab-26d0f714e37c,Control
b3f7494c-166d-4bf1-8787-e982f2f29682,Control
faf7a354-5910-4f3e-a011-0a60f2873479,Control
06a64714-45d3-4b2f-823f-7994b4bed5f4,Control
4b4adee4-9477-4b47-bc3e-28db65d88d9a,Control
bb908171-651d-48f8-a579-3086ed73bf87,Control
ce85d040-8948-4ded-8578-f785d222d566,Control
42001895-599a-4970-bd73-81422e546c74,Control
1ac2f331-5c1a-4b8d-86cb-c634e5ad0926,Control
a726d0b6-2388-4196-8b12-9f0da014d6f2,Control
30075ef8-38a6-46af-9662-9b7ac3316439,Control
2fe655be-1f41-4f1f-9c13-2c6305ead547,Control
3a65787c-e394-4270-8366-2549f2402863,Control
d6b4b874-d51a-44d5-93a8-0474f1646083,Control
9de0eb88-13d7-46be-9f82-9748335ccb54,Control
f2cf2709-0f99-4fd3-8126-608a90727d08,Control
95dbe948-7793-497a-912b-ffa413153d0d,Control
54954838-7b90-4c77-b7c2-56771f398bf1,Control
65a57b0c-1030-41cc-a404-ee6ad41a0a40,Control
97e6a461-9671-4d8d-834a-c09886b11242,Control
7042a591-4ba8-4ed4-8001-57b6964d3c95,Control
8f76550f-0b07-4570-900c-ecbb86181e80,Control
ce0e41af-9868-40cc-bf96-d234d052bf03,Control
5115e784-b931-4468-9115-101e025e1bdd,Control
ddc8d5a2-069d-4322-a624-897fb6b6f11b,Control
46d63912-a241-4616-bdf9-11643820e2cd,Control
583b5b1f-8dd3-434f-afef-fea591dda318,Control
b79a2268-ece3-4722-9105-78c866ba6e53,Control
e042b018-1b48-446d-9d99-631e1a943536,Control
dcd7f785-08e6-4d0b-af7e-54921a6427cf,Control
ee458afe-7eca-43f6-9a7b-f19ed0c63e8c,Control
941ebd76-75fb-410e-aaa2-c3a4279e355e,Control
860ade2c-b747-4d27-b10b-a1f2757171a1,Control
158662c5-a93f-474d-82d4-c7d4afd86165,Control
e8c36ff7-ebd7-4948-b407-d86888f98d92,Control
08d62751-edda-4af1-abd8-05ae90959396,Control
cfeda306-914b-4016-a907-1214121236ef,Control
9d2e9eb3-6041-4a95-82c2-69ded482ec5f,Control
945f1522-e84e-4e7c-a181-51d5f04983c9,Control
e2344bde-26d2-480f-b20d-e3dc0568f5e6,Control
5af9907e-a78e-4e54-a20e-1aeafaf9cdaa,Control
b57f7db1-85c3-4623-a15a-7e556e9a69f2,Control
db5f1662-e012-4010-b30e-3f23ac7443a1,Control
740ce3d2-ea96-4481-99d0-b947cddc5f31,Control
bfc0ef6c-5ea2-40fb-9dac-3222f7d2ea9e,Control
f1821172-4b50-484a-9e3c-dc48da97bbc9,Control
eed589c7-7c97-4e5b-8d14-fb648c20b8ea,Control
76374830-9e5b-4503-8bd3-6d1c69890ae5,Control
c0ca0d1e-9588-4f3c-8801-5da96c9c7e0a,Control
b29841ad-e80c-43a1-9547-c653f7caa8b1,Control
fcf5998c-287a-449d-abfc-2c7b7a57a0f8,Control
92f81ad1-6a02-4159-8fd3-67e916ce242b,Control
053d9a6b-6e98-4228-9711-1b6ae7e58f19,Control
150fb007-4330-4912-a298-d73c9b2bedfc,Control
88211557-bffc-424d-bb53-ac345103e0d6,Control
a3e4932a-9bad-412b-97cd-72512db7f404,Control
75e4703d-394a-4ace-8e56-b0a8ec94be53,Control
bd0665a5-e009-427c-8eb6-521ac46589bb,Control
ebdaefb1-6145-41d9-a492-4dd09982286c,Control
abc05962-afc5-4cdb-aa43-1b85ffd08cf1,Control
0f720731-0e30-407f-8503-f73684dce8c3,Control
f7c46f90-3c71-4999-a891-2f908d1b3310,Control
be608c3e-b45a-4706-b885-f52f8a35f669,Control
5d81afd0-1ab7-4f4d-a4d9-b5eba9d100ac,Control
259bee5b-5590-436d-8f2e-4f137f6bb7d0,Control
b73152c1-843e-47d4-b1e4-e791a9cf1013,Control
825b8934-4a36-43e0-b7e6-56271d494107,Control
fd7a6dad-5f7a-40a7-b5e8-89c7980524a0,Control
c70e7e3d-1b77-4164-a27c-c393a1158368,Control
6163f86a-79c9-499a-a2ba-40b6d5b79e65,Control
499a5fa1-f7dc-4cfd-a4c9-e2a74a570826,Control
9accb1f8-4371-4c78-a933-e841745c6c92,Control
a44a0b24-902d-4094-a85c-7e2517c398d1,Control
f628c37c-93fb-42b6-ac24-5b35a0daf66d,Control
d83d8e51-cd8e-4d14-8e81-3dcf235cf366,Control
7280201a-1363-413f-a29a-23f00aae4c3f,Control
0ce25104-295f-47f5-97bd-efe481e1f2c6,Control
1cf8712b-440c-49b5-9e86-bae4d009256e,Control
78d5982d-d784-4887-bfdd-cff64a740681,Control
56092c72-8a25-439a-b147-8ef72a251a5d,Control
dc35cbd6-bf68-40fa-96cc-e17789dafff1,Control
b36d239d-1737-4c40-942d-b4b4f1a3739e,Control
a9027fcd-72f3-4941-b72d-4bf3f7456df4,Control
86bd992d-a222-4f61-9d85-d06305996333,Control
915b0d26-5387-4391-a4f8-1727c451dbb4,Control
8c4913ed-35c8-47a3-b00e-ee4e6c27ec81,Control
9558bace-2c53-44a3-bd38-5b284f6704fd,Control
2bed4015-1bd8-4412-8b4d-55ceaf71e34c,Control
c95a1e06-4715-4817-9ad3-7efb82e44867,Control
4945ff35-8440-479b-9875-854494839af9,Control
e1b528af-8b14-4edc-9a4b-7b74d374767b,Control
b1bc5520-9a59-451f-833d-fa29a60c0837,Control
ac21c45e-b92d-44a0-af94-7c3190b111e2,Control
4cb7b181-0d6d-487f-9da8-99073d321b70,Control
c8fbb771-5dcb-476c-8320-fc9012df3673,Control
8beb16ad-2085-433d-90d1-8409dde7d48d,Control
99ced4c6-5925-40d2-9269-8ba1f5985786,Control
9dc28e25-f523-4f81-aa20-3427dbf1b9d3,Control
751c031c-c0d0-4ed4-bfeb-a2061c0baa67,Control
b8b2b7b3-6b5f-4458-b312-6ae0ff54e0a7,Control
4e56bb0e-18ac-4085-a1fa-b1f9c5f56631,Control
3c466491-ba88-439b-bb9b-e1b157965764,Control
0d320132-e7aa-46d3-b253-b9a64dcbcbfc,Control
95b4065c-5e5b-4754-aef7-7a87dd58bf27,Control
0a79db44-f89f-493c-b1af-d04baffc28fd,Control
d799708b-1e69-480a-b641-841dec80b78f,Control
7b05d294-9953-42c4-bab2-0f1aa75badd7,Control
817552ae-f846-4435-ad82-802801c95803,Control
ab930f26-e60b-4de3-bd77-48c792156df6,Control
a0ef0fea-f722-4e1b-990c-606d2f26df9a,Control
50d406dd-af3e-4836-9251-f83b1be869ea,Control
74bacf9b-abce-4320-a568-3dda99e36de8,Control
de3e5e5a-d891-49be-a058-89e6805ea12b,Control
e8d25d16-1e8b-4768-8e4c-a160a559dc43,Control
f247085b-f799-431b-ae54-a10a45db46ae,Control
b96d0560-edd3-4f35-94e2-01c51f6d1787,Control
527e57db-ab8b-4864-b4da-665c7a6d925e,Control
59467885-855d-4ee4-94b9-36e5a9efaf58,Control
b009e9f0-490f-4864-b359-4920e82caf63,Control
38ca8f98-73f5-410f-bb16-c69e8775776b,Control
9eb178a7-f0b3-44dc-a954-0ae9e051a2a1,Control
eaa95c21-0b79-449a-9755-e9e1d44d3e18,Control
4d4bf7cd-51a1-45cb-9f20-13bf41151300,Control
6f64c7cb-fb83-4c6f-8373-4de0e8216619,Control
1a019251-c5b7-4602-bb06-b0da6485dfdc,Control
f374644d-e5ca-4304-af19-b0cda4557fd5,Control
8157e158-2bea-464f-a515-dd9983bf18c7,Control
9c2cc3fd-54f0-430c-aecf-33e31b5414e0,Control
9b508ddf-9461-489a-a41f-ac9ecc8a0ed3,Control
2574781d-6014-4c84-ba66-3f226161d9db,Control
c72eadf0-6812-4936-9b10-7b6726dbd0a2,Control
82646b70-ece3-4304-a827-895fdf2a051c,Control
6426f859-106a-482e-9ef9-1abd8a0455b9,Control
5b5f68fe-81bc-4a0c-9188-b1d5a40d5d76,Control
aa90c6bf-255f-4b9f-b0d0-c6d8bbfb25fa,Control
9ef9faf0-6cda-40af-a79e-8a1a65183e23,Control
db72a357-5d7c-4337-8433-fd48f17a1108,Control
a900ce32-9e5d-477b-b36d-fde33eb59d4e,Control
5b823657-438e-4c17-9076-6c4813a508cf,Control
309b0851-df60-4944-85fe-35250517fc7e,Control
3da5ef7d-8009-4cd6-bea0-c1d1d1a01597,Control
81f78913-e163-43b7-b5fb-72f6543e4f2c,Control
c5362f6b-6a2d-4df0-a7fb-d48d0e3073a1,Control
4776b6b5-87c3-4b91-8211-701e3971bed4,Control
90ee2be1-07be-4e4d-b84b-0e03b7892d09,Control
32ea5e02-41c8-4308-8b86-3b49c463aa3a,Control
f0efe117-d87a-47e9-83cc-a1e4b416d86f,Control
94456af3-c7a0-47d2-806a-b4ab4dff6377,Control
32a5d9af-07e2-4a71-9618-76998bf4966e,Control
9b281ff0-16de-4261-8d69-cc635125da02,Control
d93038d7-0f2b-4d67-99b0-139299460e9e,Control
64ca946b-2873-42ea-9de0-42c771be19e5,Control
59253919-7694-4253-9968-3b6cf9fae431,Control
b70be377-cc48-4219-9bae-b27a303035aa,Control
f146e37b-c884-46ab-b484-83f872e22ea3,Control
b7827dca-2dc2-4983-98a0-f90122479d36,Control
69d16d5b-8abf-4c15-ac7b-a669ca7d76b0,Control
06f2792b-bcc5-4be1-afde-e056705b7679,Control
b9093afa-f2dd-4f5e-b703-759c9e7a69f8,Control
2579e246-58b3-460a-84da-8714880a865f,Control
08b7b2bb-f433-4f9c-a1fd-f7cbccaec60c,Control
04a20e24-9adb-4113-ad03-8420c5d97b49,Control
7277bd24-6c76-42da-b3f0-40eb6c7478fd,Control
196cb368-a733-4707-bde3-e67bcf3adefa,Control
2a5cc04e-8942-4b9c-bf51-e53c1e508807,Control
32bcb60e-6a1b-477e-b632-2539e99f8aa5,Control
65afcd45-312b-4a0d-abea-8c64cc105b6d,Control
75eae33e-dbb4-4874-93e4-77f63ceff7a3,Control
171ea7d4-4680-43af-9e6c-7b5a3e1a4ca4,Control
3c0d31a6-dff6-4e37-8b81-497cb0849169,Control
de0f7e01-8b83-43ee-b9f2-4a61f04aac28,Control
80fef581-00bb-4c85-8889-569e425053db,Control
62df9304-d0a1-4d79-8b68-000701273418,Control
ea7cb5ec-8ac0-4087-b161-6562620f0696,Control
87cb47ee-a96a-44ff-9c2d-cf7a24b5258a,Control
31d25de0-f774-49bc-a9f9-9d1d11b0aa09,Control
50384839-11df-4695-b68d-c452bc8f69b7,Control
33d958df-434c-4aa2-b67a-3ecd8cdcefc2,Control
380650b8-ed4a-4883-9961-a1bdba38258b,Control
4d14d8f3-12cd-43d5-b898-056352eec453,Control
8b6b7bbd-970b-49c1-8bfa-8bae7b4ef606,Control
534685be-25e7-4ad5-b9de-09dcb9c7ca7b,Control
e46fe0fa-858c-42db-94ad-a91f0409c417,Control
b1f2931d-d04c-4ad6-817c-6da0efee5179,Control
ec7ac6a5-ccbb-4043-bedf-08a4940b38aa,Control
9a84cd5d-fbd5-4cec-b941-6ae1e8908f86,Control
f06576a0-aedb-4232-ba8b-adfb5a3fade6,Control
f1c1b524-43c0-432b-a1b5-587f2c3f3cb0,Control
8594797e-fa39-4404-9b60-4b80175fdce9,Control
2f451fc5-80b5-43b1-9db3-2835ead48ffc,Control
bbfb2b59-b9c0-4cfc-b22f-6b1edeeef35d,Control
0df62c4c-9d06-4076-aca1-f8ec9a73b044,Control
c16033a0-f630-42f8-935f-84bff63043ed,Control
36cfb8be-a93f-448f-ae48-c3a1f474df3d,Control
e49dd442-afcd-4ba5-a66d-51ac13da10c5,Control
b8c14ae6-b3c5-4c69-9de1-9088dae603e2,Control
8d45b493-2d2d-4bbd-a32e-f2635c96a85b,Control
af0ecab4-8e28-4520-ad84-18b5574f5760,Control
bcddc0d0-3edf-466d-989f-9bffb62b0346,Control
61fee991-5cb5-4eda-bf2f-8c07257bd70d,Control
c312a0ee-7f2a-44f1-aeeb-0e537a71be4b,Control
008993ed-16cf-472f-97a5-0789d5685a35,Control
065f5325-7fac-4b89-bf6f-f5f0555f1aed,Control
b0a7268f-009f-49b3-adf9-e4a4ca5d86c0,Control
283d36a0-c3e4-4a86-ae0f-4f9dc86af084,Control
8a8b9a15-53e7-47d4-81c9-642fcb583280,Control
911a48fe-44c7-490d-a26e-6ed01eb23338,Control
99b87ac2-fdd5-4bef-85f3-cb93d422a08f,Control
dd0c8659-57af-4764-b942-789e5a35f7d4,Control
f8858604-96e2-4d1d-aa08-904d8849a5d5,Control
9951fcb4-5eaf-4468-a49e-98ed12e6f1b2,Control
c5e7a2a8-74ed-4855-a5a0-747cc3d2e6fb,Control
856ff3a4-3723-4b4c-9742-4da77871453f,Control
83291f4c-6ff0-4b83-9f36-b4195eca56b3,Control
cce91ca7-a0e1-4e79-89ed-c4cfe731920e,Control
8defcfa9-e75c-4a85-8689-5c257ab96c0c,Control
1f4e7682-7fe1-4c6c-9d0e-7c8753784bf1,Control
4c052fa5-b907-463e-8cfa-48fa1eadfe12,Control
8d2f72a4-6aa1-4456-a249-04bc4980d745,Control
2d9ba6d8-f576-4240-a1e9-3389769d613d,Control
f4989f70-cfaa-47b2-bcb3-076eb52577c2,Control
5c3d66d1-6bd1-4397-abe0-5317e4859dcd,Control
113e4f6d-2604-4d86-b742-f942c7a5ae98,Control
1ee3d296-020e-473c-a679-7c2dcda92b11,Control
d109838d-b9eb-4cfd-ba55-e73d46b141f2,Control
43b9fbd3-0798-4e55-89ea-b54340bec60f,Control
b20bbc3e-3603-4c51-8f66-3fdef059d266,Control
b0f01af7-3e8d-4065-a24c-d058305542b3,Control
e4a7af8d-0ca4-4ac5-9bd8-e86690d261c3,Control
36eaefaf-f68a-4cfa-8a7a-933ddfd18116,Control
253c855d-1bd7-4d0f-8290-750f8d79e24f,Control
fc4cf263-fe6e-41b9-b0b5-e55c23745aff,Control
d0f4f2d2-f40a-44e7-8e1a-b1ae54cda30c,Control
e0f9b898-84d9-4edf-8300-2db9b0934ad8,Control
170732d8-8619-4cc9-a4d5-d4f28432a059,Control
66cf58af-0007-43c8-b4c1-6c6851fc9a90,Control
c9a2b6bd-37c4-4d26-8181-a104b97ae4c1,Control
45fd48f6-de6b-4b02-a232-97b4e1ef6335,Control
88d110ba-1696-4957-aa49-c85fc9806932,Control
d14374c7-3380-40ee-b694-c8ec360c64e3,Control
3a0ed464-2235-4dfd-9ee7-07361a457b2b,Control
4f23ca4d-519d-4607-838c-bd37bcf048bb,Control
42094280-7bfe-48ee-8db0-0fc99e5ac3c5,Control
a01021d7-0086-4b7a-b6a2-e44953727714,Control
71d55e9e-d82e-45d8-a26d-a7a24a5ca6ed,Control
3f912da6-e33e-4875-9d28-4ead146f607c,Control
c190ecba-146b-472e-b270-8e9ec7c85828,Control
7c9f03a2-b7e3-4d47-a752-92b46855c110,Control
321f3c4a-0bfd-4678-a1c5-b90909fa25f0,Control
64321016-039e-4b48-9a67-2ead335b8a78,Control
3972283a-f6c2-4ed5-a033-d7f729b39166,Control
1ec5816c-be13-438c-a78c-efb5350bac21,Control
6c68f306-ecc7-4903-8388-d7b7981549a3,Control
87a53d13-63b7-457d-bff0-eb93ec8f0eaa,Control
196ffe9c-0c8b-4b95-a2aa-74f0553f6373,Control
471f78b0-ad05-43ec-b0de-ef657770186b,Control
0b8a184f-f32c-4f89-929a-956d2c297cca,Control
01449715-b869-4c5b-84fc-4ea0e3d443db,Control
3475be7d-c77f-419b-a6ea-a690b962671f,Control
97cbab8f-ab2a-4c85-b35e-db55cba0a95f,Control
ee892ada-3c54-48c0-a355-b0e0418c1746,Control
b8d8c2fd-aee1-49c2-9bd2-4bd6888798fc,Control
ad2769d8-7fda-4652-8744-1c9cc97fc6f8,Control
658d96f6-eff4-4901-a130-265ce8decc07,Control
8dc9e54a-f1e3-4e7d-a777-25be9a5dab9d,Control
8f53cc02-89ae-4b44-98da-1c081a96f1eb,Control
b23b0335-7263-4b7d-8c4a-e89b8a91b0f8,Control
627d8df2-ab2b-4b78-ac03-7303dbd093c3,Control
98bf084f-a27a-4a30-a7ab-e2ee9728e182,Control
296dd311-0151-4878-a1e2-19d371404549,Control
48f3ecb9-53c6-4baa-818d-8584e8bceb20,Control
bdfcf46a-5fcb-4137-8740-f390a8bc7974,Control
12fa2359-737e-4b6f-957a-a1468239ef62,Control
88b19c98-7ba4-43b1-8f93-d0d9d79173cb,Control
40f2f3c3-b69a-4939-8749-672b3ffc228e,Control
d74185e2-ba40-4535-9f6e-f9b466f5fd4b,Control
c3b3451a-b427-4331-b550-e89e31eefdf0,Control
f737e689-7472-4280-960d-0944ffeb7e21,Control
4ce056d1-0044-4110-99c1-fc025775832f,Control
1dff5326-bc1d-4c19-8416-0b2585641c91,Control
cedb2ae4-513e-4cef-b5ca-89352262cecf,Control
be8836a9-5460-40fb-89bf-b50aef8603bf,Control
3659d650-9f3a-47d2-af4b-73d7a8d741da,Control
b6eebafe-8289-4c89-aa1b-c55e60553472,Control
6ec654a4-87fe-4cb0-92c5-ace992650ae7,Control
0ac8da1a-df4e-4ba1-b08f-4be4f4b656ca,Control
ed7b20b2-4017-4061-9813-7301f7f65923,Control
abd24fae-8448-4066-bad5-f1e151b0b1a9,Control
55804da5-afa1-4e3f-8fc3-55f41440545f,Control
7df9c1c2-59a9-4e0c-8e01-d07459424c39,Control
aba75acc-e4d5-48fa-a228-f0ba2888a188,Control
673349aa-d7ca-4765-8b4b-ef2fe4d3c52b,Control
e2989b33-bf6f-4f4c-9373-b1efccca101f,Control
7434a251-0c2d-40b1-8ddd-e59a5fe1ba4c,Control
e08104b9-daaf-4faa-be32-7f29e7c6eaad,Control
3aac47ab-213d-4b01-b9e4-632eccf4ab60,Control
2f8a2688-038c-4902-a1fe-701400c5f2c1,Control
9313bd68-5991-4811-8246-9c5ff26953d0,Control
dcecded2-ab01-4702-a650-2468b2aa7d61,Control
98d8bb28-219f-4261-add6-1c4de9457f4d,Control
7406f4ed-5153-4b4a-961f-6c68098082a9,Control
55911e00-0181-4366-aa7a-0b59aee7d2f3,Control
1b8bb94f-f56d-4386-bdbe-63898274271f,Control
f93c5bf6-3eb3-420c-8b7f-0346901bf830,Control
ff9e5697-6a4a-4658-bb8d-003167188897,Control
b012534f-129b-4ad5-9ccb-01c07757dee4,Control
fb237db1-2659-4c5a-8da7-08169d8bf1b1,Control
64d1f441-d412-40a0-b961-f2d0a2dec934,Control
3abccc4d-1b5d-42cc-a245-51dd728eb445,Control
7c8da82b-1245-45db-baea-3e2d397fdddd,Control
20b837c1-4886-4115-a2ee-4dffc8fd5384,Control
1b7a9ee8-1e0f-4d40-afaa-f9dd88dbe544,Control
b46057d6-0b7b-41f9-951b-f9d14791ad4d,Control
1f2de7e3-a94b-496f-9c22-3b89fed5738a,Control
91f14aed-77f8-4838-9fbe-775341982744,Control
3ffa9e62-2c7e-42df-8d8c-07d9e426576c,Control
5ae699be-b776-4dac-b6b0-011ba8ac8e36,Control
0f524c64-86a6-4ca7-9fed-89bfaab3f6c3,Control
081ab4bb-6458-4e6e-b155-75b00e2e754c,Control
4e562430-45b9-4e66-abf2-0ff9fb8db3ec,Control
85ffc308-563f-4b49-b4d1-670bf4a6523d,Control
830f47e3-eecc-4a93-a19b-de0f16de3bf2,Control
87eaba33-1ea5-4949-91b3-2e092aec5ff3,Control
22e2ead6-d373-4bb8-80d4-9c9f1edb1ccf,Control
4ca8feb8-4610-4741-803e-85ae0b2c3d13,Control
dc7d85b5-ee3e-46a8-9eab-02fe9e7b43f7,Control
83aaadaa-4b84-4016-86fa-bd932475b824,Control
3db73362-d2c3-4737-8dbf-76eb9cb901b9,Control
e80a68d1-63ae-4bd9-99d0-92dc8e957bea,Control
596dda91-f971-4022-b67a-ed1163434a89,Control
61c1226d-3efb-4158-807d-2806ae7625bd,Control
c9feee69-9a1c-488a-b2e3-f5c6f8d0833b,Control
e1bd3c46-a9ff-4abd-96ac-932136a5ffa6,Control
946df2bf-9c26-4d7c-b93f-cfe7a15194d9,Control
7a6af7b0-e54b-421a-bf31-0a67ebdd4568,Control
ec9e18e9-6056-41c1-a880-de98b6e528ee,Control
84de8e8e-e432-405a-ad2e-b443880ada7c,Control
750da07c-7d9f-44cf-a978-554005f5ead8,Control
1ce25a95-4371-4f9b-9f32-70709c1c06ad,Control
eaae2598-84ce-4a05-82c2-587ce6d96c7c,Control
ab630e4d-1747-4731-a79c-58685c240026,Control
6608cddb-c6b5-4308-9704-1c93c03f9c8d,Control
07553535-9ff8-487e-972d-9706b5f03593,Control
a9a6fa84-dc68-46d4-b02a-4d870046cb90,Control
9d4f88ce-06b0-419b-8223-535c58712228,Control
1bf0cbd6-351c-475c-a1db-aae8aa4afd84,Control
5d147ae7-8bdd-4832-a7d1-6c43af94cc7c,Control
1750ddb2-30e8-434c-825f-6176066479c2,Control
2a130d9c-3379-4018-9dd2-fd3224a56a74,Control
39dba793-8dad-4982-ba09-145f7d2a53c4,Control
c1739b16-86ff-43ab-8b30-fc94c14a4acb,Control
51339ef3-1dae-4da0-a987-d5cefb1d71ad,Control
224887c6-0446-4dbb-b17c-6e0e2ea5d661,Control
34d12411-ccf2-4fe0-bd61-d79df6060af8,Control
c2bb133c-a2a1-4ed1-bc15-8f7c499913e6,Control
5d137bac-2d5d-4cbb-8949-4671990d3803,Control
70e01856-12a9-4334-8e6f-8559648e56f5,Control
4ad70d8a-96cd-451d-8663-f9b5ed263939,Control
ce02483c-7608-4f8e-b12d-ce5bcadb35a5,Control
e0a982ce-22ca-41a9-b8f2-59486987eded,Control
20083abb-e9b7-415d-a535-f9391d3c6dde,Control
a4f5fac1-40b4-4b0e-94f9-967bdf48af11,Control
61eb3c6d-5e90-4120-b895-3dccce476272,Control
165d82cd-1bbb-42d6-a1d7-718b46116134,Control
33950d85-79ed-464a-a9a8-cb5b8c900d1c,Control
a7463ee4-951f-46e1-a17d-e133b3d59fdd,Control
33ce17b6-3677-4038-ac3e-faa3cd9881e3,Control
ae725085-2d70-45ec-a339-b16d2c33ae04,Control
62b72dff-1771-4bd1-b6a1-ca7ca31cd457,Control
d9a0c601-1175-4a19-9c20-abe166f640d2,Control
3ad9626c-97cf-437f-a8ed-5953f0db228e,Control
2267979b-0904-4eb1-9c86-bca27624a755,Control
7b76e597-e869-4986-9d5e-6b9aa3e0165e,Control
03c89a17-7cb7-4e11-81b0-0ad642229034,Control
734e7f92-4ff5-4bc3-ac0c-cdab746596e2,Control
fdfe9c9e-dba8-4967-adf2-1a894ea8261b,Control
eea29381-a29f-4a25-ba92-1a37a419d84f,Control
c0d2681a-4e9b-4a0f-9f4b-9d60367a67fb,Control
edb80e38-63fd-44a7-ad09-3374242d1800,Control
4795d8a1-57b2-417d-8e3e-7beb1792ce63,Control
2e7f92f0-ec14-4405-8f75-01d0f11d8d2b,Control
3be8277e-4070-4c7d-961a-8a0bd6bff791,Control
77ae0e96-0975-45db-af26-2df070a22a16,Control
3db93148-7fca-4537-9e5a-4551f9f45070,Control
ac618910-04ce-4c50-8a6b-9e73e8cfefa6,Control
049880cf-698e-4a30-8a2d-666878006fc3,Control
358faf85-c856-4665-ad39-f9043b1afc22,Control
8b57ae96-7736-40b0-87b3-ee9ef0259249,Control
2a53daaf-78e7-4507-ba88-a635d08a058d,Control
647ef692-3696-430e-bc0b-1acb6a8a291f,Control
2af232bc-b59b-4175-ac9b-33def7e148d8,Control
60a46c8b-6ba4-4c61-bb2f-63f706bfae18,Control
f1adcf85-8e8f-4d81-85c9-bb7e155423da,Control
599fd65d-e73c-44ee-9440-4fad9a26bff3,Control
70084f49-09fc-4821-862c-ddc330aa0f33,Control
b5a8ead6-bce0-4ff6-8d71-73c974930782,Control
227c82f5-4b60-4157-a0d7-12a58da883b6,Control
7296a6b9-19a4-4466-aa95-0d86d113fd8b,Control
2c31c77f-46d1-4c31-89df-869da7316ec7,Control
130c4835-d6bd-4f11-a92c-6ce18b9c4434,Control
a51a68ac-9f45-470f-933b-1784e45327e1,Control
04762816-66ed-4097-aed5-a5eac9f5f1a5,Control
3e77f335-54d6-4b47-a8d6-1a516fbf244b,Control
aab59f86-0462-4b0c-a064-4bf38aaf1693,Control
afb4d99f-db41-4883-b806-d156eee14982,Control
3d0514a5-011e-4fd9-8700-c459157abda6,Control
7287c35c-96e0-43cc-9617-bed21d253eab,Control
e7566710-e370-4b8a-a795-cda1893ea1b6,Control
16dbf312-303c-4085-a304-69412177adbf,Control
09364c6a-c133-4065-96fb-0865084778f5,Control
d24e49cd-6bc9-4867-b89e-5ca68468a5fb,Control
ba325156-e797-4f75-81dd-93ddec92762e,Control
f7f4b48f-0c78-4a9a-a803-1d4b341ec275,Control
a5a25a2f-5ecd-43a0-be8c-c38ce3e801d4,Control
cdc9e5c5-41c4-4d5f-8b1b-1d308a09d21a,Control
091424ac-3556-4fab-bdcd-62e6f02dd795,Control
a9808346-519a-4f8b-ac74-5b73bba64f03,Control
12d6232b-86cd-4736-a5f0-66294bd4c5e0,Control
763c5749-6fba-47bf-8cf0-5d63692ce728,Control
425b5cd6-c35c-4869-a8cf-de7c391c7f8e,Control
5e839de4-e750-49be-98ef-1f10dca6ac43,Control
5e2a25b0-db9b-459e-b13b-64e5c9dd2da1,Control
cf36aa8a-400b-4029-bfd6-f9a0e4e81290,Control
fc80bf26-9e35-40d8-a91b-c019860ae234,Control
c48dd687-dfb3-4729-8b3b-6590f2504784,Control
54421800-aac5-4ac5-9039-73c2f5b78249,Control
85bc7d76-2ec9-4a4b-b4aa-cc8aa4fb8b14,Control
a164bd92-a4c4-44eb-ac2b-07fd78b46714,Control
1781a2ba-7826-475d-8dd0-f2e9a8313d6e,Control
3f03d83d-5519-4a75-9994-c66d2304ec87,Control
34fe81c4-f6a0-49e7-a901-e050975b2d92,Control
f17b1df2-4ec1-48f9-a1fd-a980e42a8d02,Control
47471c76-4653-456a-8ad6-73a834c183e2,Control
f8803244-343e-4594-b253-a1527e1fd53a,Control
32204dd8-2fc5-40b9-8abb-9740536b9a1b,Control
8d7a3960-9525-4f55-aa6e-337a0abb2b9c,Control
005cb38e-50e6-44ab-a9de-8011131746eb,Control
09f6b59f-9258-4fe3-9e89-fc47a6561bcf,Control
d664fec6-6991-49d9-a058-54843a55e6d5,Control
17a5761c-ea1a-4e3d-a89a-90d2d265358f,Control
0529d597-2a3f-40ab-a700-07e85b7e8642,Control
0d9dec47-e3d7-4fa1-b09d-43b7b62616d6,Control
63827406-bf92-4fd3-8d4a-0447f7e520b1,Control
f261ec7b-abf2-43c4-a1d9-c65fc4dc6b2b,Control
89eecfcb-9207-4af3-9c52-f5229c01c15b,Control
6a1188a4-ced3-4d25-a599-f3b6cc77a9e8,Control
96dd50da-4b4d-4864-8dc1-d7d53621e05c,Control
d24e4f13-c50d-4062-bbdf-eb94da3247eb,Control
f48b57cd-5afd-4c47-ac8c-12a9e505f02c,Control
e3273aa8-9d8a-4aff-8b71-041cc98b2923,Control
2a21288e-6da6-4095-a927-3191a5700f63,Control
fb8a650f-953d-4e50-bf6d-065782331119,Control
5fdd6288-9420-4871-804b-3411a97bdbdb,Control
d76a827e-43e7-43d0-aa52-4c5216677ea3,Control
202db0aa-7bcb-4863-90d0-3330950cb10b,Control
31e30de6-cd8c-4e7b-ac3a-fb90beabd147,Control
b5a81b86-4c06-4f0c-9b08-e1ea07de3e52,Control
26492207-8bd3-4284-8db0-158445d18f5b,Control
f5970761-9433-44ec-ae9e-3b12ad27029a,Control
1a1f7a25-eecc-4b32-bb55-2496e4244076,Control
e167fce4-3582-427f-8405-a3c1225b6c5c,Control
eb7280e4-cbe1-412c-8640-27f2d2e2a02e,Control
e4c31930-d88a-416a-bb8a-8b9e3a61b12e,Control
edb75ba5-052f-41fc-b775-f42cbdaf763f,Control
d14715d3-0d8a-4418-8a30-9e4371849b1a,Control
eaa57249-3156-46ba-b2d5-6af5574e3b2d,Control
f5575bce-cb23-4f57-8f40-4bdd038f6ef7,Control
98f48696-cd4c-49a6-baed-8c61180ee36f,Control
3b35dcf8-55a8-4ef1-a91d-9e98e53ca6fd,Control
930041fb-7a29-468a-9273-e1596b79d095,Control
700ed752-56ac-4db0-9a3b-2e1a31f7a31f,Control
a42ba846-e94c-4973-8271-6e7a6bced3c0,Control
270249b6-1cde-4e9a-a0a3-49db3107d4e8,Control
1afd215c-cb92-4ca9-9348-e493c440367d,Control
2b932d10-5848-46ff-90f3-8f72c4063d34,Control
f8a7c710-7b9d-4ee3-95b9-9fa375d7cd34,Control
9a68f69a-5b42-4840-a0fb-547e230a7448,Control
e395f339-4f2b-4442-9d0d-36ec5e776b98,Control
b6d062ec-c04a-4e92-8b18-8aebb7cf5519,Control
e88fc5cb-1a86-4368-84ef-82d69d832d5e,Control
99120d90-04a1-4471-b84b-b243cd6d9405,Control
47c912a5-cb44-4abc-9b64-bf84eaaf7558,Control
7af61328-927c-4c98-bda4-feb6be38792b,Control
3a94916a-c7b9-4c31-b638-30ba33724b23,Control
88b33cd7-9d43-405c-bd5d-8c69a3c91c3a,Control
1bc87bed-cc95-443c-b2f7-3921835e8dc2,Control
7a3f3c8e-9b34-4a68-bef9-546d45856a88,Control
8baf0041-0f41-4924-9c95-371394d63f2b,Control
d7d01826-b28d-4702-88fe-05e797591b19,Control
33a99ff9-3a4d-404c-bb47-487ed76df89e,Control
a6da36da-1390-4b3b-ad94-9bc0f55a98b2,Control
5ded3789-175a-4b76-8c9b-6772e9108335,Control
bc1777b1-595a-4330-bdfb-53495267d8a9,Control
85549d65-1d87-4457-97f0-53e1be17f386,Control
081b23a4-1402-4e01-adaf-f3bab014d218,Control
e5692ad9-d015-438f-9c01-43cf2b2f7d60,Control
b948cd50-8647-4aae-8fec-f350a9ab3bf4,Control
445282a2-8035-44fe-aef9-c636411627f5,Control
7110fb89-0a6f-48d2-ab24-2b6b9583f71e,Control
e84ff8d1-46d4-42ba-8b4c-395162707bbf,Control
72c15041-3162-46e7-9023-1dc6aefb4f8b,Control
9ae2e082-1ad9-415d-83d6-20b07ee0bd40,Control
284d5243-6fb6-427e-8da0-9b90b7c39cf8,Control
3886fb2a-7468-4f61-a5eb-1508e41a4f21,Control
759e5dca-439d-45c9-871c-3c557da577b9,Control
d021705a-51e1-4bdc-b762-597a0300e114,Control
d1057c74-9ed6-460f-ad49-d76c2e211951,Control
e5dc1cf8-80ed-490f-82a3-030a0924f867,Control
a13d00cc-771a-4bad-855a-6dda8021291f,Control
47907199-55bb-46b1-b66f-877f24732672,Control
6d5d3105-7663-42bc-aa96-7b9a1bb09381,Control
6ceb6646-2401-4b83-9e11-b07c7df5418c,Control
f706e3be-efde-48bb-8b39-606e75e7f44d,Control
dcb782c2-4e50-49c8-aed8-bc5b2c49392a,Control
4c2669bc-a269-451e-94ef-423397467e31,Control
6d40857c-d0a2-49c0-aeb5-b216b11805a3,Control
92e6107e-3109-46dd-8794-c866f8a993c9,Control
19ad5d76-1d35-4b8f-a497-78cd442bf3c2,Control
2bf0e749-8b61-4f13-8dfb-fb113185f1a8,Control
0fc0305b-4ee1-4ab9-8d18-25e8f1b3b076,Control
cf1b4379-1509-4fa2-a1c6-da40c1c0609d,Control
e2279af9-c402-4ffd-bb50-020f2ca40a08,Control
9adffc2f-29a0-4b10-abfe-526c93f9fb85,Control
53035ea7-4976-4e76-95d2-027c7bb21f6a,Control
f44b2098-4d8e-4080-b0fd-3eff1d9e4c68,Control
ae012ac6-0f7a-4840-be2f-bb29e3daa225,Control
4c7fad24-34bd-4148-ab07-247b26395d40,Control
5a9f87d9-03a9-4b3a-8ceb-b9f5a6c27d4b,Control
8daa3aaf-d04f-4bbb-aa63-c5379cc08b63,Control
62b6d8c4-0074-4d95-9571-c0983ad7f126,Control
7a0a9a25-5460-45b2-8419-579bd7e57e5d,Control
d7522eaa-d4c9-4aeb-b8f3-19ae494b91f2,Control
29c4bd3c-ce24-4a57-ac5c-e16d928ecef0,Control
f5469131-60a0-4dbd-b6b1-292e01341105,Control
ab13799b-ad22-4c64-87d6-7d99de2288fa,Control
2fc9aefc-571d-44ed-be14-c1c7f2586a7f,Control
7c8749df-fef0-4abd-9854-cffc28728773,Control
e30657c5-2100-49e9-a9d3-d3cc485f9c31,Control
e803e05b-7192-4d07-9db2-c0677f51e751,Control
6e9b75c4-65d4-4e6c-b774-36a34d71f565,Control
8429f188-1e14-4d43-8257-a3b3f15f4e99,Control
50e7082d-fa82-4a75-968a-52cf0349eca7,Control
23a2c7b4-9f7b-46ef-b12b-f8777ebd3d78,Control
b23471b7-0baf-42dd-99f2-9a55be8a0fb3,Control
d5777b00-ffc0-40dd-aba8-e994dcf18e42,Control
9b185f76-d30d-4c10-968c-dd016b8d544c,Control
3f74d1af-ebb2-447c-a436-128553555721,Control
2ed3556c-4d88-4142-a951-66f437d03abc,Control
d4763d2b-a72f-48b9-b398-933537e34cc9,Control
0db1497e-bcf8-40e9-9b60-e8a42ef23c84,Control
d9ee18f2-5adf-4dda-bde0-25aaa2bd6122,Control
c3cced4f-cfaf-4b08-8882-5679bd91e30b,Control
c1baff22-80a5-4d70-902c-6e6779456f71,Control
328ba90e-cdcf-4521-9197-2cae6eb60b33,Control
194fe6ec-09ed-4421-87cb-f7e73a9377d3,Control
8c0c6d49-4ad6-4b08-b101-7760bb9383fe,Control
6bf4e6b4-7825-41a3-8818-d5b341d0f703,Control
28cb2986-8e5b-4661-8c76-2258b955638f,Control
bb12547a-373a-47f2-8aae-546054ec09e9,Control
8a234c20-8101-4abd-a0c0-ff171248b652,Control
34f0a4cb-5796-4fa1-9e62-386dbd53ca9a,Control
78202247-c4d9-4ba5-a638-45e0919765c8,Control
9b910a5a-a417-4687-abe5-55e6382cffe7,Control
42b97724-083f-4306-a60c-95405e3ea7ac,Control
d0696c08-b924-4858-bc61-c1d9ee71213f,Control
ea8eb4de-b7c4-46eb-bf8c-f9462aac5713,Control
1293a17e-825c-4c8a-8bb5-3179af7d1e43,Control
ae9d7889-e517-4704-9971-62fdb97f8333,Control
05653391-1450-4c7f-960e-6379370d1657,Control
8eac9600-9925-4192-bf94-86f39d84c845,Control
f7b13e53-637a-4275-90b8-28c1f8cf2f2e,Control
6d15c48d-ef65-420a-ba44-a7aa21a6f7bd,Control
5ecd90ae-1ef3-46c0-b7e1-3bb84d2048c0,Control
432d7027-a82a-4083-af4f-7dbba86b3e1f,Control
17f3ef0d-2ad1-4488-8fc1-0d6526861759,Control
5b9b74a5-db6e-481c-b599-2b01246c3d03,Control
7ba82dfc-1e60-42b6-b0ad-b0fa28db87e4,Control
d10935a6-9d28-497e-8905-57b5da8d0632,Control
0a7202bd-63ae-4c4c-a998-3bdcd2672ec1,Control
4b7dbc8a-7a2d-469d-8f28-38d00e600f65,Control
479ba336-3fda-4692-bb3b-900c26b73481,Control
08c0c99c-4a1c-4a60-812a-0f33ed87e983,Control
e5f15d03-3468-4abf-8842-6c570b28b863,Control
70060cbd-d203-483d-8565-37f66610490e,Control
2c18ff79-87df-4d02-8b0c-bcb30f0685cf,Control
c80f0663-c4c8-4a5d-b4e7-bbacf1b97ba1,Control
db6c3613-a9e8-4e1c-bff0-26c7b75cd5ad,Control
0ad83dfc-fca1-46df-9564-6ff09ff1708e,Control
61637a13-019c-4c3b-a102-96735ea63f98,Control
cc04a8d7-4a70-46b5-b59c-077bc2cc745b,Control
2a5d2143-cb5e-46d3-b54b-0debd9824d29,Control
7c09aa8f-359e-47bf-a304-abbc15cd5cbe,Control
1c1fe0b3-c8c5-46c7-a257-19fa39ee31db,Control
6a003205-cae5-464a-b454-4bb3c193268c,Control
42a219fe-8c62-4cba-94f3-9040cafbdf76,Control
fc2f4fcb-07dc-400e-959a-86a2f516e2b9,Control
3c133756-40db-4cbc-979b-d1621c0826ac,Control
44acfa26-3b5c-4caa-86b4-4b703ddeede0,Control
8ee4be13-dddd-4090-851f-678759506f94,Control
71f3df25-7c32-4864-b0a0-cec77178ba44,Control
2b4b06db-79a3-44c9-a77a-af4bf1508809,Control
1ecc227d-c4e0-4c97-ad50-99e166dc5d4f,Control
82b33325-23d7-478b-a100-2c91d153449c,Control
1035358e-b862-4699-8bc4-c9fb2750a516,Control
473a2dda-de74-4734-be33-c99c0287b55f,Control
4b10a204-d0b5-45f4-8fa3-8f044d976f3d,Control
f1c2374c-026f-444a-b1d6-98aaf320744d,Control
ebfb5875-8f25-4084-b260-16dc113893d7,Control
001afe92-29bb-4c19-8305-79ad37aac3a9,Control
c867aee0-4a8a-44bd-8d91-432db2ecb62c,Control
c50e6790-6510-4c2e-83c6-d2f66dea235d,Control
772a410c-b045-4e10-8abd-c76b54707b66,Control
82f512bc-8c37-4c23-a1b2-267fd4d362bc,Control
005e8044-71f3-44a8-9394-79b0bcffed13,Control
f7f174e1-3668-47be-96cd-82b0015b74da,Control
956dcd6e-06a6-458a-96f3-fa151f798274,Control
f1a95ece-37fb-4766-b7fb-82ee4d6d4fb1,Control
9e10cd84-6433-4ed6-8da4-fcb8ce3b6b3a,Control
c1691b70-3cb2-4745-b9d8-79124f92022e,Control
df4754cd-3872-459a-aa92-ea6c82d7e4e7,Control
a0e80cf3-38eb-4fde-bad9-2cae184484ff,Control
b46f9033-af5d-458c-b53f-586815b0d17b,Control
99b63541-d1d9-425d-a4f2-b0b05e46c3a6,Control
489e380b-6426-41b2-b028-5442d5b7df6c,Control
03527609-58a3-470e-969b-bac1464707af,Control
0991f36f-7090-41e6-9456-77a4a7e90eef,Control
f9003ae4-3f10-4800-88f3-afdf87970faf,Control
0003fb7a-41da-4749-9186-1dfa0379d415,Control
6d6ddf42-2af2-4ee5-84e6-cf10658fc60b,Control
9826c27d-6074-4ffb-840c-86c304e5a65e,Control
e7f81108-0830-49e7-847d-fe91957744c4,Control
47db5f03-c45a-4708-a9af-5e31924af6c1,Control
d743165d-391a-4694-8b9e-636b87b0eb31,Control
dc06adf8-7eea-44e6-ae66-362f8087729e,Control
4057ecf9-3513-4fc7-b6bd-a5259cc8d760,Control
818ed5e6-7fcc-4cfd-84fd-551ae60e6b79,Control
5fcc7ddf-d897-4959-8cac-a48441ab1c7c,Control
d7c3c5ff-cc3c-4f22-ab9f-3fb6e6482897,Control
b1b0fbc2-3015-48d3-b350-9b5e16f27405,Control
c946eb21-83d8-48c9-bf70-0640988afbf8,Control
a294e794-f6b7-499b-a21b-5cb609294e82,Control
72150506-13e2-4906-a715-1efc9c04683d,Control
fd983eba-fa31-45c2-ae58-0221134a5c5a,Control
76213a08-d9ae-4dc9-87c6-b90fa31f27fa,Control
a67ff551-2a97-47a5-a56a-40cae937069c,Control
7431e9dd-8590-4d5e-bcb6-5339b2ea2e47,Control
8466048e-024e-4759-91af-748886490887,Control
6fd377ef-f502-457e-b0e9-b24962a82f48,Control
f2499330-e3f7-4097-9318-bf664a3178d3,Control
bc80c214-f83f-44a8-8948-685d78ba9315,Control
e970b705-21d9-4ce2-8cbd-5160ff61f0ef,Control
5683f089-1a5a-4461-be15-613def412e6c,Control
755a496e-92ba-4df6-8d4a-05505fce7a53,Control
f304f787-01a3-4a18-8ab8-354eddc88232,Control
0bcb5858-4419-4f1d-bd23-d55e7b42c8af,Control
c6417324-a5f8-47b3-8403-f7d305f5e584,Control
394c077c-f665-4b12-91ad-9ff50234b7b4,Control
aac9f0de-d0fd-4ff4-808b-4a8972156e8f,Control
98973bad-6664-46e2-816e-7cfa1f33cf03,Control
67d9b7f9-54f1-493c-80a2-0f058508e693,Control
3133ae73-5961-46cd-8964-3c948b102b37,Control
251746bc-3fb2-42ff-b50f-03a44fb000d5,Control
f0f93f97-02e7-4d35-8c6d-a75f06a2d720,Control
3c3e708c-eb2e-4ed0-9e5c-47d9fa87d07a,Control
648d638d-311b-4c9e-b963-5ff38c63ac83,Control
d4042412-5ea0-41f2-9687-16c3585af8f8,Control
487bb847-fd49-46a4-8a74-73ed82887033,Control
745d4063-33e9-485d-bd6d-2a6c8ba5f5f7,Control
c641e28b-02b9-4804-9cfa-3307a59d4e40,Control
a3d59e1b-06f5-4abb-ba6c-4a3f21227e04,Control
dc6176fb-d73c-47ca-ac0b-f592d32c13e7,Control
26160ff0-06a7-46c4-9f36-af04a191cdc2,Control
8ca0e060-7457-484c-bb45-810255dc39e2,Control
483dfab2-0976-4e63-a9ec-1e9232957d20,Control
cccfc57e-1529-4c5f-9da3-db96c7f8f21e,Control
6101323c-e8a4-4ca9-8604-857d3344e010,Control
67e409f8-1f90-4434-be44-a7dfc9e1ef4f,Control
a01365a2-e4f9-47dc-b686-eee6855926d8,Control
e8a8c9e2-e4cd-4a44-8b1d-e9d29aa37ce3,Control
27019b8d-a340-475a-aeb1-d0c4616fb7a3,Control
c28e6785-832b-43ba-96ff-05a2b6c49885,Control
9748713a-94fa-465a-8ac1-23ac0ca97e61,Control
e40e34e5-b1c3-4c85-8325-0d31f1d085bd,Control
ec65c55f-28b8-474f-969a-c527b86eb036,Control
acc3c937-07f8-49aa-bbc6-e231289ed96f,Control
c5a1098e-3588-4781-814e-f697c05d3e0c,Control
e5223e33-2751-4386-9c2a-d4fa998f2e3e,Control
1fd489c0-de8e-4d4b-9d8a-1d9427ee5b70,Control
af2d5c20-85af-4bfd-963c-56ad2b7f5cf0,Control
87ad4fee-4068-48b2-b54b-c2fdfd924d5d,Control
6d00b0f0-a9b1-4fa9-9a03-ea3ab2d407e7,Control
4d80e5d0-5171-4a60-b061-44fb71771ec1,Control
9ba65d81-008f-46d1-8044-bf80c5dc98a5,Control
d32457cc-5c17-4585-adc2-b753ac19dcda,Control
b6b907fd-fc92-4639-85c5-f7457199c578,Control
2a9c908f-8649-46b0-9bca-5d0626184b0a,Control
8f47647d-7240-4556-8580-156e85fad8db,Control
0b8bf471-9e91-4cc7-a35f-6e49285d9e91,Control
ed719a51-8ab3-40bc-80eb-861404a79d23,Control
8d1488c9-90af-4523-ab19-dac6a8f32af5,Control
8a94f23e-ac1c-41de-b97e-e4a2e3d25cb0,Control
3fb6a8e9-cacc-472a-908b-6983aa28383b,Control
b6c53412-4d1f-4545-8dc9-227b2ac677fd,Control
0670871c-ba13-4a93-ac00-42f5639092fd,Control
d096d281-5c5a-43c0-a7e9-de724b14ea9c,Control
cf34288f-3098-46be-93f0-76541f0c6079,Control
77e9b40a-86c2-47a6-afe6-6ee24029a090,Control
d29d84b5-15db-4f8e-826c-ff365af397a4,Control
38ce0b44-c1f9-4a1f-904f-4a806b0a184a,Control
9901b701-31fd-42fc-9d21-0f5fc12d77ef,Control
eb860254-453f-4a79-8bf9-012f6096b57c,Control
d1c8c5a3-cb32-45ec-bd3e-3d8f5d715c1f,Control
1f84e49c-29dd-4bc0-8352-1a97057f4f7c,Control
2d601465-cf70-4a80-aea1-180d76d51032,Control
5862309d-bdba-46f5-8e91-d9ce725bd4ab,Control
de0d1349-7094-4376-8dd4-be8eba38fcad,Control
e994d7ed-67dc-49e8-a84e-dcaba30b5321,Control
8fddc3f8-e5b0-4708-a99b-cb7a8b4460b9,Control
449bf678-8ba2-4f66-bf39-32a190dbd613,Control
95a96238-a050-461c-9341-f63a55598c19,Control
fedce12f-de25-46ec-a8ee-e22a9812417b,Control
91300269-0bd6-479b-8607-f8476b0aa3e6,Control
7967c9d1-3319-434d-b809-e30ec969e2ac,Control
93223e1c-2e22-4d98-9cf4-132753997192,Control
a9a3e338-b35a-4b8e-bf8a-829fb921967b,Control
4373abc4-54d5-4532-868a-c0633f66875f,Control
86a50193-e310-4d93-965e-2bdf133510dc,Control
6c8d86ac-4648-49bf-aa90-5a737375e3b2,Control
e1de764e-84d9-404f-9fd3-d49b8d0957ee,Control
c89f965c-0413-4f04-b41d-040de5845c7b,Control
10ee580c-09c5-4dc9-9b34-bb122a99c92f,Control
f5b343e9-b7ad-492f-8056-fbdfb7ab6d69,Control
0ed850de-36a0-44e2-86d7-aec7b23c5957,Control
06105d9b-3a19-43c8-a5ef-030227676502,Control
045264df-62ee-4a1d-9c09-1675dfadc81b,Control
7a377270-2635-444a-93ff-48ab7057c954,Control
e01af1d6-da2e-4d65-b3f8-1fe0ad12e301,Control
697d30a8-8e8c-4f55-a3df-acf9b44a2e23,Control
368e23ee-71f1-47c1-b906-d55d57a6ed03,Control
f7864692-efae-4546-aa1f-ed3accece06d,Control
827e6b8e-965f-413e-8fe7-0593529ac930,Control
c6a70507-d923-413b-9341-b2a18f1b35ab,Control
fcbe7a8c-981f-4832-9586-485effc3cb2f,Control
4a64ebc8-5180-4346-91dc-2cef2527dad1,Control
36631f93-71a3-4abd-85a5-50e2d4d927cc,Control
f08029f9-5bad-47fc-9a13-d251f81129e6,Control
a926dc12-49c8-4dc9-ae6f-aaeaf89a61a3,Control
47f09dfb-c43c-4d04-ae4d-104ed06adcef,Control
ba42074e-fd70-4e21-9722-15a9286eedc2,Control
2d685162-b1ee-45a3-ad95-e48a03f4ba2d,Control
6282e1cc-a0aa-4df9-ba13-583f590f51b1,Control
31f06e38-02c1-4235-a594-bbe717544a21,Control
400990a7-41bd-451e-a013-79b25561ca15,Control
795b7570-cf55-4122-9569-de702d7d3d8e,Control
c36fd6b1-8431-4891-a4f5-35443f0a8201,Control
bfc5d7b0-0735-4f4c-8cfd-254eb927ab84,Control
01145609-e561-4b74-ae05-249709a2b24d,Control
9028eae3-c8a0-4227-a41e-fe57f50e26fb,Control
d6ca9357-a705-46c6-8274-b0280cb4925b,Control
1443eef7-6ebe-4f68-8436-521c67478f6e,Control
2d58ecc9-bd4c-4e77-8992-46bc7f4c02c7,Control
c005e25f-8908-410c-b0e5-49705bd3a002,Control
6f761058-6045-465e-a817-5c444e2698b7,Control
1f63e2a7-8edf-4091-a936-cc0eb036fbc8,Control
91c4035f-6e94-4b10-9b47-737d7bb41d9a,Control
ec86ede6-f5c0-4033-8c00-12d72ff1dffe,Control
4b141e10-b7f6-4aca-976c-172879a9ac5d,Control
05b460ba-a991-4904-b905-3bc637a0595b,Control
9a558480-ca11-4761-b9cb-6dba7a3478e3,Control
76e82329-bf6b-4d74-b5ba-7f336b72ac6f,Control
b3f9cbf0-2c7e-43cd-9d59-74a86bc30124,Control
b6c1610e-5f6d-44d3-8890-5f3748d17543,Control
e80d8049-ef38-4d9f-b1aa-8a266b036da9,Control
d0894918-11b5-41cc-98fc-7055a4e1e486,Control
ef39743e-ede0-4e86-a56c-75643d622911,Control
ba953fe0-46dc-4239-aacc-ca263b69c2b2,Control
c380b840-bf7b-4126-a08b-364c14c469d8,Control
92edc1d9-8c2f-48c1-b54f-98d62e1264db,Control
92ceb65f-525d-4e03-b6f4-f928ab350272,Control
7e0537de-2273-4559-960a-f8ab164a8af3,Control
01c32247-d0ab-4b5a-916f-930562939398,Control
da65b6c9-64be-428d-a34d-78b3da9e5053,Control
c74cee15-63f0-4d49-b773-aca7ea9223d3,Control
893314fb-a4ea-4de1-8970-3d4b83cc46ee,Control
20015430-3ce7-4974-abf2-0a20488fd1b9,Control
3eeb9bc6-28ef-4e68-9cdf-3be489e41429,Control
93985739-838e-42c8-9612-5293bd67b1d2,Control
3a693dce-953c-48ed-a07f-4442b1d7201e,Control
bfd5cfb9-b2e5-444d-a99d-c6e1f0f29299,Control
6a5a62fd-a826-4f8b-a2de-6f384ad51b61,Control
3e793799-72f0-49e0-8df7-54810877bcc9,Control
a037d0a3-c1bc-41fc-a95c-9a7bd4ce4104,Control
00d1e69d-7c22-4643-b01d-b80328cb4829,Control
5552211d-0f0e-418e-883d-dfceab78c745,Control
6666cdc6-6901-4140-8a39-04e1acb54beb,Control
5dbd571f-b795-4f7e-9d5c-7a7ae8340d69,Control
5bf19c2a-0578-472f-8f37-07d904140771,Control
f3365b78-b608-40c8-b7e8-e103b8d22038,Control
56f821e7-56e1-49e4-921d-5326e7a25bb6,Control
6b915a5b-76c1-437c-81ec-9c0814e2b592,Control
728be6c8-a8fb-4d90-b6d2-e18e16197f6d,Control
a12881a4-4925-4534-b040-2d9adc1041b3,Control
fab8be67-68e5-4ccd-b07d-bdebd6603bba,Control
5fd7f21a-d9b1-405c-afc4-e6586f29c9ff,Control
24ce24a4-1c5a-4747-b1fe-42cc84248891,Control
6b90cc2e-3a4e-4513-bc75-f2cd6d85a3ee,Control
338343bd-6e38-4435-ba76-e3490ac474b7,Control
9c4d9d7c-663b-4757-bd64-bac28b0a809a,Control
7b373b52-a007-4c24-adfb-0eee64b4a8c1,Control
ce2256f9-4d73-44f6-b0ba-d45ce07091ab,Control
09aabdb9-9480-46e1-8b8a-da09eb6ea34b,Control
9868fe45-9b2b-4dc2-a89c-a847062947cd,Control
883b4af8-46c0-42d7-890d-c367c068ea23,Control
c8eb38db-a4af-4eb0-bd85-a4b345818d23,Control
e5e3b657-b875-41ad-a8f8-bdcac9456053,Control
47f075fe-be33-4cfe-b955-4c111dcd196f,Control
512470ab-6214-4a34-acf7-5afa3aceecf3,Control
d5c9650d-8ecd-456d-b827-a2d0159232bf,Control
f58d30c0-8f3f-4630-96bd-abef08248ef8,Control
790f6117-e729-4a0f-8a8b-bf34444cfabb,Control
c97aea8c-d49d-45ab-aa3e-d4e3288fc35a,Control
029b8843-69e9-4f8f-a694-15fc91b345a1,Control
3348dcd8-4dd4-4db3-a81c-44ff9e77d3ea,Control
e14d26dd-ece0-4a40-b7e7-c66d9eea73cd,Control
6c8ee961-c5f8-4baf-b879-e7001749bec3,Control
9246fea9-eb7b-4b1c-971f-10ea25f2541a,Control
da8dd5c4-d760-431f-9689-ce5e04aed8a6,Control
984603c4-8b05-47dd-af44-52fe6c7bc741,Control
0cf634ab-e8ba-4c65-aee7-2ca6f4d422a2,Control
f9c97ee0-bc29-4bf3-af1c-194923b9e7c1,Control
1b6a081f-9e44-4410-b551-bedc1bedfa04,Control
42c91602-201b-4254-8964-9a4e55a0ae71,Control
7541060a-1f72-403c-ab2e-ed9d5a87d839,Control
f2f21604-7707-415c-9247-f4f1b3623320,Control
2c80f09a-67ca-4206-9961-69f71953b5d9,Control
c40ab0e6-ffc7-4e13-ae19-143e6fb180c0,Control
962f4e12-30ea-4574-afd2-8c95c1101dc1,Control
f026e2e3-daa0-4aae-b6f9-bbd4edca4033,Control
8edc5f4e-6b08-403d-94be-3a275737e7d1,Control
98253e42-56e3-4b29-8080-933b755023d8,Control
8ae830fc-11e9-40ad-b8c4-567c1c91a75c,Control
45249c9d-fbc1-44c3-9be1-6bf4257f3231,Control
d5da325e-ac2b-408f-8ce8-51a6902c3d7b,Control
3aecae79-2a0b-4de6-af68-75dd811e9822,Control
7eb2d22d-45a3-498a-ba90-59943690d3c7,Control
b73e3575-e398-4ced-9150-37b341b49d2b,Control
ba55a921-8d42-4d78-9614-d6437650ca30,Control
1d0366e6-07bc-47e9-b6eb-2230fd0c0d3c,Control
12813e98-c1c6-459f-8f10-77cedd1d1e97,Control
cf0a5add-062b-433d-ae2b-4b7885247c68,Control
4522b616-2efa-4647-a21a-16eafd452550,Control
ee19ef9f-96d3-4bad-96e3-1d2fbf2957ac,Control
2044d76a-ae0a-4b6f-8b0b-19ada2b8daac,Control
81cfd2ec-ce99-4947-88d4-1c6f63ff3fe5,Control
11360c3b-2239-480e-8e7a-fab6f62984a7,Control
a5c0b57d-b586-4e65-b755-6babb3e9639d,Control
85d18564-0f28-4f7b-afb3-e7e842cb9484,Control
5ed96f3d-7c24-4521-bda7-7b97b1efcfe7,Control
3e7f1601-92ef-444e-9c92-c96905ecb0c0,Control
a8a56697-1c57-4a7c-9990-a9f81391e4bf,Control
b46e9a0d-7ab9-472f-a45b-b03aac01514e,Control
8b7bef72-0bc4-491f-bb81-2c5426d54111,Control
ebf33906-529e-4670-a4b2-281a4156070b,Control
793c46cf-d79f-4256-91c3-4043a4290237,Control
60dfcc40-76b5-43a3-8c1c-b4e664e74df9,Control
77a8437d-f260-49d9-b5bc-7fa9be8d63aa,Control
427a833d-0de3-43e5-b51f-6b55bf28a6b1,Control
51f6cd34-f9c5-4870-ba2a-7a5303d447a3,Control
cb01d619-e398-4785-9903-c301adef6457,Control
f618ac34-5d9b-4bb0-8387-1d165ae63091,Control
87025a6c-8ed4-49a7-8369-9d9edaab6cde,Control
61fce8ef-6431-4a4f-85e7-b47c2a6cf972,Control
a2230175-1e21-4501-b373-426441da2395,Control
6b5e61bb-07e0-4598-9f0f-913b58f01a07,Control
472aa36b-0480-4f6f-92cb-73ee9f62789c,Control
89714f7a-34ca-4d6c-8da4-90cb0cee6362,Control
1add599b-d406-4b3e-bd99-d243e7589f8b,Control
5997f7f0-7005-4be7-9a59-6fb5159e0716,Control
a80ea1cb-0f9d-40f2-a8bf-3c2482b085e1,Control
aff1a025-23ab-458f-bb2e-b60f73dbc06b,Control
6e9252c4-2a66-4970-9172-9b4bef22015e,Control
8e399a5a-fb49-4623-94b9-1b4fe17127f4,Control
1c730b34-79f1-4eeb-bfa5-2f235fab773e,Control
124382fe-ea7d-4f88-9e16-5f0b9f4afea2,Control
88098cf5-6761-41d8-9304-a678ceb1f089,Control
67191afb-70a7-4973-ba32-6a9a82e5f74f,Control
785a024f-e6d5-4270-b5a2-36ccc9de0a7c,Control
68b0a475-ae49-4fb4-9efc-58e113b6e7ea,Control
dd985b0f-bac5-451a-bfec-135686806557,Control
c4fb9b2d-51f4-49bd-b4db-3bdc3ac45532,Control
ab14139a-4825-4006-8dd8-e4bbf438cd62,Control
f15897e2-d856-4fac-ada1-f0f4b254d858,Control
ba15f03b-b6e1-4c14-b4d9-87a40d2cd3f2,Control
d22a532e-73fd-43b6-81a6-8e36bda34389,Control
f74df51b-08b8-4b9c-ac43-73b59f9fc8b1,Control
89125007-705e-44c4-b391-a177ec2172fc,Control
ab463f62-3d6d-4084-9320-392b90cfc88c,Control
553a4ed6-e63e-4c1c-9785-d6351be91272,Control
1783b743-134e-4a05-b7d2-122115365e1e,Control
b0e95abb-14c5-4c1a-8527-b6927702961c,Control
86d206cc-2e41-4130-bc7c-95c8dab4aaf0,Control
14fb2589-a172-4b3d-8afa-ce44498f1896,Control
7eaaac87-6c80-442c-a941-211ad44a8d39,Control
4451b94a-666e-4457-9764-c281648ad6b7,Control
f6919d14-ed23-4794-ba89-ef01d93553a3,Control
6643e83d-2aba-4ffa-8f79-6431bb3bc89b,Control
91ad879d-633f-4388-bda1-938e79d201b1,Control
aa213adc-bb01-4bfb-b0d0-49d43b81b11f,Control
c0358037-58cb-4708-a5ee-a96c443bc48e,Control
e1d760a4-d68d-479f-a0f7-23f76f06d718,Control
a9b5ebf6-5d2d-4529-80db-0cf622e3467c,Control
68629d7a-fe05-40ad-9344-5a1e1db12c3c,Control
37f98012-3d38-40d6-817b-ef1a5eecfde6,Control
59e19273-a815-435f-b1fd-86236d768240,Control
53e211e7-6ba7-4a60-bb6f-c12b6aa5993b,Control
faccf620-4989-4e8b-a04e-3d243601ed08,Control
defe5456-8aa8-4d85-b559-9fc998012528,Control
7ab8fb93-5d89-417f-8eb9-f277d7af624a,Control
58546e89-ee18-4157-846a-3b52610a176a,Control
fcc35a8c-0381-4267-aebf-af789cf0b64e,Control
c40503ba-deeb-42d0-b1b5-940076257cd5,Control
a7a9b8ce-01f0-4807-a982-b09c6b0acc87,Control
1948f2ba-8fe5-4d5b-908c-c5710b49e50a,Control
49f3fc1f-bd95-4ef0-9ac7-70768f812a67,Control
88e06eca-c885-4213-a38f-6e103b5dab57,Control
1df72419-3469-4a0d-8ac8-46f8da70c2e7,Control
d0cd6686-c2c1-46e0-8c2c-d20670666615,Control
1c2b23f9-5c6f-408c-9729-da75cebd70ac,Control
d93f306f-4ca4-4213-81cd-9d3b52bf3541,Control
16f6d0d3-b4ba-4391-ae31-4dd3d2e7fc9d,Control
333ba678-5bd4-4881-96bf-c48b4eb62fed,Control
844d4c12-ff2b-44e1-ba5d-cba40263e214,Control
9be5030b-f722-42cc-a53a-93d23e3b64e2,Control
78018420-eb53-4dc4-a6b0-d0a1474f80b9,Control
6e819158-732a-40b8-91d0-2eef06ab491e,Control
d3a3b6d6-b26f-4bf7-90be-aedc0a33b574,Control
897c7d95-6f00-41da-bec6-af3894fc104f,Control
7d606603-0fd7-4ebb-94a7-efab321eef04,Control
2bf75274-42d1-4b4d-a212-cb09c8f095c1,Control
7e1cc82a-29eb-4fe0-8668-0110e8acc085,Control
81edd90d-6ff5-4380-a40b-2112dbea82d9,Control
43bb45f3-8a61-4538-8d43-9d78687d3092,Control
3be6782e-6721-4db7-afcb-7190291299e5,Control
d7e2872e-2001-4ffc-9e1d-ab569ba0d6a8,Control
eb791fc2-cbb4-4d43-abc5-251f67ae223f,Control
723335fb-5ea8-4f3f-af15-0d88bf1f6df5,Control
2d05e97b-1bb6-4565-bdb6-4bd8d0141d12,Control
c0be93e7-f088-4202-8df9-469ddd160c8d,Control
47109146-3f2d-429d-a867-c83afc4eeae6,Control
b5cb3248-d5a3-4b17-b42e-7e2f5120ae1e,Control
171be3f1-cc7c-4367-b44e-7e6518e623f7,Control
4be62b6f-33f4-43f5-9cc6-68f2be676c82,Control
6680c8e1-2803-4a16-92fa-97b373426d14,Control
612c0b0e-125e-40e5-9ab2-9743cb1815f7,Control
00d795a6-e069-45ca-8e3e-4dc9fbab3a6f,Control
cb2ec648-6549-4666-b20f-b5b70a503e13,Control
4538bc76-a4fd-4020-b5c8-89e3a881af66,Control
a1cd88e3-bcff-4f92-b12c-823fe1521ea4,Control
0059f069-e9d9-4cec-9dff-18101d62ead0,Control
20294747-568a-447e-b36d-aa9d6317b3c7,Control
52cd9f98-0926-44c1-b928-0f1f1e39a665,Control
d2d44818-5297-43b8-ab62-a2b81bf5b42d,Control
add5e9ae-3e6a-4c64-b20c-812cec007e94,Control
d91033d4-aca9-47e5-b936-e53f0bb14dd3,Control
d66e0991-4c8c-41de-a770-49b09eacaf82,Control
5b80af73-4a3c-423b-9b1c-434dfbe8396b,Control
1964daec-6e6b-4956-b642-211d8c290a0c,Control
1aab5bf5-2167-4509-a378-2cb493a72c96,Control
c24a9d73-0de3-43cc-b45a-e43a1b4f48b3,Control
fb0d0948-65be-4421-b982-b6e07550b2da,Control
51b7a204-a24e-4942-8bd8-feccdad6ebfa,Control
32477f46-7db8-4658-afba-d6d6aa307903,Control
d9a60641-281d-40de-85f2-e2e04cd06f08,Control
fdac4952-4bf6-43f1-80c6-1b7a8016f476,Control
3e11830f-3cd9-446b-81be-3229318b7f17,Control
fd64ce23-43e3-4a17-b12f-1c49b8c6c9bc,Control
1593c72a-ebd0-4e68-a610-30935a5b23d3,Control
e37a543f-45e1-4fde-8d52-45e4804b87ee,Control
ac5f0ec0-9e76-4d73-8f08-2a97e277c79a,Control
fb6391ea-5980-4015-8756-f29e492d7078,Control
5c0fa8b5-99b0-4303-bfa2-b106d047187d,Control
571840ea-61f8-43b3-b905-c6f7230e9fa4,Control
ec2049a3-fc49-4e14-8b91-d54632bf4493,Control
6ee38a51-f3c6-40f1-a9bc-16a079f5f842,Control
29f76b85-1752-45b4-b43b-03bf6afd0e5d,Control
f52c7f59-bc47-4e15-8f45-d24f67bbbf07,Control
4d3215cf-3513-4b7f-bdba-6b379a4939d7,Control
41bb85ec-7801-4d93-83c6-3c94c9ced888,Control
021ce987-8d2e-421c-a500-e9cea4d44cbf,Control
e158fe6c-7421-47eb-ad0e-dec10e940fce,Control
9c69a45a-71a8-45fc-af95-9dca2a08debd,Control
eb988208-63d2-4393-b4c2-4020cc74e46e,Control
ee9883ef-bee2-45a0-b3d6-1d24048a397a,Control
6b47f502-693a-43a6-92b0-d2733725accc,Control
0b8a02a8-b517-4ee3-8f46-1a94702114cc,Control
7c2a3de6-ebe2-4e1d-af39-16c71ae0f42d,Control
591248d6-b646-4da0-bac6-1eca9cabc286,Control
047e37ed-9138-4fae-83aa-f575c2c1d0e9,Control
8525a466-c14c-4d75-a204-42fb186feac1,Control
07901768-3d27-4c9a-8c91-aa74e4092655,Control
0d6144de-6d4c-4e14-b00f-41e87bf30ae1,Control
b45026c2-f1ad-4581-9341-994202ac2fe8,Control
80702f2e-9f95-4c34-aeab-1660f8be8d35,Control
3ae999e2-79c0-43a3-81db-64e8fc919806,Control
28dadda6-1f0e-49ec-ba03-f644a7c17566,Control
77a526f2-415c-48b1-a4c1-6cc8098b3687,Control
2af6326c-93e7-4fc5-afef-f45b9c7c357e,Control
1d5977e7-5083-4fdc-8492-a8f2ce5fe570,Control
62b06f5d-ab21-494e-a97d-9c2f3bd8ffc8,Control
c4e457fc-b2a9-4d92-985c-5702ce3c63e4,Control
9606e572-de80-4c91-93ce-d05fe2ae8e80,Control
a11feb17-264c-48f5-ae36-d28910b46318,Control
8ef40058-19fd-4d8d-83db-aa69b3ca8aa9,Control
6b3a2a9e-c72c-4f05-b9fc-95eda6ecd2b6,Control
f2fa4d6d-c121-4cda-b2d1-54209ff9ccba,Control
5e75a26c-a61e-4776-8455-99ff89b94ae8,Control
dab60e14-604f-450f-b938-8595ad12ef1e,Control
09ef1a47-1237-4cba-8adb-eea88115020f,Control
80851e93-0218-4ffd-a7b1-41c41ca233e7,Control
55319d4d-6e4a-4bab-96b2-0c057dd296ec,Control
47bc4532-30ad-442a-a607-1f0fa003692d,Control
db724e47-f49d-4fbe-bb6b-a298dc4fd00d,Control
7c4e8646-0e83-4967-9b25-4572d2de2b1d,Control
f60d012b-b25a-475b-a99f-07b51b3d3b06,Control
a9eca0f0-9cb6-4163-abd7-40f1c3849745,Control
56d927a2-9572-4f59-9c12-43e7135bee5a,Control
022d17a1-0314-409d-a9c1-639da38f5397,Control
2d22f11b-7df2-466e-83e8-9622cb2f5d78,Control
94d6e79d-096d-4631-8c20-c2ddb49f6102,Control
72458a81-2215-4b27-b671-608fa2f82cb7,Control
9702b3f9-a6ab-448d-8023-9661a55cf274,Control
b77194f9-2d9d-4161-9dd8-715839d3f319,Control
e2743c8e-1f54-4af3-86e1-4910c476e923,Control
50886995-67ee-4e48-b348-4785209d8e8c,Control
6441e14c-e15e-4b03-8629-bcda26adc463,Control
65857c98-1e37-441f-8ae2-50d0834437ab,Control
49355479-7093-4aac-882f-f284057eb847,Control
06c64dcf-bff6-4618-b2ab-4a4f5216ea23,Control
9cac69fd-26bf-40b6-bf4d-11443df58109,Control
7780f27f-e6c5-4c7d-9779-124323e2b9d3,Control
5726589b-f2a1-46d2-a5e4-7859a2e295a1,Control
81a5d110-04fa-4965-9294-d7b944283362,Control
0419f975-1287-4cd3-96af-6475db3b30ab,Control
25212778-799a-4857-9e4a-d23626991e34,Control
ab1c4a86-efe1-45db-bceb-67f425b91387,Control
84dec9dd-b0f0-4f45-b630-7b2e38ee9503,Control
97f555dd-9e59-4607-b737-635e54e8971b,Control
d693a450-c4e6-426a-8f8a-4fa9307234db,Control
10b3e5b5-e9c2-4f15-a1b3-202d6dac6d7e,Control
3eda820c-8d10-4a46-9d06-6c733c40a0ec,Control
7ce1691a-5221-40c0-b9d0-029254f4ac78,Control
eb335d29-763a-4f75-a4d9-6c38bad779a3,Control
ff09a832-951e-48d0-8662-0b7a64a7e926,Control
c9f7c98b-0a21-4e1a-9011-dc4188bdb7a7,Control
9797ba68-96ac-4757-a69f-da61e33f2c38,Control
9756fbb0-127e-41c8-836c-db76dc0b468f,Control
9eba08d5-39d9-4b45-85ea-c5a420468791,Control
2397ebb2-071d-44bd-8080-e060b11b4a50,Control
fb99d714-da7f-492f-b088-1040b81bec6b,Control
e4ecbc0a-ea17-4975-a47a-bee6cc35af5c,Control
759a03ed-04d6-49ae-b850-23ac26467c26,Control
3eda5777-6291-45c4-ba57-b35e86afe605,Control
1a698867-af28-4d6c-b06a-7be36d888f47,Control
55cf8a75-21c9-457e-948d-b1897970ca2d,Control
a30b3e4d-b06e-4c39-864f-1a417170db5a,Control
626fa1cb-c244-463a-b44b-04b018a069b8,Control
b36408b3-e8d1-441a-bfa8-af5ebd626cd9,Control
85748f19-28c4-4b32-8111-125fae18ba18,Control
ad6ee9d8-e5f4-4969-aae6-ef534a716348,Control
93ddd2c7-ffa9-4911-b234-777d2d153143,Control
279bab3d-855f-488e-bfc1-3aeddcb1696f,Control
f13f94bc-6e2f-45f8-aba0-836066c4c589,Control
a0f79d0f-e833-4957-b1ef-b739c8b3df0d,Control
0b4b81a3-67ac-4bd7-ad34-2859e842e0fb,Control
07fc6483-d8ce-40b3-ba36-790ddf27e030,Control
d62fd3c1-4090-4c45-88f7-d65347670a9d,Control
31869b43-d15f-427b-a28f-9fec374ef315,Control
55026326-5d2f-4390-994c-394e25af0847,Control
d188cc13-d98d-4398-bfd2-b348c6f57008,Control
1127d990-91bf-45fa-aa41-bb5dca2b5dba,Control
eef6cca8-da9b-4e79-b276-531d740c01bb,Control
a1d3bc5b-ecff-4f49-9490-d498f868c2bd,Control
86e80b9a-5ce0-4d1e-b98f-2813fa14ef4b,Control
3f2e6267-013e-45af-8d16-b5992b388788,Control
ea3ba04d-8488-4bc8-8f0d-88af8487f736,Control
3531b7f9-0078-4bfe-9196-5a5881a8aca1,Control
ac262fe2-cc00-4c48-9eed-4c9d9382adea,Control
1093945a-c6cb-4314-95e9-9661986d3cd1,Control
181b21ca-83ff-4891-8b15-7065ea844745,Control
6cbf2501-c15c-4251-8030-67028d65a72b,Control
fc721c90-7e6b-41f4-a76f-5a18b523955c,Control
adca9bde-d4e1-492c-9698-931d8a55a739,Control
67c248bb-d0b7-44fc-b0fd-70c031f84662,Control
27955742-e372-4c54-a88a-a0ce82562aad,Control
8364a469-44d2-4237-90da-ca7f9449f324,Control
d80bc959-b24b-4425-8da5-1a5fee216b12,Control
925dbdb1-f00d-400d-bfcf-70a6057d81c6,Control
75734aa6-dea0-48e9-be65-a7b54946417f,Control
6e3f19ad-8c8c-45c3-8739-2b62f04880ea,Control
af3a3376-3231-494c-9da1-6ab196b8c498,Control
1551b200-6989-4681-8529-1767d2698c1b,Control
f63c5c23-bb6f-4d30-9bce-65ce0be712c0,Control
b278783e-3fd0-4348-af71-26a56969f108,Control
99ec729a-9201-49b3-a662-8423c6015017,Control
a557b838-5a6b-454d-b0e2-80830e47f6d6,Control
aa5aeb12-d8c1-4adb-813a-03796a280996,Control
7aa7ef58-a14e-472d-90ee-4a24906b43ef,Control
91f433bb-f789-4241-9b0d-9657c3f07560,Control
100c8970-9626-4471-9311-4f6710e312a7,Control
a9a20f98-42cc-40c6-9fee-9f006fea1c41,Control
25d5f1e3-86dc-43a6-863e-c6745de052c5,Control
f245eda1-1e2b-42c4-8f48-3eb4e5664314,Control
a99facfb-8a87-4ec9-8ded-918356bf7e8c,Control
9c991b6f-8d1f-415b-8321-47ba0f21c73d,Control
1371103f-a1be-49d9-92fe-7e4f34d58a2b,Control
f307ebce-7980-4d26-a73a-62dac0c359b4,Control
b7ac4830-33fb-4858-b244-217ddc5fb20d,Control
ea450709-ad0f-4948-b8eb-e41bc74e6439,Control
a446c6c6-017d-4fbf-994a-3e3a43d37c13,Control
7ff8a543-94b8-42b5-90d7-717aeaf940b1,Control
3ac581eb-1afa-4cad-8567-85d87e19058e,Control
faa16872-9f86-4488-ab53-90998c63ee90,Control
cdd18241-7520-49d5-9291-dfe94040335a,Control
4ced5349-c245-47d0-8dee-8b69bdf76670,Control
5ea4a951-c9d2-4903-9231-c027387f606c,Control
ba8e5575-f7e1-496e-9a87-97782d7e6fc6,Control
0531809a-5f7b-4dca-ae15-0fa859dd798f,Control
ab6cd4c0-0423-42fa-bec1-bda3e1521845,Control
0af7b348-baa1-4259-95f4-d7b660069dec,Control
3578398f-5b96-4fb3-8152-48a3384926a1,Control
c43c19a8-eb31-4cea-a349-3f24b8681e12,Control
205d6e13-a173-4329-87ad-be31d9442c9e,Control
c9087cbc-b7e1-43b9-8294-5ea6ad27c38f,Control
a7470667-5013-48a5-8041-e48ae44aada3,Control
040c3d8d-5d60-4d83-9f50-8240605198f5,Control
529631ad-aaaf-4a62-89fb-ad708d40141b,Control
064d94b3-0466-4734-b25d-45563b42d386,Control
b316d5b4-1f4d-4993-ba48-2ec4cdb5afcb,Control
1ce5bab8-86da-4ff8-b1dd-7c4e20ff8a53,Control
d4116c20-4f7e-4a57-a181-9540de189628,Control
cfc96498-a950-4339-adcd-d6daca46206f,Control
342fd995-f610-43e0-8cb8-b4211ca33a9a,Control
76ba3416-af66-4c7e-a034-93b05b1bdb4d,Control
0c8c183b-8fd8-4ed5-958f-3a78a0363a69,Control
55b49bff-a636-4ff5-8d83-858e3fd8c839,Control
230af4a0-fdea-4573-989a-3aedd1e11f9a,Control
5e2cc808-92d2-4a14-9c55-003b7bf66970,Control
84462d46-2f8a-47f3-9b3f-7d5c4f2df289,Control
2de696a3-9ca0-4817-87a0-dfcd707d37be,Control
e5ed0864-9084-402c-82a1-b024b4d53a64,Control
cadae883-9975-408d-844d-fd3b942f8787,Control
5d764114-d081-4313-ab14-4ec6e95a4536,Control
e83b02b9-87da-48d3-9034-ba908f35e0e0,Control
57010684-2cfc-4d63-8753-f85c616f356d,Control
ff0da2ea-0fa5-4858-b6fb-6de3d751331e,Control
b5ee0069-528d-4dd0-900a-0baed2c0a176,Control
9ef5c39b-5bad-438d-9abe-fc352e526f67,Control
5a139f3e-7695-4749-8437-096ab2d714d1,Control
638e4a6e-3b9a-49ed-b6c2-5a3381279fed,Control
27edefd7-3514-471f-9d29-9a34fd0e2006,Control
fc5c1150-5281-440e-9a93-9d7cd4f74c7e,Control
bb3f30c0-a1af-4e3b-91d2-f35e76bab4a1,Control
d7d4645c-7505-43f1-bbc5-df4b17e20500,Control
cb6dff37-939b-495d-8faa-4fc6b1cf6fce,Control
0372cb01-811b-414e-97c9-49107734f5d0,Control
1d54488b-0dac-4598-9759-08fd583c8ea1,Control
8501f272-2cd3-495c-979d-bc86c4f02efa,Control
7ed0725b-9aea-42e6-8f97-88f74a607574,Control
c46613e7-be96-40a7-a948-8a284793a416,Control
b5df21e3-00f5-47c3-812f-666179947a42,Control
55c99cd7-e5c9-4b7a-95fe-38439e0f7d8c,Control
d742c10e-b416-4436-af3c-17a2b9a83ea5,Control
e5f6f7b3-adb2-4556-a08d-454c7334f58f,Control
5483943d-58dd-4a3e-846f-efce180c0671,Control
b2e8c10f-5868-44bf-9e00-a82d4945d3b0,Control
f3a100a9-8c22-46fa-9f07-0de01f01b943,Control
4d729c0f-b55b-4dd3-9468-1e52901a5f9d,Control
ffbb22d8-5ffc-4631-9e05-0d6237466852,Control
f04c1611-559c-42b3-b41d-66c2c413a2f6,Control
da294b29-c9c5-414c-aaa6-204f70ddcf48,Control
75c39a6f-2797-4ecd-a410-3478164808da,Control
8c7c1f24-8744-4aee-99b6-9017dfc7269f,Control
65c6b6dd-46ac-4288-b636-dec5a3535b99,Control
5e82aab6-b03d-4e64-a307-a4233b401be7,Control
7d9f08d9-9bb9-4381-a28d-1f7baa325c50,Control
9d519946-9528-45f3-ac94-e69032bb4226,Control
9d806b72-42a6-44db-acb1-f489c28573cf,Control
19d544b4-bbc7-474c-9220-14116699a2ea,Control
dc4e3ec7-2996-474e-84ea-8b8b61273f12,Control
512cb1cf-eaab-4363-98a0-d802d60f6e24,Control
9bd7bdbb-d5e4-46be-a99f-3c43f1a81998,Control
ba93006b-75d7-4f3c-ac3c-5ed5e2c38b3e,Control
dc00bf2f-e336-467c-80d8-45358a654295,Control
74569368-1870-40aa-be57-de378826f0a9,Control
4707d38a-1de9-452a-89fc-759d75b30d77,Control
f58beaaa-7f1d-4a33-819d-6343f51c946b,Control
d7d9c725-e474-47b1-8edf-c3ea8b0f0457,Control
1f61921b-67ca-4a31-9558-a52465c9bb0a,Control
3f93342b-3b28-4d08-a40d-c005538afe01,Control
df4c596b-5313-44ce-89c7-32a738839c39,Control
048d47cf-e96a-4dae-879e-2e4917b27079,Control
467ca3a1-6824-482f-b460-7ae27093eb71,Control
fae4dc45-bc7d-4103-8fdf-dc1b824716b6,Control
2b2ed941-2c59-47d8-b973-762614c2ae4a,Control
7001b3bd-475e-4a21-96b3-1d524a947cdc,Control
4e853cd1-13bd-47c6-aa52-1d17b0e63719,Control
3eb17c25-3223-45de-ba0d-9db5bf023b85,Control
36531f54-6cfd-460b-b33d-855f63788d19,Control
e2ecaf6e-16b0-41a0-9b8c-a266e864a956,Control
a6c68439-1af6-49dc-8a99-3a75b0a42c1e,Control
96abaa72-de36-48ed-a0e8-a8223e97f63c,Control
e62cf3fd-7ae5-4647-ba5c-b21b41a761c1,Control
89fcebc6-b301-47a3-8209-8bc64debaeb4,Control
5c55d886-389f-4e6b-ada6-a591173c4986,Control
61d5bd9c-d751-49dc-8090-463fdf094418,Control
56495b2b-e91e-47bf-bbf6-5a8b8425fc48,Control
2a327c94-68df-4e81-9f69-56fe128177d0,Control
6fc9ce41-7ee7-435f-a36a-86de21a91e33,Control
145f8b74-926c-408d-a18c-bb786bd53a9a,Control
18f5effe-0a49-4a0a-ba28-7e97d1b85d50,Control
2fb7f4f6-e30a-4ead-a00d-5c8fa06cc622,Control
50b447e2-f502-4d8c-aa66-65e682d4bcfe,Control
fc5911ea-04d8-4776-b022-c4f4aae4971e,Control
73bc36ff-d6ec-4f62-91db-61d3c1b0f3a6,Control
ca823d11-5d6f-4307-baf1-bf1f8b59da3e,Control
2f5acecc-3bcf-453d-8192-b456791e469f,Control
13055f75-c6a8-4895-9abc-c7a4acda02b7,Control
bcf73df0-2cba-4ef3-b578-c9722d6f0a27,Control
d7d10472-fc3a-4fe2-8ba2-6240bf039057,Control
7ba88d2c-13fb-4270-b739-7fb6fbf9eb0d,Control
1e264a88-2d8e-430e-a664-2ab1856ee850,Control
3bd66eeb-b97e-4a1d-b37a-cd8d8390261d,Control
8e20bce2-eb73-4feb-b5a0-1eac538efd1c,Control
f7fbd9be-9dbd-4fb6-b1d0-b251bdf623b8,Control
faa82d92-1908-4182-9a1e-178873af80cd,Control
73fbc9e4-3469-48eb-a0ac-2e1175364977,Control
4050f419-29cb-4a19-acda-c2900f7d6755,Control
2abc715a-76f9-41b4-b783-36d8131a7862,Control
496ae2db-628d-479c-9040-79902d4991f3,Control
1b24caba-5060-4820-b1de-e7a2de994a44,Control
2783f4ea-7819-41fd-b25b-b3e2427b99d7,Control
f988d9b6-e9f3-4e79-a49c-cb77aaa23c84,Control
193f214b-ddf5-4818-aec7-1e1b4c836663,Control
d42c1022-0ae5-483a-8490-9e498052cdc9,Control
8bcb78d2-d770-419f-bc07-a61d9a5b151c,Control
e8dc4cb1-466c-43aa-8ff4-05444587ab89,Control
ef58ff4d-93c2-473d-a692-11ea41cbee98,Control
367ed48b-04b8-489c-aed0-534efeef42d2,Control
a29dbc2c-d5ce-414f-b20c-1456a038919a,Control
02f15b5a-d562-4684-853c-7ff16d92d784,Control
d85b7be6-80b5-4193-8cce-c141a9629d0b,Control
c61fc45c-079a-40c4-9dcd-6091e6722295,Control
caa42625-f2af-421d-ade3-f5b2ff890cce,Control
917571ce-5f7f-4b51-a1ae-097884d9171a,Control
8784f3e0-f5c0-4da5-9657-fab6ac4a6d20,Control
fdda7be0-ad35-4224-99f8-e9c26e363504,Control
d901514d-d1d7-45ce-928c-9efde26b3abb,Control
5064f73f-b9fb-4fac-95a4-e112d545b026,Control
88d1b995-b6ce-40a4-b1ab-7fbe5f70ab82,Control
54daa69a-8b2b-4bff-8e91-078bfadf9dda,Control
e2a1ef62-2d6a-4d25-8a41-5dd664f19361,Control
e0dbf497-c8f3-4248-9946-13530e23ceb9,Control
fdac5fea-cb6d-461a-83e3-36869095803e,Control
a7b89051-b8c4-4624-9677-46c2c4e2449a,Control
60896302-730a-4cd2-804a-5db01574594a,Control
dc2a751c-5875-4d54-8d6b-ba0b417754d5,Control
27d14045-5807-471f-aa0f-191d80df6639,Control
131d21a6-cab8-4916-b911-729d23bf6b4a,Control
ced65a5b-7ab7-44b7-ab24-4e40761b1a2a,Control
d9cff37d-a259-4cae-b67d-d741417407fd,Control
52833e28-6f9f-47dc-a1e7-1ce0d1ab28c2,Control
635f9adb-7b6e-4309-a8d4-c03696b5dc6d,Control
1abd42f6-bbe7-40f4-81cf-1ea6e9ae07a2,Control
d7f35691-1b38-4b27-8038-e82add8d2dd6,Control
602e9696-d153-4be1-9396-719b5f4966e2,Control
f440ee10-7b04-4607-864e-39da8129d842,Control
cc1dbbb6-6051-4f03-8d94-fc6b3adfd54d,Control
ee240a48-005b-4525-931f-77333b0784be,Control
04b92518-3408-48fc-8ed9-4d5e2756d387,Control
6421c1ac-50a5-4701-be54-ba5b7dae6510,Control
6fb32460-bf03-44f1-9108-1e944e7920e0,Control
5ea94391-9274-44e2-bb13-63f1138fecb1,Control
d2a37a3e-2398-4a78-9167-70992d9c5ac7,Control
0a0a9cf1-2ed5-44d0-8b50-64424a4bd3b7,Control
7c9233ff-4d6d-4ac4-a26d-232bef953a3c,Control
89451ec8-a68f-439c-b762-4f35fbf89c83,Control
32d253b1-106e-4d18-9cdb-4c3a983d1e65,Control
a487baa6-2894-416c-a469-a24cb42525b1,Control
5aa4d260-ca79-4982-a612-8cc310b0be0b,Control
435086e9-ff66-4c08-90f7-f6bd14266c02,Control
e60a9687-7659-4d14-ae68-f6f12ea222bc,Control
ebf1067f-3f44-4df1-8e62-7cfda8560037,Control
526f376a-4591-4444-83b2-848ced3e92ce,Control
484547b9-69eb-4011-97ab-a1428e938ee8,Control
7a346a17-2ab7-46d6-bb80-6d9f2b41caae,Control
d4b36056-4b5d-4886-a067-01b8fb9b1833,Control
b68c2ee2-dc29-4dfb-af57-b5e09369bd1b,Control
3e97a570-a743-487a-b158-9a4b9f9f0a00,Control
d71c1d1e-c2c2-444d-a203-f5ceeee6a87f,Control
5c947705-f51d-4faa-88c3-df17e2fc5350,Control
022616c0-6761-46f4-bb6d-294eb522e99d,Control
f8858358-7de4-447e-901d-249b13813800,Control
edd2e062-a535-44f7-9b07-31716c68bf0f,Control
fdb3f894-3e74-44e3-9611-52c4008c32ad,Control
5c6e79c3-1ede-48b2-a40c-29eeaf3f06ea,Control
477e79c6-20fb-48e5-9344-c21a062e0df2,Control
1e0fadce-fde3-4974-a2e8-b907fe2576d8,Control
137fc145-c96a-4d1f-be83-79a2c1e99fd9,Control
ac8b375e-25e8-4e77-9e65-4c41d1821893,Control
e844e1d5-3e6d-4161-9d78-f5375e50d0db,Control
1ec96719-e0ec-48a9-b234-fb2c0e732e09,Control
4d2c8eae-b282-4366-80bc-b36e518496f9,Control
e6a14417-9023-488a-b508-ffd5efb3fab6,Control
accc0927-828b-4389-8df6-80f11d635729,Control
66c1b1ae-fb4a-47ff-8543-6ecbca88ad91,Control
8bf92904-30ff-4f29-9361-e1cc4b3bbaa5,Control
f520cc71-7da3-47a3-960a-e04b5c46f8ce,Control
e01e80d9-ed27-4661-9012-9464046e2a24,Control
02b1209c-e588-448a-b5c7-66e4fec1d1fe,Control
d4c2f6be-94ba-4c81-b139-230ea2399eb4,Control
e1da2ebf-b3e8-4bfe-8e5f-db54bac9d727,Control
1b30cfcd-45b1-46db-8070-d0c459caf8b7,Control
7e9518b6-9ab4-4b82-9990-e08648dd6f19,Control
9519b797-d7a5-4c8b-b2a7-1968b54ba518,Control
3822538b-a7c4-4667-ac86-abdb422efa65,Control
db97ded4-c827-49b4-9df9-778f29c72ec7,Control
01651ac2-19ca-4b4e-952f-4e6bc4814f61,Control
32b6eb56-7c61-4d87-a847-0178e8e1cf73,Control
a6066899-27cd-462d-a6b7-dabac6298dc4,Control
f2bd1e07-81f7-4695-9d8f-d2d9854950ea,Control
d5c16df8-3437-45af-888e-1c259696984d,Control
95fccb13-2215-4f38-bf4f-1bdc5cd84652,Control
07a20e09-b7ab-4abc-80be-49af193da735,Control
355af95f-a5f6-4f08-b1eb-0ba50d2955bd,Control
27c15adb-05f5-4acd-b143-e606e457e4e6,Control
fad8c241-6d8a-4482-8b49-b987773671bb,Control
9c6af382-bc72-4b61-a424-27ced12268af,Control
3b8b21e0-edef-4cd6-a216-dc6296d2ae11,Control
88c23808-30ac-4de0-9b14-17a92f9c359e,Control
d3a320d2-db39-456f-b953-0a535e8ac875,Control
d3773f6b-f458-4602-b7b4-3db1fd3f2040,Control
f8058f66-196d-43c6-8bd3-e1e7bacb4e4b,Control
cc7de4b2-c4ae-4c22-9c14-c7bfe36daf40,Control
dcb998a1-a422-442d-90ab-1fc99d5bfdfd,Control
a5dc981a-92db-4649-bfe0-5ab189f831dc,Control
95d43786-363e-4055-92f3-074496000544,Control
a7bca365-53ba-4f07-a3c5-21f7c2079882,Control
9d4daf81-438d-47c2-b8c9-fcafdb8bc47f,Control
df701fc1-ac57-444c-9e30-d7e5cbe6d387,Control
725f2a04-8a36-4081-8023-9e36f2df02e8,Control
2215567f-9429-4dad-b7f9-a4e60129f4c5,Control
0ae660c9-f02e-4e85-a996-5bd9bf42f7f9,Control
95e7403f-bf93-4484-8be9-1a39e33d08fe,Control
8e8b6184-ba70-4d46-af77-43080372d56e,Control
6809f9b7-d3e8-4d29-be7c-f4bc450d4dd6,Control
6e81a2d2-7404-42b0-bce8-b2aafaec7b98,Control
73b05ad4-8c28-423d-8a06-2ccdb775df94,Control
16f78d5e-3d28-4242-8ae4-eb488ae48649,Control
aa53a0da-44d6-4624-834e-fc6be5676ece,Control
a35897d1-64b2-45be-931f-63031a42a2d7,Control
437084a4-7315-41ee-868c-afa53ec3e7bc,Control
265ba5be-cd5f-4e68-a8fb-d51749206516,Control
f9b6a47a-bf3a-4bc1-a643-4221db1860b9,Control
96e0bf0b-4827-42f1-944b-9fa1ebe08dbd,Control
4a0bf616-cbbc-4921-9302-75c52c03af4c,Control
79d6f081-eb0d-411e-8bbc-33e337870b1d,Control
6e8343d0-b1b8-4684-8380-a0ca5448e838,Control
78294233-dfb6-40fa-b06b-12a913831c87,Control
57c116df-ac7f-4c20-8a61-d220a049d2eb,Control
80c848db-bd30-478b-a287-5b780081bb17,Control
2a7bd207-b105-4522-a673-715007b2c4e4,Control
46631a00-19b3-42d6-a6b7-bcc9ab1ffdd8,Control
921461d3-a979-4b4c-b92a-e2f7607f9e10,Control
60d38499-82fc-437a-bf9d-03ea99ea0991,Control
8d38e4c5-7497-4ef1-8ca1-3ba6f070a622,Control
3845c87b-2cb3-47bf-8e02-be644d9fe6af,Control
03c951de-add3-4016-890d-e546e5c652ae,Control
3fbff5af-1063-4871-a276-527ed1622cbd,Control
0fddeb71-f3cd-4ca4-b74f-09bf6ece5c21,Control
49ed5eea-43fd-4b9d-a2c7-956d01b6efef,Control
f5484cfb-c14d-435f-a83f-5ec5450522d7,Control
704fc2b9-c6eb-4fa2-ba10-651b6cf3e98b,Control
68c6ae00-4c66-4180-a751-94a49e99e975,Control
d290eb0a-b95b-42d7-8da9-19d3688d60e7,Control
7f98ddb9-662a-406a-a9e2-37b0dbf3e62f,Control
ee6eb3f4-7f01-43d2-8695-da55c8571ca9,Control
14c7f8dc-3424-4179-a64d-0d614af40132,Control
8b466600-17a7-413a-b6ce-5fe5030e7ebd,Control
561e39cf-8d9d-4e20-a5ad-4d7d7e7710bf,Control
0f606dcb-e2a0-4aae-bb5a-5a8237367057,Control
c1bac20b-0530-4063-8178-60fc6b756977,Control
af26f8df-c652-4cb2-9d7b-651d7637b5a0,Control
174d93d0-adde-48e9-a245-466f519d9056,Control
d166f780-d240-48c1-80eb-36c8a3a9372c,Control
06f4ee23-83f2-4087-9357-c8d539f37cc3,Control
c52fd4e4-8903-4e6e-a1b4-73507b613081,Control
1dc46597-e674-4701-8c2c-b4873e06d156,Control
ec937a7d-9eaa-4cef-b4a6-329e0e3c48aa,Control
3ec31d25-a80e-4691-93ad-2ebdc44de0ed,Control
9af6622c-a32c-4f0c-a542-5b02656524d9,Control
5c2cfad4-112a-412a-9d90-59350333c79c,Control
228f60c9-52c9-45c4-9745-e835d26138e6,Control
5b3beca4-402b-405d-9bc0-e601deef7b8e,Control
e50a2fba-7bc4-4e34-9088-709e4a680cbf,Control
3c6b672c-cd1d-4ed2-987f-616650537d71,Control
3592ebbd-3c7d-4487-a402-f1b17dc1c119,Control
f0348b73-40f9-4823-8255-c167d032e2ae,Control
b2bc853d-2a90-4240-9cb6-e41edc9bba7a,Control
f3c095e4-f548-43c7-9586-34f6b8c9b091,Control
fe37c91d-3d39-45dd-a4da-7b85c1ca70ef,Control
3e74837d-ba1c-406b-8115-faabe26372b3,Control
363c1d65-56c0-47eb-869b-b05ca33a208f,Control
d7699172-320d-40ad-9f34-be64b312d380,Control
2e3e7e88-98a1-4a00-ae8e-78caf71e8b02,Control
de4db3c3-c845-4a71-89d2-880fb8844e9b,Control
809283e9-9fa7-413d-85fc-29781f83edd6,Control
e94c476a-1302-4f4c-b05f-d3aeee33da18,Control
3799698c-fe50-4c29-be7e-6ec34b08d263,Control
ceeb0cb9-4d0c-478e-9583-dd3e33e59e34,Control
7e17e790-a5af-4c7a-9e2d-506b36ccf8bf,Control
5bad7b34-0ca8-4cbe-8f75-b8ec26332d1f,Control
8524fbd9-d080-47b4-bec4-676a17052e73,Control
c2489899-f247-4f07-80bf-6e98d84ff6ea,Control
493d6161-c8f9-4254-a4f8-66863dad6a66,Control
d77a0de2-6d6c-4536-84c6-5327c7d4cd0a,Control
0a91daff-842d-4255-81ce-99cee627a4ea,Control
89ca7c3d-5f6f-4b3e-87b1-3aa02158f83f,Control
1a8074d2-0008-4ff7-a1ec-c6b1c7e14cf2,Control
49fb75b3-6c28-4a33-aabb-2e42e0241764,Control
3bf2df70-f49f-4274-bffa-a83369d6a2ef,Control
7937adae-9d19-43ac-b63d-fd7a20d270b4,Control
7fcf21bd-1336-4310-8985-5aa0a444d254,Control
932da1c2-04a0-483b-b449-41b43ad8436e,Control
baf39abc-6ecc-4271-ae18-e3af7f19ad85,Control
8a4afb71-0a33-4357-9247-a8cbbda26337,Control
f0d94b80-1c38-40a2-8296-6c88ab51b43c,Control
23532cc4-90cb-4381-8f9d-43193039b476,Control
5dd8da4a-cace-4c49-8d20-d838a9043d0b,Control
4f089134-8f1d-44dc-8949-11c21a5b828b,Control
0e0dfaf1-7d80-4748-88b4-0d666372a885,Control
d7942e37-19ce-4e16-bf2e-3885c9cf17d8,Control
043b0349-f43a-425a-a411-0b5229fe2152,Control
651a28bc-ebf9-4c24-85fd-611e36d5b26f,Control
f3f208b3-22bf-4e87-bf06-840cda1d42ac,Control
cc82aba6-b903-4570-be74-5d200fd909e0,Control
267dcbf2-d5f5-4472-9908-f8e9587705af,Control
5145f81d-c86d-4162-a886-927b6b38a77c,Control
2acde56a-1da3-4f6e-8ae8-8ad00934bc14,Control
aa81afbd-0784-49ec-9b80-c58f510c551e,Control
b476bcd0-a321-470f-a158-f39c725e5722,Control
81dfc42b-dd82-476c-a04c-a7ddfdbca82f,Control
b2b97578-544f-44e6-946e-4af5d9bd905e,Control
fc185610-e35e-47c1-a076-9144dd5115e2,Control
537ee71d-e982-4d5a-90fa-a7fbe3b3d117,Control
024648b6-61af-486a-bffc-4c2e4b0fab63,Control
aba97a09-0e0e-4a8d-9af8-bd27927f67ea,Control
c0b7fa8e-2dd9-48cd-bf8d-a26f5c953b09,Control
2f1eba74-faf9-4ec2-87cb-c7a8e9d05a6b,Control
82a29a81-e7f8-49eb-98f6-f0c9fc990ca6,Control
37693769-7800-4b50-9aae-685e381e3d56,Control
331a3cd4-e360-4fcd-9265-f0a4d87bfd2c,Control
09b4b06d-b4dd-4515-b9a0-a6ca384da629,Control
65ec3f78-f564-4347-82ff-8a179db7ae62,Control
c70fdcf0-78f0-4a26-a751-3d0635e43ff4,Control
4c43d1fa-994e-4e6b-87aa-c64c236efd57,Control
90ef1196-0c71-449f-aa63-fc6c22cc3b99,Control
cd215284-a89b-466b-acf4-0c07dff1b40b,Control
3013058c-27fe-4ded-b752-4c2075a050ae,Control
ab762b3e-e31f-4d7f-ad8d-c59bf4eca497,Control
537b3660-4dce-4c4a-b50b-b6d2407bd73a,Control
f2011bcb-802f-4860-8b9b-4d5d5d9cd73a,Control
6ca87d68-a996-4e5c-b570-627d04ba60da,Control
13e661ca-f547-46bc-b5f4-0ee595f78f81,Control
d92f52d2-c980-4320-a8eb-4b763b8fffc2,Control
11eab975-9eb5-4f71-bcce-f4bab87fdb8d,Control
c64fefac-bbad-46f7-a018-a6d1b7fb07f8,Control
f76c6ff6-a812-4caa-88c2-7abc989ef406,Control
4690b5ec-d921-4970-870e-2560771c3734,Control
9bbab2a9-71e7-4b1b-afd9-d1b7d9290225,Control
90bc5489-d95e-45a2-86ad-7efa7764372e,Control
4c24ba51-8da2-432f-8dba-d61708bee280,Control
0e58796c-a9a8-48dc-b921-c97f2ad28ad0,Control
b0cb9353-7ca4-4813-807c-f3f2d1890b7b,Control
5314a8fe-7b23-45d5-83a5-19ccc535025f,Control
0e31ea70-d3f3-4b21-9a39-e63bbb9d609b,Control
64041e3f-644d-4ebf-9e8e-9350d2c68fce,Control
213d46c6-a7b0-4177-ba15-93e4dc391895,Control
7e910dfb-df68-422b-931f-292fb8650339,Control
788bc908-a581-4af9-913e-0f94c8ff64fb,Control
76a99d84-2ff8-48eb-afb9-f45b67e7713c,Control
f31ff2e4-5e26-45ae-97fd-4e22e41de7bc,Control
fb141233-9842-4ee2-82e0-29f7d0378c1f,Control
36721193-b557-4900-9503-2a81b76f880e,Control
088758bd-fed1-445b-b72b-5db8f15ae959,Control
b89e1315-da00-45f4-962c-65b136675f40,Control
46d27651-db10-4822-ab4a-d9886ef81f9b,Control
aea2b71a-f430-4c26-b4ea-14895dce46a0,Control
5dba76f5-1c1c-4d38-87b5-0de66147c3ca,Control
b5242112-4083-429d-a14c-69a2ff11b6e3,Control
10828e5a-de4d-4071-b387-94ba5b47a71f,Control
c7bf0552-6196-4ad8-bffb-241475e24760,Control
edee0f50-019d-4cdc-ac82-a7c8b2540faa,Control
e301f3a3-99c0-4ce6-9776-18895f734c9f,Control
450ee897-6c9d-4ea1-8254-4866bd65e3c4,Control
6e65fa3d-62ca-451e-82a6-5327ff62815c,Control
0261f4e3-3230-491e-b275-20121c89dcd2,Control
7298c792-afd3-4389-ac20-d144f6bf34df,Control
67cead99-fb04-46d5-87d1-1a1b6aa45976,Control
0a975b32-9c54-45c7-a9d4-54b9638d1cf7,Control
2334ca91-a6a6-4834-8040-b80f4dece978,Control
b1aadfed-6ab0-45bd-9ae5-08869c14508e,Control
10d0d8dc-595d-4964-8ad0-2dfccbbd27e7,Control
cf82a9de-fff3-4cce-bad7-f49a0d7871e3,Control
7f125d59-17d7-46c6-bf47-4511aacb6e54,Control
37bb9aab-0972-4956-ba90-65c5eb162c69,Control
e0a7160f-03c5-4efb-866e-4037000db02e,Control
fec23e83-b709-40d4-a71c-468a4099a910,Control
e9c8efac-2072-4061-893b-4c01404d30a4,Control
02395738-e857-4274-aae9-0ca2ea98078d,Control
4894587e-5692-416c-8cc5-8db91cb95121,Control
fe58f4c2-5c2f-4015-b2f4-e85161a9536c,Control
b9a868e8-19c8-42e0-b116-dbfd2991e0ac,Control
d0e21145-f98e-4a8f-b6bd-703e5caad7b3,Control
636254fb-65f8-4763-a9c5-766a3f2d677a,Control
8acf9f60-7267-41c3-9a6e-d712e89b7e1c,Control
9b40519f-8335-4342-9a5f-6b771c2f9bd0,Control
2209441d-12c2-48e8-96bc-13c4c03e0a7c,Control
8ea711c8-5c32-4069-8709-c7c2a47180a7,Control
7ef4f1cc-9d14-4950-974c-5f0e9e475d14,Control
a07536ff-4482-4579-bee9-1e26afcb8d27,Control
cd0eab61-afa4-4e27-a45a-cf85457e153d,Control
534adccd-978b-4559-a649-b9b6c565666d,Control
1c3b4499-2a59-4248-80ed-aee0a8e1509b,Control
41cbd180-1a0e-4f6b-91a4-2c1ce548d960,Control
f8fcaf05-6780-47f2-a7c2-aaed3eb88cd1,Control
5170ef5d-7501-496c-b5c2-b47ece5e1f29,Control
2164179b-bc58-4d00-bc5b-3daaf9635fce,Control
ae1c85f7-c0b1-41aa-a176-3d34b28f3206,Control
fc37f12b-aa96-44f0-8d38-080a9d0d35eb,Control
10b4bfdf-d35a-4324-98e6-be7d11e2d4e3,Control
93e68dbd-aea1-4a4e-b4d7-e339b285634a,Control
0cf002f0-4f04-4a14-b73d-7418cfe4c727,Control
7076eedb-4021-4339-bf29-1d08d24bc1fd,Control
623220d3-d771-4c08-a65c-f32d980bec5a,Control
acdd8c67-5ddb-4725-808f-bd46da85c0fd,Control
dbe22150-489f-426d-bcf8-027ca3845b83,Control
6f1bca3e-3158-47f7-b6a2-b095db929998,Control
19ec5281-9d8a-4a37-aaf6-b5814072a0b7,Control
d24f15dc-fe2b-4c17-8c2a-af2b6268cec4,Control
63f7808e-e656-4038-8914-d3e9d68e4b15,Control
d660b566-5688-49a7-97ef-0a6aa3d9417f,Control
1eb9c828-1baf-4a4d-8376-7a67a75d0445,Control
7c1f8b39-3585-4753-96af-817054367e92,Control
00afcf78-df13-4a75-931d-d3a66b36eb14,Control
663ad9d2-5828-48d6-9eb4-9df361aabff5,Control
a746ae31-c3f9-41b9-abac-3fc6fa18d8e8,Control
f187ae73-4ff1-435a-96b5-264a5719f5cf,Control
8f537394-26e5-4f3e-867b-7bd2cfce3cbf,Control
1e09a329-eece-4d63-911e-da8abb2ac796,Control
b6ea92c6-a79a-4493-be64-f040b63faefb,Control
fb654150-1b08-4441-91c9-ac29311d7d56,Control
7a2f7ac2-b9e7-4f4a-9941-4a6b8e631a49,Control
a7f15843-c3e5-4105-9aee-8310fd299a71,Control
663235cd-bc45-4ed9-abf6-7277d79b4e0f,Control
121d0b83-32e0-4e58-9b78-3df5767b40e1,Control
acfc32f0-335e-4235-b82d-0a1459110b14,Control
231ca4e6-ef05-4e84-983f-26b4adb1de1e,Control
50a7d90a-44f1-473b-8485-435675da5033,Control
38cd61ac-d6fd-4066-b5ea-bc18eba8222f,Control
8caba5b2-560d-460b-b4f9-be3b2a9985be,Control
3b5b8720-3a89-4850-932b-d2641bbb7481,Control
cf426fec-b7de-4c06-82b4-d9291d4f89d7,Control
70baa1c1-2f35-4aab-8a73-038f90663e2e,Control
701eca47-8e2c-4937-96c6-2b9e8d749952,Control
67c3fcfb-a2b2-4b16-b3ed-04cb063bfd41,Control
3493de31-c921-4f37-90d6-7a5a25645edf,Control
70e501ce-01f5-414b-be6a-34584fbf5721,Control
c17ad6cc-e5e7-49ab-8538-ed5c4641826d,Control
612a60d5-0545-4389-981b-dbdb0cb8dced,Control
7cdf6889-13c6-404b-ad2f-0cc66f270185,Control
915231a0-34e9-4c0a-91d0-4825b7fb79c6,Control
d71ef287-13a5-401b-9e50-0a95a68d3cc3,Control
1232043f-a597-45b6-b82c-185d3156f9e0,Control
86d1cb4c-e551-4317-b836-04658a518151,Control
3b63521d-7ec6-461e-9d6a-95660e561d97,Control
61a9ccc3-8a4a-4eb9-be43-d3e88e1be36d,Control
5085d78d-a2f0-4b65-abb0-0ee359a04f2f,Control
29faf681-f18a-48d8-bd5b-243738e537f5,Control
4598c080-21de-4d0b-99f4-c4e6272393dd,Control
2439745f-7468-42d2-bb78-cf1d24fb81f7,Control
e257b2fd-7e87-4cb7-a04e-6bf66b50f1f9,Control
0015dac3-0e08-4ca1-b790-8454e6256b6f,Control
5754b3c1-0bf1-4565-8eed-7d23edb6ce89,Control
41f74999-5012-4be3-a6e0-ca9e29449ba1,Control
f219bbe0-4cec-4e6a-9e89-c6473eaeb22c,Control
e71ecac3-02c7-47b6-9177-05e1ccb05854,Control
079140e2-5466-43f5-bdfa-b51ee908da07,Control
4bf020bb-4642-41fb-9923-fba8d4869aba,Control
42f90457-abe6-4bfc-a018-a3cd1fe2b469,Control
53315bad-11e7-4792-932d-9d65f03be4e4,Control
b9f75154-a4af-494c-8cde-20e533b57521,Control
bcd84ddc-4435-44bf-95bc-6454e8fa6877,Control
b8f66715-08b7-412e-a005-8d832eaebda0,Control
01a178f7-498f-4492-815e-fc265a81e659,Control
f634a6de-cc37-48d8-81b9-e7369efb8dd6,Control
d9e3bd35-7b01-4091-a98c-c2f9ef01a3dc,Control
8b71f9f3-86b7-455f-9be5-d4915cbb93a1,Control
965bc036-2eb3-4a4d-b1e3-6275dc4f6e7c,Control
b14fc948-e7ab-40e0-aa15-2a30de764c72,Control
38abbe48-22f6-4abd-a332-99a4bb26a0fb,Control
a0917383-74a1-4c10-be50-eb1e98b65509,Control
9084bd17-db5b-46f8-8e86-782131747622,Control
2ff5afe8-f3ec-42ca-ae96-7acb7196ea20,Control
cdb0a1da-08f9-437b-9865-6632a19612cd,Control
15624b25-6549-48f3-ab10-13437991ce13,Control
08d630b2-1b93-4e04-93eb-a115c76e4fff,Control
8cf1b919-8633-4289-9347-421f14d707d4,Control
8edfccad-9b35-4353-9db0-4d4383d5fe3e,Control
9ce766dd-2aa5-4eab-8046-f648007e4268,Control
d0daa814-093d-456c-89ab-0d9799b8b138,Control
997875fb-b12f-432b-b1f0-3e4428556b33,Control
aa9c4b72-9353-4fc0-bc47-3471bff7661b,Control
b6381d08-931c-4c09-b454-b7554474d2d1,Control
5d6a39fc-c39b-4f23-b443-a5e324f51631,Control
71b32695-28fe-4e62-a19a-9bc15658d0f8,Control
1d84cd13-5bfa-484b-93c6-d65cf1eab15a,Control
c0847ce8-2640-4060-86de-cf427330d09d,Control
5304e66e-3b13-473f-9363-82c507cb40b6,Control
d88dfaa9-d4b5-40b0-a179-f2afeef08822,Control
939478ba-d4b6-44d9-8032-32e74527aaea,Control
34691d8b-3973-4bd8-b6eb-56cb95d14135,Control
747f11e2-e0ab-45aa-ba41-05d0818d5b6f,Control
68e02ddf-8d28-42a5-b269-e7c8de10c9be,Control
33118622-bffe-4ca1-bbc3-c888b5fb86ff,Control
44f23687-8f3d-4a94-952a-516d7fd756ec,Control
a9d73f1c-380e-4c18-a63d-b193514bb50c,Control
828ad6dc-01b1-4021-ac27-1e0fe69dfd70,Control
be73ec1c-26f0-4df5-afc0-ab351a0df7ba,Control
b1565381-d0c2-4ce1-bef3-6d7dd404cd17,Control
146be1a6-4a6f-494c-8b81-e1d89793344d,Control
fadb2810-a200-487d-9001-cbd1df07c856,Control
9d9e1ce0-468a-42be-b2e4-913a8cc20f4b,Control
8b062904-636b-4269-899f-051eed23b3f2,Control
921cb3bc-e171-4fb3-b7cf-5cca31cc66a6,Control
e033be6c-b386-4304-9a52-2d5b149a1368,Control
caf11b24-95e5-476e-9e71-d44ac7be554c,Control
6f910dc8-d8b0-4e58-9ea7-ed09b5fbd863,Control
100585c8-3616-4be9-8830-9ca30bbf5387,Control
f7d2e5a9-3937-4b3b-8ed1-3d593ad1237f,Control
75176c6e-9d45-4110-a265-da08c36b8e6a,Control
8b93760e-a96f-4298-939e-2954a6dff143,Control
f0cd9bbc-48de-4655-ba9f-ae5ce9f02264,Control
183f22bc-4aa6-4d8c-a892-060c11517904,Control
641d8711-b59c-4e4c-90d8-274da55a0018,Control
2289e37d-9cae-409b-80ed-b958763ef2c1,Control
dd0b51c2-d56b-4484-9383-4de20407b9bc,Control
4bed6dbb-a8dd-4932-a3f6-cee69632378e,Control
7cb1d251-dbf7-4aac-80c4-29a71590cef6,Control
159e376d-d092-4393-9587-82697a5faca3,Control
ca1d224a-1f13-47da-a1fb-80ccd5647bab,Control
19762778-9bd4-4e9a-b6a7-e861dd8d41e5,Control
1601a565-a1cc-4155-a16a-f169526beb65,Control
55a614d5-ea1e-4deb-a780-869155c47ebc,Control
caf9e180-fa36-4f0a-915d-165cc603cfe8,Control
8704d94c-30a1-45eb-b945-dbec7e267960,Control
b89b7a69-e245-4064-8ac9-1643efbfa798,Control
f4145a9c-1736-4e86-b852-31e6c4b993db,Control
88726076-9f11-4643-8ddf-aaa22412bc5d,Control
377f34bc-8f58-4e95-b68d-02cf0d7cae15,Control
60e9fe34-995b-4916-91b5-d989fc8319f8,Control
ac71393f-22fe-4c57-bd69-f723906825a1,Control
a654de5a-5704-4dfb-a56a-b310f7d95d0d,Control
d8a6bea9-2c91-4269-a0a6-670419c80498,Control
02200e4b-198d-48af-98b8-30db18566654,Control
d4333968-2420-493d-9ddb-551b556af749,Control
c6a04632-22ea-4974-afcd-2086c917eb4c,Control
9ae0d8f0-c1f2-460d-894a-a4b724313d4e,Control
71a03660-7c26-4135-8f85-736e8cb55e6d,Control
e74f88e1-193e-4210-8cec-3beb37e42a92,Control
d1eaee38-50e5-4d61-861a-ad56a78ffced,Control
52fe570f-d623-4a2e-a464-cf31d0bf33a3,Control
fd3089ea-b56c-434b-96e4-3ce3aeddf347,Control
e903331d-8881-40b8-930c-44be0586a5fd,Control
703c0b85-0d64-4134-b0e1-5536aa2ea5cd,Control
4c0f0ee9-5353-458d-bc91-b4755d270e65,Control
1761355b-31ca-4e46-98c1-f3d9e956dddc,Control
7be9e565-67b9-49f1-b1d4-1056c8ae4a9d,Control
47ab3a67-a1ba-4d80-8e01-c32f6511c61c,Control
86fffe43-1f5d-4b5a-81ef-f8ba8f2c0fa3,Control
7102e3ea-8c51-4ff8-b5dd-37b22d0c05f9,Control
c4802d8a-d8d8-429d-8ca8-0e77c3441199,Control
4965ed41-90df-4af7-bbfa-8a7fa8fee50c,Control
9597a580-5fa5-4b31-9cba-173243911587,Control
88f6eecc-c114-4b4c-94a9-4e8e15aa3cb3,Control
aecf4603-e85d-4902-9903-562c021e748b,Control
36062ac8-fdab-4c91-81c6-4280a68b4393,Control
9b56516f-d423-4cb7-9219-77a36f13c806,Control
39a34c11-d126-4b03-a85a-8f8537bbcc4d,Control
fa098220-82a8-4091-8f91-a1c6e13359d1,Control
4f9bf820-ab25-41b6-a300-0106e8e8be01,Control
7b924f54-0674-4bd0-8ba6-4379343d49f4,Control
0aebf8b4-3488-4e1c-bbff-2de93ae65c4e,Control
fc4bb83c-eb09-49a5-8b86-3cc7b8fbdc05,Control
cb68ca4c-d026-4d7d-a0e1-fdcda088ad58,Control
024f1b43-7330-42bc-942f-4b9fe924eb80,Control
3bef0f54-6bce-455c-9d7d-8b94a7356605,Control
6faf3edd-ccca-4a47-ae00-bf6569e1b5f1,Control
d92b1bb2-1cca-4b43-8001-5262c83aca6d,Control
1a563724-1bc4-4bdc-8df3-d525200ab269,Control
7d82c364-6020-4575-94e4-513393ed06cc,Control
169d129c-af71-4b6f-8ca7-35d8331a53cd,Control
b635b4e0-9275-4f5e-ae98-dfb802935283,Control
826e00ad-6e8b-4012-a944-9d20cff1595c,Control
f67e8a5a-f592-412e-a0c6-2db7ffd4080b,Control
16063ba7-d88e-4849-9dfb-08c6f3ed0875,Control
ae631617-cd7b-4e3a-800c-0ca8f9964b82,Control
6b3880e0-352a-4f0b-b662-ea0036f90c4b,Control
be5b8538-67c5-425b-890c-55467ffc5c84,Control
342fa447-0e28-49b9-8c56-a51ccb019116,Control
10aeec30-8447-44e6-b758-676e9e796cfb,Control
5b771b93-4e5e-498e-a9df-cb19b8c88de9,Control
9bfc46a1-5192-4c88-b126-6ccf4f86b6d4,Control
08b8b0b8-99cc-4d51-8e19-95fd0ad2834c,Control
6eba8260-5302-4160-9808-dd52009094ad,Control
8420736f-cae1-422b-af93-ed46c9666d0f,Control
3be77883-96d2-4578-86ba-0c1cce7223d5,Control
a1d87a68-bfbc-41f5-ac91-1d17c067b239,Control
9c02b39f-9089-4abf-be2d-636dbfcfc087,Control
46bc800f-9df6-478b-8bf7-3bd17c64d899,Control
26013154-8b74-469c-bf75-6b9df1b9cfa7,Control
febb0596-a1e3-4406-838d-0f97ac6d7a2d,Control
fb950c02-8a80-45bf-82b7-43fbe773855a,Control
b664e021-50f3-418c-834e-54495b3954c2,Control
97993547-afc7-48e3-96d1-13a6f40c9bc2,Control
8d38e7d8-0d0a-4e83-b7fe-7970d3be6e57,Control
175f7569-db78-49ef-b0ed-c7d48944beab,Control
6b661e80-b09a-43d3-bec8-7b2bd030b76e,Control
64ab9db3-1a1f-4c7b-80b9-fb5f6bde05ab,Control
6217e972-99a1-4dcf-9042-609379ed02c5,Control
e189e0b5-8b62-42a8-8533-044a0f33f206,Control
f1676298-9946-467f-a6fe-b52947a1562e,Control
27ea6e68-19cf-4943-b426-0183194169ac,Control
afe33bff-9bc6-4c7b-beed-0f862ea4b7a8,Control
d351ccfc-4a92-4018-a0fc-26e8dff5a29a,Control
ad20e0b6-d627-4419-95da-bac8f4a7269b,Control
2e47b78d-d47c-4029-97d5-e91033271708,Control
4b914207-0ee7-4b79-9939-80e7310b4d91,Control
28630fc2-116a-4e86-94fc-81c604a6d957,Control
4a6aa33c-2836-4fad-a4c6-63a405cfd201,Control
21402340-ffb5-4f15-baf0-6ee5fc88b279,Control
c0697fd9-a56d-4063-aec3-1a2562b1a645,Control
4d2675aa-4d8b-4c0b-a621-22b9915d0437,Control
94debecb-a352-415b-9740-2826c4e4a2aa,Control
71cbfc08-735a-4ed3-ba21-682e6db74ac5,Control
d0824a64-86b9-44c3-a13f-a07335345155,Control
765a6769-8d01-4bc5-971d-ff9009ad4dd7,Control
78bc4c4c-de13-4804-aeb0-7b3887ae84f6,Control
ba5adaec-3f3c-4a2c-8eaa-de976ee83bd3,Control
519d101f-51e7-4458-b9a2-bb3fcb2358cd,Control
2d886c99-1359-4bd5-9699-266a978d6aad,Control
d160d8d1-7b4f-4722-a557-859b0fefb56c,Control
df19811a-e699-438e-86cf-ed3119b90cf6,Control
975f4311-dcef-4837-85ae-19598ed3d036,Control
8155d39d-420c-45ed-bd90-3a04ca67a190,Control
787eae91-a077-428b-b8b8-152bb1b984a2,Control
04c05371-0d55-4d75-b5db-1f307f3675b7,Control
338fa6c6-b953-4715-a717-655cd9775e3d,Control
8ee02daa-9d8e-4286-88d1-612d4e05c187,Control
d98e0eed-2092-4b02-b441-5f0c6dff3c1f,Control
58c32436-e292-44ae-8022-4ef0c89f1a1f,Control
e985819f-ea29-4c8d-9b06-532133dc537c,Control
4f00122d-4e40-4e4c-9fd8-01ad3fcb78bd,Control
cd51a6c5-8c01-4cf2-8b31-554cf289ef46,Control
fd7d8b8b-da71-41bc-b77e-6383ae901756,Control
b7d21567-20cb-4d1c-babd-5958844d1a9b,Control
20c55bdf-6d5a-43f8-b94b-f7b695d89468,Control
20e991bb-fd77-4fed-af30-ab5a14a0b921,Control
ed334192-7855-422f-9b33-dc1598141c37,Control
ea7df7ce-d903-4a62-9379-29cdb2ae3fde,Control
b9194860-b876-43fa-91b9-e0b8009a43ae,Control
ae0b8164-5292-49f2-b99c-8c6507cf4b32,Control
f226558d-6581-4caa-86d1-459f573b1d44,Control
21c38c98-b9c8-4f18-8184-6302a5767132,Control
573c2ea7-5797-4493-9dac-14016c8bf6ff,Control
6902a3f5-5bc7-4942-9059-41edb1ec93ec,Control
3cad57f8-357f-4cf9-961b-843596d679ff,Control
213a9d1b-1481-4078-b980-aa6777061edf,Control
3068fea8-d8aa-41b7-be73-10a6dbac08e6,Control
13fbab1d-a20d-4c07-9b4d-198fe35e5fb9,Control
0cbac713-d499-4124-a42c-c6288b6d497a,Control
5fde86fb-83fa-4aa1-834c-f639457ba989,Control
973ff9c2-21ab-41fb-b437-adb19fc65fe0,Control
9ace9bd5-e3cc-4b79-ab01-6455c11e0d2c,Control
fecb23c1-ad85-4d14-8aec-d795d1ed0689,Control
e323b865-1819-4132-9286-c6df1baf8f2a,Control
3bdca829-120b-4020-8920-b48a05093170,Control
6a70dc89-994d-4922-acd2-9dbeff075272,Control
a65cac12-59fd-4b6c-9028-5b3f7e1ac685,Control
f8fc1628-7d24-4739-9c62-29dfee6dc374,Control
95e7eeed-bc90-4e18-811c-a352e49cd2f1,Control
3cfc98e1-f1db-4904-8590-b827bd73d1cd,Control
984e4d3c-7510-4975-a91d-af6d6064473e,Control
997962f2-9b8a-4b0e-97b6-fa1430fbe42b,Control
607235ec-3944-4169-9f59-77212ed6a85e,Control
29cd252a-b546-4a96-b365-0e054b2d9510,Control
f099caad-6692-4533-8cc1-a5a6dd5028ef,Control
bf9ffcf7-17b0-4e23-9e88-967ad6f231fd,Control
9a3fecc6-b963-4ae6-8706-37f6e4fd75c7,Control
cd368951-af77-41b3-abd5-81138708707a,Control
08132221-ffee-49e4-98f8-7f6e6c04969b,Control
61f750ed-71b1-4005-8df3-678d3527e3bd,Control
bef98ef6-0b9b-4ba0-a0d0-0b061befb5cc,Control
f6a0dcca-248e-4efc-ae73-23bcb4ed5a67,Control
ba795f1e-044a-4f89-a750-464c629243a5,Control
53051f8a-cb23-46d0-900d-1413ce0aef1a,Control
9db0145e-2c8f-487b-b2c1-c8948c0ce618,Control
11760c71-92a6-4454-b4ed-802677051b94,Control
ab70d0c8-2d09-49e5-9973-02e6419ee056,Control
30a2f272-156b-4890-9a1a-1e0f43ccc939,Control
cce2cba1-e535-4451-8408-4098f5a5c9e9,Control
4efc3047-1058-456b-8ad6-1f9b59b7c782,Control
628feb95-e09f-420f-b5c3-a98fa1f688ed,Control
cd8fa4e9-f59a-4d7a-bc79-fcddf10077a1,Control
c4184be1-f99b-4611-981f-a2affcfd91db,Control
8a5b7d3f-7472-4abe-992a-000aff1bec2d,Control
f39a5065-eecb-48c2-979c-39065e9acdb7,Control
1f929f7b-028b-47f8-9f39-03105d059e9c,Control
db242acd-3fa7-491d-acfb-5a0614b7e1d4,Control
37d45107-34b0-4bde-8ef9-1c5a8a161985,Control
c2386344-82ac-4134-8417-0d1dc70383dc,Control
04e18652-f2d5-441b-857a-d7e4ba183418,Control
bf15e316-471b-4857-ac2c-3b0dbd25cdca,Control
9e65b23c-5678-4ab6-89bf-253f0ce1fc6b,Control
a3ecf99d-2d63-4760-8170-3018bbe04c93,Control
c661665e-3e98-47a5-9ffd-fd3d46df6722,Control
590f8400-f345-4276-940f-65b4707fa13d,Control
9943dd10-c5b3-494b-b136-eb6335e55724,Control
d5bfa695-6518-4293-89e7-8a40be6c3ce0,Control
472ee10e-2bd7-4786-af37-cd7785eda094,Control
c72c1620-edd1-4058-bedc-8d56385ea336,Control
8240767a-b7b8-4304-8d39-4b72da70eb5f,Control
198dd306-2e56-4c74-9784-b3001b20c6ff,Control
4c63e2b6-fd90-45bf-bbd0-6385ed5681d8,Control
6a04eabe-7258-4255-be33-f1b1cd75a756,Control
d7c5a123-ad85-44ac-b7a1-fe2f3eadf7e7,Control
d5ad4550-d057-4757-beb4-b32ea8dc6373,Control
3499e993-f362-464d-9325-c37f3d410f39,Control
da020f5c-09a4-4f70-a350-f5f1a3a316f0,Control
6d5c00ee-f291-4117-88b5-db578f7a8794,Control
5a72805f-82fb-436f-bc53-ca6ebf413148,Control
b2bb8ffb-fd50-4d84-b492-212610bbba62,Control
14105822-ceda-4ddc-a29a-b8baf4a440fa,Control
93e38547-e9d7-4d58-ad3b-4e8999ea71d4,Control
9a1c0560-d94c-45ad-824a-1cc518f69391,Control
bcf0e6f7-0084-4ef5-bc42-8481ffe0a551,Control
ad3c0dba-4c69-40dd-a65a-cffa385db9a5,Control
d9aad2d9-067a-4ffe-a79f-528dcc611672,Control
ec41f089-4d9c-479f-9a3b-c0a8faa29b22,Control
9584bfa5-d863-4654-a2bd-f5b0a8e0cfaf,Control
0455adcb-f900-4942-899c-f457cf802288,Control
19fd3be1-1010-48fb-9e06-fde696409446,Control
0861d3bb-a6dc-4cd2-9614-14b8c6c8a332,Control
bb25d42a-6d20-40c1-9e36-b91b42fba385,Control
97a87699-4ac3-4f8c-ab3b-0555c2fabf1c,Control
0a8c4bc3-786d-4f45-847f-082c7c0a4c9c,Control
f3680ebd-619d-417f-bd53-973549ead22d,Control
ab14978a-f52b-43ef-93d7-3f96c76ad359,Control
4930f1e9-cb6a-4699-99e8-b4dcab13d382,Control
fc3c6305-b1da-4521-9341-efb309d40533,Control
6abb971e-6438-4a11-86b1-79a8de6025b8,Control
a4e292e8-2d5c-4527-a2a3-30c7cfc080a4,Control
46469072-a957-4708-ad34-27edb79a1416,Control
7a1b38f0-5751-4905-a750-dd19d0b42b23,Control
99e66a30-0f37-4103-a5eb-e32280e77cc1,Control
545207f6-209d-43aa-ab6d-a557f6931335,Control
897921f2-ff79-412d-bee0-15106f7b523d,Control
0151a73f-87d8-47e1-b697-8ba68969bc0a,Control
7a371195-d833-467e-a8db-193782aeb9c4,Control
ce068e03-e92a-425a-9280-cddaacccc306,Control
480e6ae7-a471-4eea-a136-241e91d9c077,Control
6fff606c-43a1-47f8-8294-06fa99c8cedf,Control
88c7cc71-bf3a-4ef4-9f7e-7268f0fac364,Control
2b55b34c-cc51-48e2-878d-f9208f81eb84,Control
ae29a418-7929-4e74-ad60-174867bcfc41,Control
12e47630-532a-4d24-aef6-918c76266eb4,Control
34f2d059-5bee-4767-9d12-c93577490f4b,Control
8c8b9705-ba7b-49d9-ad9d-db2489c027fc,Control
da16e95e-4cb2-4ea4-b23d-595aa1e9088e,Control
7da37b4a-7c2c-4d8d-9a6c-f145d13c03e4,Control
a9e6872d-6432-45a4-af44-785b0e197eaf,Control
fec56cab-5d97-43bf-81e5-cca771e9ad51,Control
d2a635fd-83e8-4f32-9871-3d11c3c8faa1,Control
762dc2d3-8dbd-422d-9d30-a0bf0e0371d2,Control
4875b7c2-0f77-4ee6-8062-9d1e5e7dd07b,Control
ff748e69-4dbb-4456-9920-73f528868b67,Control
a2c0eabf-13de-4193-81c0-e7c6fff441b9,Control
8801b438-b299-432d-8580-9b0497e317cf,Control
f72f9841-bb76-4240-aaf6-b2e2d42936c7,Control
a0d63124-3444-4ffa-bf2a-bfd1065aa776,Control
2db0af0d-d0f2-4d95-881e-1c10b6778860,Control
38a459a9-6bc4-4d89-8707-5b2ed09034c4,Control
47fda017-88ca-478c-8245-f6fb37b5fd71,Control
72e2e9c3-cf47-4c1d-b2cd-64920cbac2ed,Control
d8024e4d-bb3e-43d8-b374-a79376ffc790,Control
fcce2581-4d61-4fd6-9bcd-03542cec19a6,Control
b7b89089-fe16-40bf-a77b-b7920af9ff35,Control
7bcfb123-6f1c-4dcd-b966-e62d07b11699,Control
2992cc99-5327-4432-8989-5d9950499a40,Control
4918d02f-8b4c-4ca1-83e1-56e30624f860,Control
ecf24414-64cc-4dd5-807d-7a1d0ffa9209,Control
49489668-d3f5-48bf-ab15-a834fa3e09d7,Control
4e1734e3-63c5-49d8-b871-efada0344375,Control
00c0f2e1-44b3-45b3-b214-3ee4c8cc0023,Control
1f90b16e-656d-497e-a67c-aae1bcdc3479,Control
e836eb79-5a31-431b-93be-da27449f4422,Control
d28e469d-2579-4d49-88b3-ad1292776381,Control
cc88617f-fbef-4767-991b-cf78eebb6de9,Control
90f97f9a-ed5c-4391-84bf-791380f2c6be,Control
81facf6c-d3dc-47c4-975a-c1428ac86170,Control
12e095f9-f44d-4dd6-a830-356535e1c1ab,Control
06c6c535-5dec-4cb7-8ff1-10f74852135f,Control
e49c5f54-7581-4be4-9966-2a18de0f60c0,Control
d155cac9-7921-4f7d-b04c-dd43a63a0c8b,Control
9338c7f5-ad30-4b29-afb0-968dd56f3539,Control
7649bff8-6607-4eab-bad8-43a7e6074670,Control
7127e8f7-2064-4f37-8dbd-ac74d0e97710,Control
9e872176-943a-45cf-aa18-9b53403ace8c,Control
3a476f31-b3be-4e37-846f-a0c2e181fd22,Control
51fd604c-f8c8-4dcb-8a9a-80029a72e465,Control
9d4a6229-8d27-475a-9fa6-81f868ef191f,Control
59faffc2-fa30-4d81-9850-e0c3952c2b38,Control
2a70776b-7afa-4521-b454-5614fd79c9b2,Control
800e8c47-55f1-46e5-8f5d-eb6843705e7b,Control
38a1bc92-1c26-4c03-aff5-8e1d7b7d081f,Control
10ab24de-3171-4a9f-9bc6-74e5254ff7c7,Control
45f2030e-2cb5-47df-aac5-c3f1e946c9d1,Control
c1f6d61d-f3ee-4df5-b730-c53a3f0aebcd,Control
41ecabbc-5b7a-4359-a4a0-05742902eb67,Control
9a73fd6e-e7ab-4e88-b00f-6065375d6124,Control
3b5109b9-d2ad-452d-986b-a5a828fe704c,Control
156aff06-3cd7-4e16-967f-bd0dbf1e19b4,Control
c88b7b88-ed4c-48a2-aedd-a800ed06ea7a,Control
c91e190a-d8be-4412-8228-368284f88c05,Control
5c885298-fbce-4c13-9274-f49e4c3a4133,Control
fba491c6-f88c-4359-9210-29a29c6f5d63,Control
91ca82b4-0e34-4a05-93e3-e49adee6b6c8,Control
31f4e83c-4fa7-4b6b-8000-054137271521,Control
9348e737-14af-4819-9fb8-9ee8a98d5e26,Control
03d11f7e-9751-4518-9b2a-1904c096e887,Control
1ed4aa64-9694-4ebb-9a88-e4f05c36be33,Control
9a2c7d0f-5192-44ef-bb0b-1619ce3037f9,Control
9e1ab7eb-02e4-4fbe-8849-bcaface00f53,Control
68269714-e61c-448d-ac79-93dd3a11348a,Control
1b92beef-1682-4c87-8ec2-1bd1c70a0d8d,Control
4d11298f-6e6e-4520-bcc1-8d27d2e735f6,Control
7d066280-5dcf-4695-bea5-6c9e72b21119,Control
6d9dc7de-0e74-4a15-bc85-12fb5acccd2d,Control
ca36cd26-7635-463d-b32e-1ec3baa2bf40,Control
3f90742c-4e69-45c7-a411-5177cdff0d10,Control
86740da6-7f03-4036-b8e3-5ee8a1cf6ecd,Control
bb0f51a8-a21e-46a2-8a96-b1564dd39110,Control
18fc9c7f-847c-4612-8b41-e9bed94b51cc,Control
ddf23fb1-790a-471e-ae9e-4f0b4cefc687,Control
aa63f420-2dcd-4597-b230-efed3ecbfea2,Control
7f5261e1-d6b4-4689-937b-f9714e7d4410,Control
2a570de8-84ec-43ad-8f5f-bb0615801192,Control
03a3c2f0-1793-4fbf-bcff-ea7c1d2181f5,Control
e7ca42c9-d180-4548-9316-1bbd7b3870bd,Control
0f899cfc-6643-4c4c-993a-02d6f83b0c57,Control
de7d26cc-3409-4fd9-b193-ff4b26761d07,Control
1a8ae80b-c594-44b2-ba1c-55fc1925d61c,Control
b5fb49af-1d67-4545-92ce-67f8a4cad7dd,Control
695e4362-660e-49cf-8758-9ebd7bcb29a6,Control
de114380-cfa2-4b68-8755-46424d14715b,Control
84627c2a-9d72-450b-ae65-8990d30924df,Control
b4d480e3-b9ac-4df5-9ec5-448d410646f6,Control
b3e93015-1821-467e-9950-9393ea372824,Control
9904202d-d611-487c-a612-e607b990c703,Control
c1360894-dee1-4513-99c1-2ca9ed22671b,Control
05ceaa14-860f-4a0d-addd-b17aef4a9512,Control
8633433b-c82a-431e-b753-bf4e6cb0e8a7,Control
d2e46f58-b100-4b41-ab0c-4577682fa75a,Control
48ff6767-029d-4fdb-8d2d-d6bd8e6ea610,Control
189bce4d-b920-4935-bc23-b8139c5ee863,Control
f9664428-369e-4f43-9cd7-11ad23c3b1f5,Control
13d9923a-d32b-45c4-a605-30ff995c7a37,Control
e0f326b2-48be-4006-87cb-814d09db4892,Control
8f66072b-e18f-44a6-93bf-6079cc93c560,Control
afd79d91-d72c-4fb0-8491-45e3578cb04c,Control
c6ba948d-39bc-4a65-8b26-1b002b99142b,Control
59222ed9-bb59-48fa-b3de-39fd0edcfe04,Control
ddcd5899-305c-4480-890c-24fd10011d5e,Control
44c30076-e7a8-4ff6-b088-cfd5fb6d9b97,Control
19174e71-915a-4843-bc2b-3b5c254b77ea,Control
2a30e4dc-6646-41aa-a14c-79f874726f1f,Control
e24bac86-9adc-4eab-bba8-6c9c009f3d88,Control
7d7ec5fe-62b8-424d-8388-beaf8a584926,Control
159954d2-ed0e-43c7-b935-343824f0f069,Control
9e654a8d-793e-4452-a605-05e77587901b,Control
ef1d4fea-026d-449c-bcc9-568a1521e558,Control
a6d394e7-b36a-40da-ad23-94e9499e342f,Control
bbadf29b-a681-42ab-a518-dd0ba3b32953,Control
0b823731-0d65-414a-8f25-22ee08d866fe,Control
37797cc4-9e03-472f-98f8-606ad52dbb1a,Control
87ddff7a-09bd-4413-a2e4-a715373bd29c,Control
c3620411-0ba3-4090-acb8-3dc1b668c30d,Control
dcaeb194-fc59-4b85-8d71-2e9434b5d6b0,Control
56ebea69-e26d-489a-a741-1a96409d3cc0,Control
5af6049b-725b-401d-a87b-13aa8f2c9adc,Control
19b40331-d853-4bb4-8b7b-5a2f01c48dc9,Control
a259d7c4-786f-4a4e-99ec-f9a5907756ee,Control
3bd5e451-cae4-4296-8f8a-e15e35890001,Control
5021bda4-49fa-423c-ae6b-2ddd07a85626,Control
5a8feb31-4a8c-44e3-8760-81ad53b1ad79,Control
538897f1-a23c-4da5-8164-5f7abae89abc,Control
8e2876fc-9fd8-4f28-bf9c-c313609d3bfa,Control
e97faeb4-25e0-4d41-93d9-e4035321ad46,Control
be9d408f-8d03-44ea-af39-3ebb0bec1c5c,Control
88e5278f-69ca-40d7-9331-e75f88e93d12,Control
f4affd7a-c20c-4f23-aa91-dc3f572e82a1,Control
7f2e595e-0db9-4e4e-b55a-d3464516bce9,Control
55430f1b-4e42-4efd-b0f9-66fabd8b2db1,Control
ef753fa0-73f7-487a-900e-973daeb3ac8b,Control
38cf78cb-1bb6-43c2-8d75-a97a5494eeaf,Control
f958eb64-be3f-4299-9983-670a2107e200,Control
4b6d90af-ffe6-4719-af92-14ba52402053,Control
bdc9d698-efc5-4b54-937c-fd98b1302e4a,Control
a674ba51-d9be-4eef-bc67-c0b0173cd10a,Control
6726aa12-3c2d-4ad8-bd42-63759894acfd,Control
fd064d6c-c2f1-494c-93f1-ece34441bb69,Control
98923a6e-c491-4cd5-8377-77a6b0b09ae8,Control
7b882312-2e38-4f07-993e-007895f8204a,Control
0f23b4b1-da9d-4df6-b776-06d58e4a1edd,Control
81ccf3bc-2c00-47c5-be97-a4bbc2bedc96,Control
0919633e-d7e1-4544-bdc6-86fbcf0c71df,Control
949bc373-0e9a-4bee-b931-20b957a6b7c9,Control
a081172e-5fcb-4c30-aa48-de28ed8d13a9,Control
df6e4769-e7a7-470d-b82c-34b803289db4,Control
3ecc126f-bd42-40a6-a94a-26f744dfbb6e,Control
2c3746a8-8b53-465d-aff6-a597846cfc40,Control
aeaba529-eb92-4629-90f0-83b99a9420cc,Control
0b73b7c1-fc24-49a8-afdf-edf7e0ef7008,Control
f372df98-7a4a-4746-8898-9e0e79a120f2,Control
dd31d686-6616-4b30-aad5-69a76f307e6b,Control
5019c03f-56b9-4933-b57b-6a3f4735ef13,Control
105d59cb-af5d-4160-8bb5-a5f4776038c0,Control
b0d742ef-8f53-4d5b-9fc8-97468dde35ab,Control
e10bf960-0a2c-4f5c-bd6f-300cfd206fbe,Control
1615a412-f070-4067-82b3-8118e605c844,Control
8a143f7d-2e92-4da0-9d1a-e039d19715f1,Control
ddbc4e9e-7b0f-4e9a-8eef-e13e5f1e0d09,Control
f31b009a-e31a-4041-bda6-8a086dbc07d1,Control
86e1bdd3-ef21-433d-bacf-a5dbcc8f3acc,Control
8417eb9d-c4e4-4e0d-8507-42a9c7e55830,Control
75396e34-477e-429a-9d72-699ef6807e82,Control
a264957b-54f4-4072-934f-6c01fbed84d4,Control
3f796e78-17c4-48c9-817e-9a1b00c5823c,Control
f69693dd-6438-4b08-a39d-41ee757867fc,Control
29d23d90-979d-42c1-9337-1f13f68dcbee,Control
2f1ca1cc-5c41-4cda-a51f-7d7be5aac562,Control
30775d30-df1a-4ecd-9781-f06787b3f4a7,Control
afc0a5b1-0ee4-4872-b20d-30792728e6e5,Control
67d2dab8-0c6a-4bba-9cea-ed11b4dbeb71,Control
11de07ff-a96b-4e6c-bb62-efc3ee9ce087,Control
468cec54-318e-4b7a-b98b-e05e47d220fa,Control
e09ac7c1-199f-45b5-8d80-8eb8184b2e57,Control
8e9d8428-e92d-4c49-b741-39aa319ffbac,Control
c446d860-9407-4dc4-b0d6-3aff1028d442,Control
e8ed6563-1846-4442-82d3-268a454e8d22,Control
eeefbf7c-4d44-4185-977a-17dbd4c87f06,Control
0395aa68-49c9-456f-8294-7bfc1eac896a,Control
41580a6d-80b8-4463-a4b9-6c3ae5418230,Control
b4bfb976-7404-4ecd-8d3c-763c75b715e0,Control
9a3a9dea-da29-411f-bf49-8324d51bab48,Control
8b1f267d-ac60-4946-b0cc-28cbc5856245,Control
a5e199c4-9211-47b1-b560-2f6445f612fe,Control
f1a4ea06-889b-4e00-ab92-e5c80459f8bd,Control
ccb1beed-8e54-4d7b-b10e-dc2271910d34,Control
9783a3ee-fcd2-431d-9256-93857c3e37e3,Control
9302ea9a-da99-4c39-92ad-6dfcb238c74e,Control
553e147c-07c0-4759-9742-eeaab3436c22,Control
f660d93b-3c52-4bdd-8709-a185a5c11e3e,Control
3300ec7e-1cfc-4422-8eee-7da8479acf1c,Control
34e4f7fa-f451-4e44-aa22-9d0d7ec2c02f,Control
37357df7-71a6-488b-9763-7c157cbe8a01,Control
055026d4-1860-4309-ac07-3c8409143e17,Control
ddda64dc-b2fa-405b-a7cb-a13439ea790a,Control
055fda83-2aa3-4ffa-88c0-3b900b4ea4f3,Control
8c3e642e-d0a5-415d-be60-245f2ba37f2e,Control
3c7d773f-a991-472c-9785-d02a1ddebd6e,Control
49880479-107d-409b-a526-5b746661f1a8,Control
68014c08-b819-4b3e-8da6-e82f7f8feca0,Control
3b63dae1-113f-4e68-94bf-88ea3275850b,Control
9c5e35b2-4032-4b3b-a0c6-0eab7df1378a,Control
2f02a4ca-b3ad-4018-b37b-d90c05d06bd3,Control
9f7d593a-3c02-4796-8a89-483564637bcf,Control
245df8c4-bd65-4afb-a7e0-3311e722245f,Control
7c21c3d1-96d2-428d-b32a-a1b438268af1,Control
ca2a80ce-ba5f-4f02-9549-7860d13d141e,Control
f56b61e4-0571-4807-a6b7-45c554efe8c7,Control
69767438-9710-4b6d-bd9c-6cafa3b34e71,Control
6b0c4885-5aea-4c19-9bcc-3f413c74b78e,Control
fca1267e-6cfd-4186-9f08-d565428148dc,Control
3e21e4fa-5892-4903-8e9a-7db94f0212eb,Control
87773956-8eb4-487d-99cb-c90fafbc7616,Control
52b1d6e7-330d-495f-bcfa-e9ebaa7d287b,Control
65839015-3253-4a20-92ac-16020df8e192,Control
856f4a3a-9211-42e9-901b-23545bac919b,Control
d4436003-77de-4033-ba3f-a7a095e37ca3,Control
9b24b1b5-6588-40fc-b700-a6299360597e,Control
a33c80a3-a2d4-4360-8257-ffbba5f89303,Control
3fc7e6d3-e669-4492-8e03-40b6bd134ee1,Control
638b6b61-c48a-4f60-803b-63c39b32529e,Control
a578c3ab-1ec9-4553-acc1-4f25a8fad584,Control
e96d53e6-8360-41c5-bc72-98233ddda322,Control
05ebbbb8-c962-473b-8d9e-247d03923ada,Control
a6b8e618-c36a-4848-b82d-a0ea512c53b1,Control
48e58755-ea5c-49eb-a938-e3ed3f50d0b8,Control
ac107ac9-b01c-4ae9-81f5-cad6288ee615,Control
aa13f5c2-25f1-464c-990f-7d05f958438b,Control
fd946d09-83ea-4a80-ad4e-c4eaa50e3362,Control
19f974ab-b56d-41bc-b70e-adccd9b3ff66,Control
b1df6488-a185-4904-9d26-4e9c1c343be1,Control
0328fd76-985f-4946-8a5e-789601b10a4d,Control
b43c0ea3-9fe7-4b83-a6d9-5d5fe8771535,Control
d04fb7ca-c90d-458d-9145-fd73ce4ee6d7,Control
0fb77e5c-8291-41b2-b70d-256504a4ee61,Control
51440488-fc6e-459a-b22c-86501a7f7ae3,Control
242b9ea7-a249-49d4-8aa2-76c2d12e08d5,Control
1ae6fb23-ea63-4985-851a-17727e521f6c,Control
d5155bcd-e46a-4ec1-bdfc-d5e77f98d77c,Control
d8d1c75d-0a05-4cb0-9ed5-9fd544a15b57,Control
62b41446-6024-48d2-8e41-9e4c54808a6f,Control
2510ac31-499f-4835-b01d-b92ffcedc2d3,Control
49c0a20c-2451-44ec-9434-6d98f94e47fc,Control
4694bab6-ad57-4862-84f9-6a173502d2f3,Control
a0d0abdc-ea2a-47d2-b81f-b1621577142a,Control
4ee7b5ac-c784-4b0e-a172-1ef8e0f87870,Control
d8e05999-fa4b-46df-a57f-2628ebc4db61,Control
7af282f8-2633-4a1c-af84-9c900a9d4bee,Control
7cca230b-aa5f-4d7e-8e46-7d8532869a05,Control
915ffc4e-bcd4-486d-934c-15aa789a050d,Control
33d26a53-5d46-4761-ba78-f0a10819c15e,Control
e9c0aefa-f268-4823-bdcf-a5169ca77efe,Control
26ee3ac2-cc8f-4ba3-ba73-9583a6acb0f7,Control
ec67ab98-9096-4d17-ba69-6f93ce97af33,Control
8c7bf396-cb10-4729-8561-135fa56a26c0,Control
c6586f6a-af5e-4502-ad50-fb9635425da7,Control
e8eaebd4-02d7-411a-9e05-b751f2dc0033,Control
3497772e-e9bb-4ac4-9759-bc311ad91aac,Control
7179dca4-48ac-4a91-9943-e4a5b56f046d,Control
f283cc5c-52fa-489c-bdb5-e123836007fc,Control
c4b48a41-52d3-4804-a312-d09bc83ddf2f,Control
dd158478-13e3-4a5c-9263-3b6fa3ea8571,Control
a7d7e48d-e2a8-4050-b966-dafc4f0cf1dc,Control
5067c95e-7572-4e7b-bb93-118b9e97523e,Control
57069d11-9890-4279-968c-e389dbda3305,Control
9c92a898-f49a-4e29-9af4-e5a714051d05,Control
a72700ef-9b22-4498-a7fc-ceccb4dfb706,Control
3674053e-434c-438d-950d-a2bdeb1deae5,Control
73cd9cc5-2dd8-4824-90b9-a1a0843b0847,Control
ce154501-30e3-4559-974d-393c6ee0f2cf,Control
e345c177-a3f1-4c86-ac6c-700f9890d642,Control
0aae92fc-6371-4534-baef-f3a2481ccae3,Control
43da0d54-4de7-47d5-ab8d-72a51c76e7de,Control
317d4ac6-478b-4c9d-8cc3-71b9704150e5,Control
71014452-05af-4bcc-b628-999dfc1dce4b,Control
71aa4c30-fc47-4018-b457-1e1576fcf454,Control
9221d802-1513-494b-a307-210fd610dcec,Control
e9eabe28-710d-4d41-882a-778fbba612d6,Control
ad6305dd-9483-4191-b4c5-81052a104ad6,Control
f520c415-0bb2-43ae-bc74-20738b518bc5,Control
32946e39-9b20-4e1e-acd4-ec767c954750,Control
e9da4574-7fd9-4141-86b3-8c8b5de84c28,Control
13123615-a58a-4478-857d-64239ceeff59,Control
0fe993c3-34ac-491d-9c17-0bea1b9d366c,Control
9c76c116-40fd-4085-809f-dab329cbecb2,Control
4fe16c06-8ea9-4f26-862a-4bfa33a78c58,Control
c63a5aff-93fb-4538-8d23-21a4cac82939,Control
49dc26c3-e386-4365-846d-0b021bcbbadc,Control
5d38839c-f660-41a1-b869-92b93b8fae6a,Control
754652b2-c6b4-4b0f-ac1c-6ac8ac3fd534,Control
066dc11b-5687-4d44-920e-5eeab5e6755d,Control
8748aad6-8ea1-4490-8b98-9bd40e4ecf58,Control
297efccc-2894-4a9f-b293-07755ef71090,Control
2161bd5e-fbcd-4405-aec8-18a0dadf80d3,Control
a6def877-088e-44f2-b7d3-8b0d46aad8fd,Control
124e6e1e-82b3-4ed2-8dbf-6350466e2d0d,Control
6aa5e448-7217-43e4-a3a7-601e06e58ee9,Control
f8fb568e-c960-4c4e-9121-bf16dc4194ab,Control
433c382c-9b3e-42a2-bea8-c50ef5d41717,Control
6c1cbb6b-9c48-43fd-9496-467c8eca5c69,Control
00a7ac22-e450-44ab-a70d-810d393e5bd7,Control
cecd53b2-6235-4da0-9fe0-7d600c7990e3,Control
d65b5633-2398-41e3-bfb5-f75348fd9def,Control
6144ed5a-c564-4455-8cde-86dd0de644ac,Control
85f9dc57-d303-4e44-b4f6-be4a2557d4a1,Control
548df53c-798a-4bae-b66d-83bd818644e0,Control
e7a6120b-e539-44e6-9a41-ad3514dbf984,Control
2c2c3428-baae-4745-9ecb-b2af87ab818f,Control
f33e2b66-f9ef-47fd-9195-1126ea88a525,Control
765251c8-4460-43db-8130-23d9d6502631,Control
fdde81cc-3135-45ac-be4e-16cdfb28d124,Control
6acdc0f1-a8a7-498a-b90e-b25e8833d7a4,Control
7428a91b-2689-4fa7-ac53-baab242d57eb,Control
443020a9-3ba3-4377-afe2-914fad62d286,Control
9ad3b9dc-62c4-4a10-a0f9-7d930bc575eb,Control
f300c5ad-ad19-464a-b2b3-b574012f91f0,Control
ff7200ca-a53c-441e-adb5-00c1b84be607,Control
82bb6490-cf78-4cff-977a-f1a4bd3950b6,Control
32b0a083-0eba-41e1-878e-6aa730ffa1f2,Control
21322f6f-ab1a-4e82-b61e-9a5e1b7b9cc1,Control
4b30908c-a456-465d-93f1-ec3a7d4c22b1,Control
f660df96-7c63-4552-8b2f-0ff16f65539c,Control
6d3ffb1e-21f0-4030-96b4-f0de44870e09,Control
3557ec72-545a-4419-88d6-73e347d6ae63,Control
5b0dbe95-a906-4a87-b520-b23d3f75d32c,Control
9cce46ec-7e09-484a-aafa-cd8f253dd6f1,Control
54dca5cb-3146-4b3f-b476-a30e0a952810,Control
94d8b01a-afd1-45fe-90bb-6ba934b7bb94,Control
4c132bd4-fdef-4e88-988b-69ef16bc446e,Control
92b9e634-fa8c-47aa-92b8-b37f51196a4a,Control
370b5c15-3d92-41c3-87a8-508b2f2d5c29,Control
b7f631c5-2a68-40dc-8081-c2f5acc72f70,Control
3097c4a0-980f-462f-9f5a-0699cb71ae08,Control
eb721eff-2de9-4a5e-8bf7-cee6bf1ed9fb,Control
1afa9cbe-4328-4392-9e14-ff1b59009cc0,Control
72c7a0f8-1edc-4099-8f1a-fab40ae1416e,Control
9bf4d100-4469-4aba-9864-e7f0b55e4d8f,Control
e8125cb8-26b1-4820-a34a-16604bf4c8ed,Control
f8a5f6fd-45c5-4715-b4a6-ac982b8e5cf1,Control
c1cf7fd8-3f42-40e2-be30-76ac7bc2438a,Control
8be1f1e1-d735-42f1-8510-69b5a9d2073a,Control
7b04e8db-51c6-4dcc-a887-0a6ed74e1a49,Control
5db6a1e2-8f6b-4acf-9c85-6571c8b8d56b,Control
2f553607-27b3-4553-8e5c-9f0b090d492e,Control
5ba289c7-fc7a-413d-a015-1e93bceb9b89,Control
eface540-dc00-4a6e-ad8b-cf1004cc32da,Control
a1592fae-810a-450e-a8e6-6a683892581a,Control
1495c3aa-00bc-4275-9328-19b6c67fda2d,Control
ddd8f998-19f6-4d9e-babe-0d7c1dd2215e,Control
b62ea5ee-f222-40dc-821a-5b8eecc0b1a1,Control
c8130d9f-8256-4101-8b07-d831e7db15f0,Control
70ae58df-69d0-475e-af38-908545ec048e,Control
ccf7c21f-dbcf-4d3c-ab50-f167ec1ccf9c,Control
84b48007-b326-4ab9-9cf8-1ca7f7f76c14,Control
bc21cdb7-8b4c-4cf1-94ea-cd5aa62a3e16,Control
f75c679d-535c-448c-a05e-b4cdf6a96cee,Control
ae177556-3e09-440d-8235-926a7b3b2acd,Control
2f4ca940-7a49-4078-ab92-46115ddfab5f,Control
414a9d99-dceb-493c-936b-c8124a9bcedd,Control
a254ffda-e365-4b60-bf0d-6cbd2da8692c,Control
fab6d407-7a47-4caf-9533-da7dd0c7fc1a,Control
0895d0ec-1d2c-43d9-a0f1-174fa4d573ab,Control
5763fdd7-3213-43c4-b9de-f77cde1142ba,Control
fe5df188-e0c4-4c67-a043-6407011d8fda,Control
cef7c3fe-1cce-4b00-99bf-0141ad3341fa,Control
b8545253-ba5b-4a49-a475-73ed240e8342,Control
4b20ac94-eac4-4367-bd70-29623e747393,Control
5baf26af-8b77-4cfc-b38b-c188ec68ff1f,Control
c803a71a-33a0-471b-a676-04f746263647,Control
dec00e29-b0e3-45c4-8d60-398744733e9c,Control
1f01e3f8-8e21-4b6d-b691-028d603a7a90,Control
25116ada-83dd-41ca-8bbe-648464f9b5dd,Control
1973d296-a409-476d-a37c-9e9d63fcb290,Control
904700e4-67e1-4370-a80b-941908e07f9b,Control
7c0b90f7-aadb-48c9-9825-5fc13a44373e,Control
2bd09540-e257-4e95-aab0-923f4762fb7d,Control
25528d97-6e29-44d3-8930-4691c9b60b29,Control
971ab3b8-9e51-46c8-90bc-e5c83eb5afef,Control
d81c4c4e-e557-460b-b2d8-b8ed3719697b,Control
624dad5e-916d-4d1a-9a78-cef5aaa3a445,Control
03aad347-f755-4b8e-89ab-e03950358313,Control
0d9a695a-147d-4430-b9ad-b1e8bda0df6b,Control
167f7ed8-3aca-4aa2-9027-1f426a27c021,Control
d67b6070-1e5a-4246-b90e-6b6fae9e6267,Control
b636fa84-6ff1-4770-b527-fc008302649c,Control
1832c58e-8fd0-462a-ba88-bebd6982e8d0,Control
78f14d6e-9770-4aee-86da-51038a1fd4a2,Control
a2680a81-f37a-4c54-9e49-56ec441efba2,Control
3263b488-fdd0-480a-9a2d-53f231ecaeea,Control
bab0be24-881e-40e5-b088-479d4e6ada0b,Control
2b05a7b9-cca8-48c9-8aea-934eae175cf9,Control
f7e6effd-8842-4712-a25a-46cdc8c4bca7,Control
5478b48b-6603-4c5d-93bc-f9ea5a0f5ca4,Control
28602a92-18ca-49dc-ab80-eacbbe5fe13a,Control
7c00be7b-f048-45ca-8a82-78f3cec0ecb0,Control
1b02e6d3-542c-4b60-b42d-d08a20849422,Control
ba58a99b-c7cf-404b-9234-ada79b47ef37,Control
9010ce7a-aa1f-47a9-9766-dbb4e4f122af,Control
20ac8c4b-12f7-4741-9398-4b50c85190ab,Control
0e508f54-888c-4253-aa51-ed6e7eb668e0,Control
9a62cd96-bded-4d44-b387-eed97c626a5a,Control
10140aab-060a-4f7a-9b27-9721861b7cda,Control
302f8122-f858-44f6-ade7-7a6f667bf047,Control
de4f2db4-bb90-4ded-b5fa-eec3dbc2d323,Control
f10666c3-f98e-43fc-988d-4e307408f736,Control
9945fa79-4de1-41dd-a6c6-924d9dd99549,Control
4a0186d5-3e39-4f3c-a789-6fc0621c702d,Control
a161766b-a261-4fbe-8c4a-1a88760b8849,Control
5368ef3d-6e7c-4005-a9f1-9f35c814cca5,Control
d2ff0ea6-dd74-4d7f-88ed-436293eb9bf0,Control
684daefc-6c14-4157-8922-81bf15fc2d4a,Control
11efc58a-3679-4925-ac83-24fafeb35c8a,Control
bf83c1c2-a364-4763-8ed6-ee4df89f8405,Control
dbaf5f40-081d-4ef9-b243-6d34d89934be,Control
bc66f383-06c0-429e-b34e-982de6b34f6d,Control
9b7efca2-e9d0-4fc9-ad0e-a40d29910a47,Control
ed27e9cf-efb5-4e3e-bfe9-106176527a01,Control
95cfac98-5a25-4eed-a54d-cb884b5e85c1,Control
25194aa2-18ef-44c6-ae94-42857a34ed9a,Control
5e6314d0-8319-4be5-b440-3f0c7836e9ee,Control
1de249f2-b769-43b6-85b7-822a75138685,Control
eecc821c-e582-494c-adea-adeea5204096,Control
6ff8bc64-d646-4dd0-abfc-dd575b7d2f4f,Control
2bf6ed21-d0e3-4ae0-9d22-a2eacd8c6f74,Control
b90be04f-8138-4f56-b45f-61ef42930ea3,Control
468bdd2b-4745-41a2-bf97-663f30a116e3,Control
81270412-c981-42a6-ba62-afdd2f1bfa10,Control
dd7920d5-85ad-41c6-88e8-d10ee4286c07,Control
6c16eb28-5d8b-44f9-97a6-dff99b0934ac,Control
69f4efc6-ad61-4685-ac1f-09487ca04683,Control
8ab4e4fc-efeb-461d-b7e4-25487b814480,Control
d01f6fe6-8bbc-491a-908c-113dd49ab4c8,Control
2e0967d0-762c-4148-bea9-e44885ab833e,Control
c5f80e39-d48c-4486-8256-ba96865f3de5,Control
e7256f88-66ba-4fb6-bab0-ea4aaac38dd1,Control
757e9594-077f-4803-b3b3-a9ff12a7969f,Control
4c1a1e20-a733-421c-8a3b-33afa9d21311,Control
3f8d0e7a-9fbd-4918-a64a-2ed2865852af,Control
16f6d135-c6a1-4c90-977b-2d060815938f,Control
7cab219e-eddd-4ff6-9caf-e6ab7050c678,Control
2e296f14-95c8-4a5b-a2b2-5ec75a3af63a,Control
e189fa83-bbd7-498b-9010-1c3ffc1e2754,Control
908a3c38-7929-4922-bd97-3fc4eb8beb24,Control
bc80716b-217c-4618-a44f-5bd0c7a16e76,Control
0352e37d-913a-448c-946b-5d2390220ba0,Control
2d1698be-049c-4624-80ca-bb1c283597b9,Control
dfce962b-55e9-49ce-969a-b90c84c20bd9,Control
3d4ef377-dfa7-440d-a95a-8733306bf0d4,Control
457b3652-a6b4-4835-80b6-a7ffeda376e0,Control
ef6271cd-dde3-4ad5-a108-9d67b1e37ffb,Control
9b4b3208-129b-4cab-ad34-c7378541f77a,Control
b02281e4-0078-4700-a6f4-b0404d8bfd89,Control
0101487c-1f29-4e31-8014-3421a9d36eb9,Control
c03764c4-f8de-4d32-b487-c339febfc9fa,Control
d2012259-9159-485f-acea-4dbf5cf965b8,Control
466087ca-ba8e-4a57-838a-9d836739a0c0,Control
4c5baaf0-f421-46ca-9b93-61410e3eb92a,Control
b9efb206-f11b-4263-99a7-85c2a8cbdf7b,Control
59da86be-e4e8-44cb-9c36-70298983e619,Control
1ae9fb5b-a684-4076-81de-3266e7c1e247,Control
bbb2398e-d8d3-46dd-891c-6a66a972cfef,Control
89c0c8e9-2332-47ab-ae1d-8f39478d54b9,Control
77d00b1c-5896-4997-b4ef-2746e2b63c8a,Control
4321ce90-95d5-4fa0-b1f0-0da1255442ba,Control
cd128951-f91e-4b4f-8873-fa76568607bb,Control
ce51172f-9006-48d1-9289-d5674ae9a134,Control
3bd4d93d-a66a-47d5-a948-20a8eda7488b,Control
a77f6ed9-f7c5-4c7e-8c26-bbb123cb02b2,Control
5286a9e2-3ecf-4c3c-834f-9df7ddc7b7ae,Control
48f4f29d-c454-4ee1-b1ec-289ec419ec16,Control
f54f7656-cede-4b04-9243-1579682b937e,Control
98e89a3e-599d-4328-8cf4-d0e4c3270788,Control
eadb080c-bdc5-4f40-a862-78e82a69fd9b,Control
3caa1f26-c55c-445f-8477-ac28865de166,Control
fbf5520b-5a66-438c-b081-3d67dd7f7c8a,Control
139867f6-f98a-47ed-aead-7e16437aba0c,Control
986c4128-fbbe-489d-8d77-42ea2d803aec,Control
cbdac930-e7b4-4951-8a9e-5552213e3ed3,Control
b102c34c-f90d-49b7-8bb0-d2661f1e202e,Control
38327d8c-1d04-4e72-a6f3-f5dd033fe542,Control
1fa4e0e8-4d29-41a3-99d9-79149cc7b70f,Control
a09db9c8-71c5-4124-b559-8a8d51dbf574,Control
fe78ae9d-5623-4c60-b5e8-15c0dd6ce3bc,Control
47daedd7-617e-4e72-9dd9-9c40a2eb5889,Control
203f573b-51c0-434c-8cc6-6c2089be9e13,Control
9950f845-7633-4048-9fa9-7cde835156a7,Control
428f1770-8f9a-4484-b9a7-a7677e9de8f4,Control
25efc0cf-dd3d-4531-a458-30d18d25a0c5,Control
bcad1fb9-b417-4367-9e89-ee593de5b133,Control
0804d97a-b400-41f6-a6dd-1ecc447f2c1a,Control
2d494459-9050-4e77-8d17-f740a887468c,Control
cafd2f21-e8a3-4264-af00-ae0130bc3e56,Control
6ba745eb-ea28-45f6-9d4c-9816dc775070,Control
6ed4cf0f-1bcf-4f79-8377-70faf67dbef3,Control
76f9a500-6581-468e-a6ec-314c93cb6cbe,Control
99172e6b-52a8-46b4-bebe-6f4f6ff6838e,Control
02eda880-2624-4f68-8bdd-77e87d11844a,Control
c2678149-a265-45d6-ae8c-df1000e513b9,Control
fa25fe2e-6dea-4f34-a43c-0d961b579957,Control
796b6fcc-ada3-4e3d-88c1-f55cc666ab4a,Control
58337733-fdca-4d93-9953-3fb4966cc326,Control
2b6ff9ea-3ec3-4562-93f9-580849b2d799,Control
1e777783-ac14-49af-b66f-934277b90c0a,Control
24a5f720-a5df-47a4-bc8a-186b0769f046,Control
00e2078d-9cab-4592-bcc7-6c07d1f693ad,Control
83ebff54-35f2-4c97-9976-4f36544c18f2,Control
f03de5a7-c655-46fc-889c-4853655f0289,Control
38f613e6-a919-4668-9ddc-d6a1957ce714,Control
380d36a6-c590-4b96-808d-78a9b2371180,Control
81b35e74-6f8d-4b20-b555-e4085837f38a,Control
55fa4ac8-23b6-44b8-ac8a-86e1802082f0,Control
7814c08e-26b0-4ba4-9faa-ef525c5a2d6a,Control
17b536f3-9e57-4a0e-b674-ae3391c81d08,Control
052ec7b8-7d92-4984-a6c2-eb4a3f2cd5a8,Control
97a0af8a-89f4-4ef5-9652-e682cb801967,Control
1d177e50-1837-4af0-b3c9-f3afb19aa7d9,Control
2bb98756-277b-4e8b-8697-ad3f78d2c24b,Control
6b06091b-e251-4c67-99e6-24fcb6294541,Control
696e8147-a3ce-43c3-8733-62e127349648,Control
e6406055-b183-4b88-9043-19632c355e8f,Control
68eb05a1-2c1e-4273-a2e9-a10ef24b13cc,Control
44be385d-3b77-42ff-ade0-74f03f271b3a,Control
1701e145-e88c-4be4-aba9-8a71e65fd4f8,Control
fc686e48-99e5-44e1-8379-f0ca77ae550a,Control
e0da9b45-f1e4-4136-8022-8e817ac16efe,Control
e5c9009e-7ef8-4c73-a048-44ab79be43b2,Control
777dad23-8e29-41ad-aa03-42b84e3f09e2,Control
8ad52202-c53d-4b97-bdbc-47f9b7aefb92,Control
3ef8219f-b9e6-4feb-94d2-2a817447eaff,Control
65d65d64-95d7-4901-a5aa-591f8ee1cdab,Control
0e33056d-9988-4a6c-8350-fd716cda2fdb,Control
c6386f52-766f-4a25-a3fc-bd2a758806b5,Control
8055cf9e-948d-47e2-ad19-b03b41d3a030,Control
fa3ef313-d24f-4432-9caf-24895a7849be,Control
950e31cb-7421-46f7-a781-06fda7583747,Control
0fcff0af-2c59-4d7d-95e4-f068b7c94cbe,Control
3e2d549d-67d4-4a50-a823-c505dad856e8,Control
8eb9158f-65bc-494a-9ef3-b5063cfc28e0,Control
98f277f9-39a6-411a-b53d-cc8758df5767,Control
231acb94-2296-4853-baff-20dc4aacbc7f,Control
8f5c73e7-c86b-494e-8258-c809fd5f882f,Control
3d78250e-2fe4-4f53-8c23-a0817afdc7ff,Control
1656e767-bee1-44aa-8485-d0ec805cd4ba,Control
37ea7de2-0fd9-4400-a2d5-edb9c7b27421,Control
0a67c067-58ac-4002-9b56-1ffac690caf3,Control
e00c569b-be19-42d9-a1c9-991526744a02,Control
90b2b35e-82f1-42e8-b3b8-3cf1f53aca15,Control
fc6be077-41dd-4990-9ac0-dd31844a42a9,Control
94b5c554-cc29-4ddc-bf7e-74f62c5342e5,Control
14dc3c43-09a3-428e-9136-2a0daea7db3a,Control
624e6922-86ae-49ef-b401-65e222e5efcd,Control
0db5850c-d6cb-4150-a83b-107fcf021fff,Control
9939708d-526d-449d-b573-9952468d3bb1,Control
b3ce0083-51ca-46bd-a77d-608ee74a1330,Control
13efa587-1011-4bd2-aec3-1d50b8c3689e,Control
6c7d5a85-5a9e-4df6-b803-2448c7d28202,Control
5bc70045-a0c9-43a9-85a2-aed229e7f655,Control
5b3c1bc2-4cc6-431b-80be-2147d2b48ae3,Control
c1b75189-43f5-4afd-ba9d-1988088bf810,Control
2786362b-3410-4185-a00a-e0030a1e849b,Control
868cf575-9e60-48ed-b278-fa8816ff51a6,Control
f7701619-e339-4d16-8b1f-ec35c4bf252b,Control
4b6b89fb-5e8a-4bc9-98e6-1f7dcec26382,Control
c68899e2-02e2-4f7d-b199-354a988b3389,Control
d8957b4c-c6b2-464d-b5c1-3461929a8ec6,Control
96c30b6e-f0db-47a8-a880-8123fa44cf06,Control
1cb2c7e3-d93d-447f-b3ae-18a6b61460c1,Control
f6034280-d5cd-43bb-a2b1-7ce45fa57623,Control
b67a1a64-ac24-4810-bb35-e493b12312c3,Control
323c7316-5662-4574-8116-5eceb1f9be0b,Control
28b0850e-40ac-4d0a-813b-00c2ae387ed6,Control
07a5d28c-d743-4b46-851a-fa697d17fbb2,Control
a411f758-2640-41cf-9ef1-f07f3fffcd36,Control
44eaa617-9f5b-4359-a96e-d6173c778f9e,Control
8a7d317d-a6ec-46dd-a48c-66e0640e81f6,Control
386696ae-8bd0-4eaa-a6ea-fd3ee401c2be,Control
62f2f54a-7af5-42d7-80cc-c2adeea99f2e,Control
01937811-72ce-4924-8dfc-2cdc06852d10,Control
5390a97e-6249-4e5e-ab98-1f02ca8b25ff,Control
640a66e4-fb31-4161-b552-9b4f76f23eca,Control
b11ff91c-a312-49b8-bf81-dbb58515d5e3,Control
ee0fed19-fbfa-4ab6-b0c4-bbd07ff68e35,Control
4e0c73a2-dd5a-490b-a1ea-a184f0af2642,Control
dd35a5ca-e4a1-4f25-9aca-7cb65de151b7,Control
57a4975d-9f70-49eb-bb65-38263c99af76,Control
2647df00-320f-4775-8cc9-c5d7da4d7990,Control
c840b6ce-ab0e-49d7-b77a-19d0182daa71,Control
0fb235b5-6cfb-458c-84ae-559121fc1773,Control
4fe1b1c4-ceb8-4908-a183-1b16f062619d,Control
2534e0a2-a419-40fa-b237-b7e34a7dabbd,Control
cbe6f4e2-b2c2-498e-ba9b-bff7d8861025,Control
be78fab8-8e64-4468-8083-49d2284c563c,Control
bfe08926-fa47-4884-a10d-5059e90b1d07,Control
6814a850-381f-40c2-aa1d-18460716093f,Control
a5ce3c9f-6bb3-4741-ad64-94588fa3fb2f,Control
7f6fcda5-d78c-4dd6-b133-82cb3b2b8478,Control
54039f46-e2b9-4bac-8062-ea5aaf3ec42e,Control
e1d90181-a791-4a6c-a709-f6ac922aa4cd,Control
f214aac3-6f2d-4e9b-a302-a0b7bcca52b4,Control
a50c8b90-df59-480a-9bbf-178580061a10,Control
c01a7dfc-2f9f-4314-a81e-bb01dc82367d,Control
a8dfaf63-0a76-45a7-a6a2-86b42009bfb0,Control
93eb497f-aacc-4e30-9e71-f516c5691ec2,Control
1e41887c-1d27-4a77-bf47-8fd64a5a0089,Control
b264d79b-3e61-47b6-b097-46d0ffb4e604,Control
f4d7f495-c2c3-4e8f-a394-81a40a43fecb,Control
06e09b16-01fa-4a9b-ba5d-dd713c6fe136,Control
9f75ba71-647f-4568-8654-13f81c5c7211,Control
c0ec1c36-5611-4e48-8b29-7a13dcaa5725,Control
bde3f216-42e6-48eb-bd54-b696576e6923,Control
ca9959be-c538-4db0-94f4-0e01e8d4d3e9,Control
478effb5-4f52-401c-9a10-c086ef521360,Control
1a9cbde1-fb37-498f-a543-0cdebc5149c6,Control
31edeff9-f242-448f-af1e-f6a062134030,Control
5e7e8b7c-9f6c-4002-b060-bcff52e8071b,Control
ed391e70-7cc1-4c57-8d14-6a561e626d7f,Control
eafc756b-7440-4770-a8a5-e7e0087d9a35,Control
960028da-0bb8-4913-a8f6-febd1f918596,Control
163b9155-9498-43b6-909a-57dbeb4770cf,Control
cef10546-84d4-4ff4-af25-fce791cf9ab6,Control
54109a54-f308-413d-8af3-147e07e7b4e5,Control
5e6df6b7-a8cb-41be-b5f0-acc8abc44b56,Control
51fb1aa4-bc48-419d-9f08-2ecc17837570,Control
6b88af46-f250-486e-8f24-9bd2122c9f4a,Control
71b321b5-28d4-443b-b529-54c64d05d1e9,Control
5c7f8f2f-d210-4698-9033-378473cc91b2,Control
69ff62b4-ae37-43ad-a2a2-16ebb29064ee,Control
6675a072-7eb8-4b6d-8b2e-aaf6b656d815,Control
b9563093-64fa-4f19-b786-0c5211711546,Control
be68a27e-1c9b-46e4-b906-2212f5446412,Control
67d2a2f3-13da-4d36-8cd7-52418a393bb2,Control
7b331fd8-7ae5-466c-bca9-09313fe95103,Control
57f4afd0-47bc-4c4b-8696-8447ca306fc2,Control
f6942c81-57d9-41cc-a6bc-09f2d8a53a8b,Control
2aa58dfb-aa26-4c1c-89e1-e49e9c5dfb6f,Control
4e5b6253-e02e-488d-a4cb-2f67c72eefb2,Control
40461639-6bf8-444e-a4cc-95a630556c43,Control
bfcf6468-0e52-46ee-a8ea-9e383ff9ff1c,Control
81832a46-33d8-473d-9d7c-5badc713f31c,Control
6cf691f0-3626-4fb3-b58a-b09daa3d70a6,Control
cf7938f5-6b97-4dc4-8079-ed9a998dd235,Control
933fe2eb-246f-4263-8b8b-47fdf0991e7a,Control
26cdb16a-6be8-478f-afb7-864616345d64,Control
78444fb6-9b03-4aa0-846f-d84adc9889e1,Control
dde15fa6-a954-452c-a062-0b216a23d7b3,Control
a0f09afa-e2a5-4622-8d4b-232bee4daa9a,Control
1f3b6e0c-9e71-4084-83f1-1869cde70261,Control
ae8935ab-1e1c-4a2e-a88e-0f1b803cb70f,Control
459bcfce-66ee-407a-8fb5-1978649eccb0,Control
c9b0c989-1342-449e-86f2-debe4de8a206,Control
19e326c4-8f0f-46b8-a458-71af8e6f2e19,Control
c5e3ae8e-addd-4afd-ac36-a2b4821c5f31,Control
11cbcb1f-7435-40c7-910f-579915e3ea89,Control
d9b50a07-b46f-40ed-8cfe-8b347708b50f,Control
b77ae6fe-9bc2-4b7e-8687-2d7a69532516,Control
aac79190-1f71-4a69-bb08-ccb7b8d9a616,Control
5eb53319-924f-491b-9f6f-eb1c878f1285,Control
d04b6d1b-e336-4533-ac4a-04ae418302ad,Control
a7993c2b-8ef1-432e-9bfe-796b8b573f74,Control
205af89d-9ddf-401b-8745-a9e0abab74e3,Control
e177862c-b683-4fca-ba3c-62e532816de1,Control
865f5402-b9e2-444f-b578-9d38cc21b5d2,Control
07448549-1bff-4b74-9de8-603afaff38f1,Control
3e610cd5-b3ff-42c4-9fea-c3d821d0f573,Control
987142be-6565-4398-833a-47dbb99fc190,Control
12993dfb-ed83-4ddb-afc3-5cdb5c2c736e,Control
1e4df485-05cc-4724-b1b8-2fb020bbb098,Control
dd0e8e39-216d-403c-a118-0e552dee7192,Control
7bc10d2a-a64b-4a87-8bf0-d9bb9c419bff,Control
4f69750a-715a-4f14-ab71-3fcf6fd6dba5,Control
70c8924b-a72b-4766-9ba2-d21fb0565807,Control
2cc16e96-8375-402f-8aeb-cf6503bcc9bd,Control
50baa212-9f1d-4f13-b6f0-37680bbc3cfb,Control
ffb2763d-b4e5-4c73-b545-7649ce479762,Control
6bbeff86-48ad-459d-a656-e78140ce595c,Control
79401eb4-83bc-44e9-af76-de6ec7efc19a,Control
a3d3b2e3-4e3b-4732-b7f6-9a94c71cf7be,Control
bff29881-3993-4ab6-9e63-9b24a4fc29a4,Control
639f63ae-7167-419e-a8dc-3529b1b8cf67,Control
dbcacfc6-b748-4add-abc1-b5c74f184812,Control
1bf0ec98-26d4-411f-94e1-651d86933e32,Control
b4c720ff-725a-4ffb-a5ab-037435f8a961,Control
98ec8d9c-b298-4497-815e-0d2ff0c16735,Control
7720db51-0413-4bf2-9cd6-a84ccd42883d,Control
513aa330-392b-404f-989f-7ca07968da07,Control
eb700541-2644-411b-8c31-b13e60bfe93d,Control
b3efd161-c5c3-429e-9873-15777ba81a5d,Control
3ed81160-e4c5-4ffe-beb3-5a63c95751f3,Control
a7e9d1a6-99c0-4e3c-af58-180fdfb06eaf,Control
c7f5da49-d1d5-414f-9af7-f443b59ee611,Control
6aeb724f-85fd-4d38-b3ef-1e753bce5623,Control
c2082432-7451-47c4-b1bc-f5c47fa9cc97,Control
9ede8897-6499-4b50-b699-0e06fc4fc052,Control
80f80934-1841-4145-9ccb-11ebf3e7f02b,Control
1d8b8fcc-00e3-4b8b-ae79-56b977910985,Control
a8785d8f-dba8-4029-b023-4feb5d01ef48,Control
b5ee9874-b69e-4378-9905-7a6d4c490517,Control
34ca4582-164e-40db-8ab0-86cc9be6c8cf,Control
719c893b-fdb1-460b-a9aa-f6d27d60d517,Control
e901dfbf-d0f3-4a99-9ce2-07ccfb2ba410,Control
5cbdc303-3ec6-43ee-83fd-eac07f1b8eeb,Control
fb84b7dc-8215-49f0-a754-6459ffd0c641,Control
1c7f9326-2f41-422a-9c3d-602f6554e951,Control
71505d74-37f1-4917-bbc4-5b14b4efdca0,Control
d2873c6d-fa52-45e9-bff8-94f25c509c70,Control
e6c8cc9d-fd60-4788-8d6e-81106dc6eefe,Control
a3d96563-40aa-4120-bd68-93c2f0b55f94,Control
e9553883-9bdc-450a-9bd1-f170905e33f5,Control
4a2dd644-d15c-46e5-a0b5-350e55f70887,Control
373f2426-b205-46db-8583-a2ee5afb3594,Control
653582fd-8a1c-48f2-85e7-1a66db0322b7,Control
46fd51a1-4a87-4827-8aec-e2ba2bd18016,Control
348748ab-f719-419c-b491-653ef3994656,Control
8f8abef0-d3bb-48b7-8a3b-cc87407f981c,Control
f2096164-48d7-4b09-bf2a-8fa26167aa0d,Control
5c36d835-c9cc-4516-9864-703b4a7262bc,Control
5bcbfcd2-7bbf-4a91-a044-a2e5b9fbaa46,Control
a6344508-0159-42d9-b80b-4c565584b1a8,Control
601c3ace-3a4f-473a-9563-0e55a2ef68d1,Control
3eaff595-b0b7-401c-84b1-8ae2908660af,Control
12e353e9-2d42-48db-816b-7ceefb77488f,Control
0da7179f-5213-4263-b36b-bcda9e5132cb,Control
ddf6bf87-ae6e-405d-a57d-0554cd2ee89e,Control
39933ec5-8207-4538-9edd-3577d8189a28,Control
4d71ab5f-996f-4516-b54d-66d62ea47ebb,Control
ff244b36-bc90-4c48-9dd0-1f22739d5ae7,Control
1ed83a69-909a-4ac9-97c9-86c223893c21,Control
4cdb8030-7dee-4213-aa31-c6890175e660,Control
04593ee6-9e8a-478e-b1ea-9bd6b61f8f32,Control
f51f9f49-0f39-439d-94e4-03b09d19ee1f,Control
3edd3347-9572-4260-9f1b-4ebc0f245638,Control
49a5eeb9-0724-43d1-b412-8b7fe55a5f44,Control
534f84e7-9786-4993-91c9-71299c12babf,Control
4dcae9dc-1f34-4924-bfcc-81657c9c35f1,Control
82b60a67-727d-419c-8eda-4e2a60d4ae95,Control
b482fc3b-99cc-4f25-85fa-6fc69c5a8cc9,Control
66865bd3-bf08-40d6-b335-a25c55e56fcc,Control
66cef5af-87fa-4d1f-ba69-62a2074c05f7,Control
6662764f-0d9a-4431-bed2-382b3e413527,Control
b6c0e055-3358-48fb-aa0a-51f9a621cdf8,Control
17fb00b0-a71b-4e70-ba5f-6c7057ea580d,Control
979dc974-20e2-4c1e-ba29-5d7d4303c29d,Control
df1f908c-e27c-48ed-a785-3b683c7e7e35,Control
2e4da518-c619-423a-a229-be87da3c2042,Control
00371a09-d4fb-4475-8b93-628119c38cfc,Control
385ff5e9-312e-43b3-9a95-c1bd3984cd8d,Control
ff6bc8a5-c2e2-4849-bdee-f0a2894a2a95,Control
fe03b22a-5179-41c8-b8c1-b4e7d3d3d991,Control
ed78eb53-2f97-4658-b5b8-33e86695ae74,Control
e153c1bc-1e0f-47b3-beef-dc5b2cd0037c,Control
85a5d290-a8c5-491c-9cdc-220be4c67fd8,Control
8e0d55cb-4725-4994-aead-cfe634dce2ad,Control
d6431df0-6f2a-4bde-b09c-523202476fa5,Control
846e617c-9a19-44bd-81b1-79bb52886386,Control
181661f7-8acf-404f-95e7-723cfcf2250e,Control
84d4f314-204e-465c-9f99-806c57107c99,Control
492c2fe0-d300-4799-a700-45ea8adec5bb,Control
9558876c-5642-4fbe-a244-14c7b619e338,Control
ad873641-d4ff-43bb-850f-7c0335bac820,Control
0954fe3c-9cf8-4a2f-b439-eb87d0c27f3c,Control
8dae3b59-c97c-4ac6-a533-af92421e93bf,Control
8090ce83-806b-4322-8237-2eebc36dfd36,Control
637249f8-3129-4010-8aaf-2f96b2477141,Control
3eacc600-9981-41b6-8e1c-388bc2297cc3,Control
e7ab8d85-d271-435e-8576-e4ad495f2284,Control
3416db0a-9eec-471c-84cb-45c991623e16,Control
43cde651-822a-4309-98bf-21de272be799,Control
6b7dc939-5e78-44b7-9207-273fbac57cf1,Control
ee7886da-0b19-4acf-8043-4d7d351b1b9e,Control
58845d0c-1ed1-4be4-869b-bf2e713777e2,Control
6d42b97b-eba5-49fb-8c1d-1a45363ad71f,Control
ea57ff1f-84f9-4144-b0a0-34f0077cc38d,Control
360b5665-bb2f-41ea-9761-d3126b6386c1,Control
fecb165d-ad4f-4f9d-b3ac-2a90a590f810,Control
2ba6e5dc-422f-4b72-b2eb-fab38ecc70b1,Control
652ca5b6-89dd-4d6a-9f37-eeb3479a1e89,Control
2de089ac-b4b5-42ce-a919-0ebc78b1bd44,Control
d615a2bc-5c0f-4dc4-ae5c-7c176d2b6c61,Control
b0aa5699-065b-4850-acfe-8dd5d54447a5,Control
36e3e9ad-5587-408e-9831-fd4e60d4f446,Control
b45a7580-d0b6-4815-bfce-e9fd426cc05b,Control
b0ef3b35-2988-4035-8650-076bdec20e4a,Control
668d4a66-1653-481b-919d-9993e28382f9,Control
df82fd8e-a9c9-4748-af76-f558c7c2e47c,Control
aba75c22-6096-4d92-a61f-1490cf387d36,Control
a692a31f-8bdd-4c52-8a21-e59a9d74cdc5,Control
004b9fdf-f9c8-4ba9-bf36-6d5c2ad6f617,Control
584ab71c-f785-4a7a-b5e9-c20215f995e5,Control
e5370b44-b254-4cb6-afcb-877e56eac5fa,Control
57b849e2-1960-4794-bec5-3bea04248c83,Control
5d48e52b-2704-48c1-b905-0cb3ebc8f08b,Control
ac9dd088-cfbd-4e02-8dce-5f82c1b91570,Control
bf95ab30-d711-47fc-9e02-cbec574e79c3,Control
aee8e3bc-dbb2-462b-b6ca-77542e594940,Control
07a8479a-17ac-46b3-946b-00a20aa04b8b,Control
bca76977-b8d5-4c8e-9561-03f13f81c16a,Control
2d7498cb-5423-4202-9c06-8886584b52b5,Control
5c03edff-d2e9-4bf7-bc6a-d5366de255ef,Control
711b7ce5-f82d-437c-b9c3-b9c157169b9b,Control
e1c676af-a450-41f5-a96d-7d5dcf5e694d,Control
867720f3-6624-42b8-b20d-1309218ead13,Control
a30e3350-fb4e-429e-a55e-0ed48dd03ec4,Control
80cc620a-00f3-4bdd-b602-91ff3e7fd59f,Control
8b8ddca9-51ed-4014-b3de-a7eb45e022d0,Control
2905d590-5014-4988-8362-304de3028fdb,Control
6467c400-103f-41fe-864d-b9cd2b32d8ab,Control
45c535c6-c6a1-4bcf-9bdd-7e85a777a874,Control
808efb62-5fcf-41f6-89df-695bbf7b05b7,Control
1653d3a9-79bf-4036-8b00-7d904282e69e,Control
0f305c10-686a-4e4a-af7e-0371bd3bd74a,Control
f14b4567-7299-4e8c-b5b7-44450433583e,Control
306c0267-f478-4d47-b319-50f634fe954f,Control
6f2497ef-ae90-4f2e-a668-a6f0b653a36e,Control
75279669-88e7-4ecb-932a-3236ac45c7ea,Control
f93366bc-5028-452a-b15f-5b1ab0431165,Control
cb1e2318-02a6-4175-b932-e07272af3f09,Control
802ac4bb-291a-407b-8f36-41d3464ef32c,Control
e7276d89-4635-4802-8ec5-4d0c5890de5b,Control
08d98fe4-881a-4d8c-93b5-c00f886787ad,Control
c2c2ef77-4d42-4c3e-801d-6fc92935263d,Control
fcd30973-bf00-4b5b-8479-8a22da5e0050,Control
6ef1ebc7-5562-4720-8f8a-8f54bc3c1152,Control
76e9a921-3b8c-49b9-baf4-5066481a351d,Control
1ddc6066-df77-4509-ac1c-9f02f1a38119,Control
d098bfa0-4bb2-4b6d-bc81-1620fd11952e,Control
b88fe893-783e-4c4e-9907-11990218468b,Control
59d4a8ae-d5f5-499d-8eed-d06e188bda49,Control
18c5989b-c621-4634-983f-1a8be0fd1296,Control
fd85d246-7ec2-456f-ad2a-ae2c24b741ca,Control
d2c50e54-7f54-48b2-ba35-c58cdb08467f,Control
225a9bf0-a781-438c-84f1-fabe4166506d,Control
a6c47820-bdf0-44f7-b18b-c994aee29a11,Control
d21bd78a-a8d8-4e39-8d20-791aba474981,Control
c7fc58e2-f39a-44d4-84ad-148105d0301e,Control
973fc692-57f5-4592-93bb-22fce1eb11c5,Control
29a83652-ded5-4645-8492-670589fbefc5,Control
38453e9e-b66e-4ddd-a9a8-69e0253a2185,Control
aab86ff9-171b-4efa-aed5-7a063641591d,Control
b25404c0-29e0-49c9-a352-8a2c4d55b5b7,Control
faddc0fc-328f-448a-ba22-4593451df6da,Control
874d6fd2-3573-4fa8-93b7-e41db61bcb3d,Control
7603ede4-5c32-4c4f-b35e-8c02c202f292,Control
158886d0-6ffc-49f0-b325-a8bddeb80682,Control
7452a8e8-7ebc-45a1-8db9-ce9bf85b44d0,Control
18fc78c8-b1d8-41a9-9576-5a7fd9bdfe93,Control
ff5a6e6a-c887-4440-b2f5-aa494b768e5e,Control
88becf4c-eb1e-4ea8-be5a-b7bfa7ac2e78,Control
e34960da-7106-44c5-a39e-0be2680b2f94,Control
735d0dfe-9b14-4f75-bfd1-7668e3ef91fd,Control
975c65ad-253f-46f9-9d6c-0c85f0784e40,Control
30512f91-dbeb-4345-b725-740a75712e6a,Control
35bfa9ca-4f73-41ac-90b3-854a535f8cc6,Control
5a42c0dc-cd28-4c93-a585-b479c05891e0,Control
de8b38db-db25-4f1a-bfa2-91b702ebd66d,Control
fcd84012-6105-4f1e-ac8a-bba304d1a044,Control
f562300b-85af-40ec-ae0c-0300afcb9782,Control
6cf2eb82-a3ee-4a20-8059-719a16ddec68,Control
871e8c38-93dd-47c2-be63-bc980a7e8d03,Control
9ab356c5-4a41-432a-857d-22fed4b34b15,Control
207fbc2f-1e3f-417d-b4cf-515c47ab181d,Control
70cba35a-61ad-4c64-88d4-340a1d5eb01e,Control
372030a6-bbbc-415b-aa4f-121c758d9ed8,Control
d61ee594-3cfc-4273-b2c1-898d05b04169,Control
242df29c-397f-4fed-bd11-851c3675fbab,Control
55d9d30e-0d6e-47d5-8947-f7a6fcd5b0e4,Control
9ece1324-ea97-475f-bd1a-0f21a1b33dad,Control
62b29559-1ad0-45e7-8c4a-f062f80fcb84,Control
37d2c571-4176-4f71-b44c-34dd3fa0ace7,Control
8878a50d-6dea-4bcb-ab44-30e009efa358,Control
61fa46b1-06f2-4ad7-8c5e-45cb00f97969,Control
adf56f30-2177-4cea-96af-22e5dfeabb6c,Control
fbcee2ac-9385-4e03-90ab-b111e7b3f546,Control
7fad5867-2978-412a-ab86-df51f80b549c,Control
6e29fe32-9177-4df6-94d5-dca990e4b801,Control
2d189c6e-ece0-492a-b74c-fc4d10a49ed0,Control
63a7ba5e-5220-4f82-b68a-6fd08b5c7fee,Control
3b9dbfb1-71ae-4107-b786-8763782279d3,Control
f8312bb7-e2d4-41f2-a6b4-e2bab5f02c13,Control
19b58460-a8b2-4168-82a7-9b29991c3a3e,Control
0d43a647-1503-41c2-a788-6ea8bf82b729,Control
3a73aa44-2e8a-42cd-b0d9-d0a6bdc5e544,Control
6586a291-5d00-4e17-9dfa-6888f5df597d,Control
e8f6bb9f-bd4f-47e3-8a30-f9a32fd5b2aa,Control
2d3f67f8-f16e-4f26-a91a-d8b2f1d54b17,Control
55a9a4cd-6cb2-414e-b423-8b67db2fff25,Control
b0267a81-4d10-465a-8823-a2900cd30b0c,Control
3c283ef7-fe70-4968-9494-f66bceee52b2,Control
05ffc1a7-12b3-40f1-9d53-9f5a8d62caa0,Control
2a0833c7-e2e5-4542-bdcf-889e33f5ca6d,Control
fd542890-1e14-4c33-a359-d25a266b660c,Control
94623057-6dc9-43f5-bd3d-17e7ac320d25,Control
8340b016-c169-43d5-a1da-3da64ddad114,Control
0b12aeff-e69a-4895-bb99-75d24387c372,Control
9492b5d1-74ab-41be-b05b-b54262e605ee,Control
40543c22-3e32-40af-925c-3812c3bcc5f8,Control
d37b7f10-2a6b-4cae-a35c-b6aa4340e6f5,Control
4d8bf197-309f-4232-8e90-07ccae2c8fd0,Control
ac9ae56d-f223-4c02-a8f3-a9f42d5ed48d,Control
80e414f9-ea65-4ed3-ab17-48cb23efa178,Control
2743b136-a99d-4232-9146-1216929bf158,Control
1a9915db-e5eb-4f4f-b033-757ac7ed5f54,Control
ca5036af-d230-4565-8df1-53cd00e99796,Control
7ad64e41-7e22-4204-9866-eac82c4bd5cd,Control
dd80dd24-1972-4145-bfa5-2a88b298ea6b,Control
dc26e09f-3820-4b92-8ff0-c39a8fac7b2c,Control
38b010b5-bc88-42da-b0b7-6eac949f24d0,Control
fe17ef99-ac90-4b08-a836-22e9f44df051,Control
534f98f0-7ac8-4ec4-be01-bca98d7238e2,Control
1b7a22ff-ecff-4e67-86ae-ccb2717c1fa7,Control
fbc57070-604b-42b4-a8f5-6b5c98bde9e2,Control
91ab1d26-bfa7-4169-af28-35199aba0668,Control
dcdfb7c7-5e67-40cd-b4d7-5e3a60b1d638,Control
0ba99af2-d41c-454d-be1b-8cd1cb066eba,Control
907d05ca-e246-48c9-a6dd-3af0e06a27a9,Control
df089d77-1b1b-4f3a-afe1-4270f0c678cc,Control
29353e36-fc4f-4c4a-bf93-0c4ab0641252,Control
7903d77e-cbf3-4bd6-8d3d-3911926a07a1,Control
8566f7ac-0701-46e8-bd3e-275c2ec21a52,Control
2b1c1ffd-ee77-4893-940d-5c4d7ea328b1,Control
51123a8f-b7ba-4e9a-9ff4-5f09cda38cf7,Control
1bb26d61-7563-4b5a-8113-5a626b7144de,Control
32945986-fc2b-4a38-99f3-4cbd7fb14d02,Control
b31a26ab-935f-45b8-bf24-a244835b603b,Control
7a36b8b2-4545-462b-a1ae-30dc999a3af0,Control
8660016b-75dd-4fd3-b9f9-ea8602c1fd0e,Control
0420cf0f-9686-491b-bf9d-2111e52f81d8,Control
be181061-7312-45ce-b718-e6fb0166627d,Control
2a5ebadf-95f3-4f52-83bf-8cce90f0f878,Control
5d11c662-91e1-4921-bcc7-c69979d79b8b,Control
9ff637f8-52dc-46c6-82de-f526d3cabcca,Control
8ab01502-c548-4ad6-b3d0-be18e315dd76,Control
a2e9336c-e0e3-44ed-a343-2b14b901831f,Control
dea0d2a9-3724-4a94-ae68-ad39126094e0,Control
74e4b1e8-44c3-4b7d-b1ef-1d215af66b9b,Control
91722795-1ffa-4d59-acb3-3732235d52a0,Control
f282ddf0-a48c-47b3-8103-14cd42f41d7b,Control
55ce4a53-6f8d-443f-91fb-14ee3b22596d,Control
647e5f50-45f9-446d-a735-d0784551eeed,Control
39d1f736-bfaa-4db1-9956-6d6f1ebdeaac,Control
6b533702-a28a-4c20-8e28-1874b63a1a91,Control
570f9471-7e7b-4012-ab4c-87692d185a60,Control
99f67573-f9de-4b54-b4c9-049b3acb3e50,Control
524825cb-935d-41cd-a990-26f31ad76171,Control
6324d130-ec71-4e95-839b-de3a9e94a964,Control
803d6224-6694-41e4-a8d2-9c92cc79bdc5,Control
72120aec-0819-4f3e-890f-186ea495a12e,Control
18a2357f-2416-4e33-8229-dc1bfaf1d88f,Control
d802b78e-08b3-40dc-bc2e-023e8d157bb0,Control
e76aa254-7848-45ef-add0-bb9334e30f56,Control
1fe45b2e-2f6c-438a-9320-24ad8c5beda3,Control
74cf5899-d97d-4c2c-a3d9-9ec658f1cda9,Control
79e96461-9577-4271-8f80-cddee46d7057,Control
c38a5e45-0ac1-4eb2-8a61-50e78d81449f,Control
f8d35f5d-38d3-4ee0-a639-71587c9408fc,Control
6b43d23a-5f4a-48d7-9033-2a5780e5e8f0,Control
bf187a85-9f7a-4c5f-acf4-e44e6c4a16ca,Control
025e5226-4dde-4f17-b8bd-9f07e165017f,Control
1844efdd-429a-41cd-bad5-87fdda9e95b4,Control
cfb3cb6e-d26e-4144-b9e6-8f2f49d6d514,Control
12e1940e-9ad9-4fa3-b12b-5761c23cce2d,Control
f1188340-337d-43e2-bc66-cd061a93640d,Control
db576599-d020-443c-a7dd-b3955bd7177d,Control
5ab89f78-8fcd-45d5-975b-bbdad3e3f1d6,Control
8bfa0b1a-d871-42ae-b758-6adde4772164,Control
9587b43a-1130-48aa-9cbb-970e311ae276,Control
9372d017-7698-44b4-a4e2-4eec535f958d,Control
6cd98259-3ff1-418a-b6d2-df0cd3fdfa15,Control
3db73482-cc5e-4874-ae7b-614d7e1a5677,Control
0907f61d-50c2-4e22-8bad-b5f056a14961,Control
a65a6ad3-d7e9-4217-9b90-2dded6d7b172,Control
9eed84ef-2e2b-4cf9-adee-cc20d5ebe20d,Control
6b4e8e41-6d40-44f9-8503-3e393d3d4f52,Control
d769cc5a-fb2a-4361-a982-9b3aa540e52e,Control
059eede5-b0b8-472b-ab90-0c6f2527ace3,Control
f7dcb976-7fc8-4e29-b53f-98867e871a55,Control
893dc2b7-d3fd-475f-992d-098d0a8dd4cd,Control
cbb917c6-0fb7-4085-9933-495c1dea875b,Control
180552d1-8b31-476d-99e8-4753636bbb5f,Control
a0786cd0-d51d-47df-9f2e-9dbd75f8df05,Control
8aa6eede-a993-4325-bd44-3c8026b0aef8,Control
b745d8d6-0dce-47ca-829d-b07cbdf74a60,Control
ce570d56-3fc0-4570-8006-230a0a989a15,Control
fcb07eec-d1fc-4d37-a5e4-3a746f674a36,Control
bdc21bbc-c332-4850-bd9d-9584b639ac8f,Control
c0990e5d-40b9-4ea5-a84f-a0d83adefb45,Control
c0815a02-6790-4175-a5ef-1c36180975ec,Control
44bd7b59-75bf-43f1-ae66-8b02080ef0bb,Control
c030907c-8f3f-4408-a3e9-f9b76ec6c26a,Control
da5d6f3f-4c16-4e27-a5ec-6beb2d2eb5f0,Control
37ec29c3-5536-4877-be03-b71beca59611,Control
7e5166e0-f044-4d5f-bd56-6800317a199a,Control
519fca91-9100-4079-8f03-f7230242524b,Control
938d9192-b407-4f97-8eca-e45968fbf060,Control
17bc33f6-f736-43e2-a1b9-c0f8a3445693,Control
98becc9c-8eec-4ecc-9bb9-f8608bb9e126,Control
bdccef28-8a20-42a7-a019-a97232c7d61c,Control
37dcb69a-e07a-443a-8080-5c9d8be0e1ec,Control
9cfb74fa-8bdc-4452-8ea1-137c7a989764,Control
ba5ed20d-9997-40de-b653-91f38608d955,Control
34c90594-3520-4e58-8598-89e314e2f126,Control
74124d38-7999-464f-bbd9-44e9a8452158,Control
6384c66a-7a7a-4769-9eba-920c7e8103dc,Control
7783cb39-7711-4634-a4b6-fcd0537991f8,Control
1bc755e5-59c1-4a11-820a-98a708f0cd16,Control
75e3d47a-8e7d-4c01-9c0c-6a3982853db1,Control
06baf5fb-5290-4634-8d96-4f3448f9a248,Control
6ad404da-152f-440d-af46-80241e075c62,Control
c5dca5bb-fa5f-4a89-aeaa-4bc8866caec0,Control
f781cf7e-5281-4925-a8be-0ac4c903ef25,Control
faf7d637-0e57-4c1b-a78e-f2c0a8a27eb8,Control
ee4ab5aa-fbbf-4bc5-99ea-8bf0ca429b4f,Control
b8d2b31f-27c2-4c11-9436-2fc8075cc0db,Control
c5e2e727-a6b2-433e-a3f0-57bcf1f88891,Control
ba3b3202-56da-4e8a-9d72-41cc78b274e7,Control
50644022-1aa7-4a9e-aec6-b21e84ee5c38,Control
e036b0c7-d1d8-46c8-95f7-f6a14a031396,Control
f20b414d-2f03-48e7-a1d3-4be91d99ba33,Control
70dabec8-9465-49f6-8bd4-496fbe425c47,Control
bf247133-0fcb-49c4-be08-b8a685bff0f4,Control
a318fd2c-04c1-420b-8639-65aa37db0b52,Control
f8d191ee-ea6e-45d8-a5ab-0015175b851c,Control
45d3ab57-090b-45bc-b333-71199cb81401,Control
4be0bdb7-7321-4ebf-9b0d-f6785e7a886d,Control
5dd040f4-e882-4938-8a4f-1cd69abca142,Control
f588d981-949d-4540-a670-dd00c2ebcb7f,Control
0a93409f-f8cf-42aa-b9cb-56241bde31b0,Control
92f127ed-4c53-4ba7-ad68-de70a9a1cb63,Control
5a7fe9b1-b5d4-4b05-ba56-4a68392cd2cf,Control
885debaa-58a8-4b22-9ec7-66a0d94765b5,Control
9df64e34-7466-4f21-b5f4-ca8cea0f76de,Control
458cd24a-ed71-47d2-9482-dfdfae223a17,Control
68311baf-d09c-42d0-8eb6-0ad979aa4f46,Control
4aeb7097-0960-4648-bd8a-55dfd7194ff6,Control
b211dd8f-51d2-4eff-94ff-f4c2b3aac388,Control
bf5be09e-59df-4542-910e-363c37d55212,Control
d309e165-3313-48ac-a763-6b97623dbac2,Control
5131775d-d0cb-4ce7-9ed4-393f6bcfa211,Control
125df9df-d694-4310-afa4-0435a708b848,Control
a2c402b3-2641-47ce-b3ca-c83ea5e4ed49,Control
2a9f2a70-0374-4393-b0d5-605c0bd75659,Control
2d013c11-381c-46f4-a0c3-176205989eb8,Control
8678a40a-67b1-46f0-8c45-65468dbbf061,Control
d2fecf8e-9a64-4834-b870-4456545d7904,Control
dca4825a-924f-4de7-a18c-479cec3ca648,Control
df5229bf-9a0d-446e-95e6-1509085fc64b,Control
18a10c41-6938-45a8-92c7-22d957f9156b,Control
b41049ae-6c16-42de-88f3-5308f5e07778,Control
4be586e8-919c-488e-9fe7-f3e267f0cb04,Control
09a954e3-953f-45b8-8844-8e7229a790f1,Control
0ac2aa7e-d0b3-4d5e-a67f-f97575713a1b,Control
6a128c71-7208-4c0d-91fb-629109cd515a,Control
2277055c-f4bc-4884-b9aa-f7070307969c,Control
7bb70ab5-5e15-40eb-8e72-eac36feeae5d,Control
1fd2e635-ed24-45c3-8674-56891d76f8d1,Control
4122130b-4d63-4b08-9493-19bb32c05d6f,Control
32d04728-9ce5-4abc-bcdf-37e16171ba80,Control
6e29e9c4-febc-4c99-a81f-b97e23f7ff72,Control
0eaa7b4f-5945-4668-ad27-abfcd1d8478c,Control
8328cee5-c8dc-470d-aaa4-39718df7a113,Control
3a2399bb-b290-4870-8a5d-c1588db8ec66,Control
732e4824-2570-43d3-a139-c505de328e86,Control
b7de5cc1-ebe3-4cd0-be11-398fb77935c6,Control
e933446f-a2de-4da3-bf3d-86e3a3ec6b27,Control
741e2446-11c3-4eee-b7c2-9642a2a8507d,Control
7d50d9d3-d846-4519-b3a0-9c0390a9d2d7,Control
af8670f2-7bb7-4068-933a-f62deb1a25db,Control
1709e90b-a114-411f-b0f6-78f1ad7d1390,Control
6218be66-9d8f-473d-aaaa-1f7c0c1c72a2,Control
fe290e5b-deb2-482b-8cb2-b3efa4a63e68,Control
4cc715a0-aea8-4f3b-941a-d6126a374fe6,Control
f9118f39-6cba-482a-b049-6a193e5b29f0,Control
931bf369-cf5c-43b7-a576-83d6d72353a6,Control
7df188d4-0e42-4620-a26f-eef8ddb772f1,Control
e75a69c6-95f1-4e41-81f6-8c72587cde5a,Control
95af0271-b37b-4657-912f-c2fbc8e07bc9,Control
ebe353ac-983a-4318-9715-9837e47ce401,Control
756e3989-09d3-42dd-95cc-c7c921034db2,Control
2276d17a-b1f2-405c-8eb0-52c8b7b1cd61,Control
dc496131-23f1-4e7b-a867-dcafa6d64dce,Control
b29ad2b5-a665-4ba7-a23d-36d39ef0efb9,Control
22681b13-4d32-405e-a32f-0cd6e0f11a9d,Control
4c7d41cb-afa3-494c-94f7-4d918dbeeded,Control
693fa6ae-cd7a-40c0-b676-ab16986c63ce,Control
70b72481-3b8b-4554-b619-da28cfb942be,Control
c48f7aab-e4f9-49ef-b2b1-cb52c5257226,Control
c3e6da01-509d-44b7-9c95-c4b38c6bb620,Control
cb15f4b4-4d24-43bc-a1fb-545671725395,Control
af6a0298-e2da-4836-b6cf-a82babd92647,Control
44b95c6c-e170-4bd8-9c55-1c207805740d,Control
013c1886-86c6-425a-9825-8469eceb2118,Control
ed3f70fe-0557-4483-a5ae-6819b1747d4b,Control
b02d71aa-48c1-4f7f-a126-97c21ac57ed1,Control
38bfcf82-e07b-4b00-85f0-d59b1cb6fbca,Control
4f383beb-1e94-4570-a1b2-7a9e3002a98d,Control
61f45977-1dfc-4f24-aa18-b0284894b278,Control
285dae9f-947d-4078-90cc-0e9805175af9,Control
6754dfec-2dd9-4226-9a01-27a6ff9e8bc7,Control
6d68d0b9-11a2-4a74-8f1f-708593c125f0,Control
7bb60e37-5195-4409-994a-6d94d66020be,Control
47fd2b5b-fdae-4be3-8cb8-f5ec0f16eac5,Control
522059a5-660f-4f1f-ae67-e5b2f225825f,Control
50797182-4fb0-4fc7-8283-bda9a3bfee2f,Control
0bb8f9c7-3f07-4099-9807-c2f2eaed7c5b,Control
4b487c6e-7240-49ef-aa86-1a7ceff723ba,Control
69f1a020-1312-4d10-8450-46372dd877c9,Control
de3aa289-c356-4abf-90f2-276925c05624,Control
10ae5853-f2e5-4d81-8956-055dec206199,Control
f988304b-9ebf-4b63-be9d-131b5b8fb450,Control
97b7e270-71fe-44f2-b58d-f406ae7d0b99,Control
c9b4ce34-ec8d-4b75-a69c-5b934314430d,Control
cce3ffa1-a433-4633-a4ca-6d97426fd319,Control
7b124765-38b6-41d2-bb89-99f56cd75d62,Control
980cafc9-cdb9-49ec-bc36-6571ecb6eaba,Control
4665d554-e910-4c51-a6ee-9bd44b874f8c,Control
1d5b9350-d778-497c-b656-b944e178bc87,Control
502cf530-7b83-43cf-9004-e4902f42a7aa,Control
4ca5b2a6-7bdf-4610-b4b2-b656c3cf8c8a,Control
ff085ed2-4cdd-4dc1-88cb-a84d25564f15,Control
c7406bf8-f779-448d-b8d5-12190c7c0191,Control
2af6b545-4523-47d3-b71d-719dc04eb082,Control
f7280c87-c1cb-4970-b911-1caadf7e578b,Control
ce51b984-d621-42f5-b7f3-c7f0173e291f,Control
76496f80-99b1-4f81-a421-1fab5bf8ba5a,Control
272f77c8-ae5d-4468-a7ee-8a83d7028479,Control
8442f841-01f3-4eab-8ded-359c1cf1a438,Control
db13bb97-aecb-4275-b127-54529860fd52,Control
233b71fa-8cea-47b5-a808-8222faddc2fd,Control
fc764f18-d506-4024-b86f-9e90b87e1576,Control
0aea2420-43e6-481e-af98-5d817fa500f0,Control
41409ef8-9238-4364-8eab-2223d8768064,Control
c3fac79d-c86a-463b-bc36-59d70e0e8bfe,Control
0769297c-6f9e-4a97-80ab-0762784f0ff0,Control
9c1e803e-081f-43b0-9f52-9734e2362ce9,Control
3c499614-497c-47ef-b69a-488aa9e2a42c,Control
9ed7f919-7e26-4b95-953a-77848fd04ff7,Control
545406df-fce8-4e24-9e8d-01848ff6accc,Control
40923b5c-5e3d-4c8a-9d36-5309ff5d2df2,Control
6e18cef6-0791-46d3-9064-df49f22cbde5,Control
80da84fa-bc55-4f51-8850-048374fe3062,Control
fe33b423-9886-4264-b94b-24c4dca8cb17,Control
21964112-1dd6-4573-a005-9cf80dc89878,Control
78b26692-0d3c-4519-9950-427e05b63f6b,Control
19e7fa6b-c0aa-451e-af0f-afbf377af686,Control
b47b0de1-9abd-4c8d-a7b6-96038d93bfa4,Control
895b05b7-547d-4d63-8491-602a04ca6673,Control
b3bafa05-7381-44b1-8e74-ad5967936793,Control
b781cd67-c4bb-4a64-8072-483ee7fdfcf9,Control
c127d9d3-f3cf-4d54-8e47-2b1e21649423,Control
e3b76f9d-2e8d-495d-bf42-e161d93b5605,Control
9f4c7a02-3020-4a3d-89d9-648eaa469fdc,Control
0926b41f-36db-4477-b30d-527e0842d37a,Control
a8f5253d-d498-4a37-bb8a-81f077aa7a36,Control
9ba858a7-b547-4235-958d-1385b7acca34,Control
978146c7-d9e7-43db-8008-d43513c4182a,Control
e19f8de9-e291-43e0-803d-8f39f611cd6b,Control
2973258e-7f95-4135-b042-60076763d760,Control
a19fda71-ff88-4779-bbbb-b651664ab430,Control
211b5c5d-91c0-4e07-aa5f-5a2799e203ab,Control
ac05c5fd-1756-4945-a6b4-8bb0ab70561d,Control
af2e9649-bafa-4148-bea9-09f2cde099ef,Control
049e7b19-4e68-4101-b68e-85847fa3032b,Control
8d877781-3cc8-4d8d-af13-b1f32dbc4396,Control
5c1d9890-9dcc-4107-aeed-b5174ad89007,Control
99648b05-b70f-4377-bcc1-5567eeb18b59,Control
e73ed70c-1943-4ab1-99fe-5d26b2434e85,Control
ebbc0b30-f7b9-4db6-ba5e-af8b17fff345,Control
7a0f6235-495a-4d75-bbe1-cacdebeab817,Control
1ea346cd-ff92-46fa-90b5-2e011ab4e87c,Control
c47dfd08-551d-4e65-b4d2-0ce7bb6aff69,Control
82e725b6-4fba-4586-94f0-456b57547d1f,Control
a5482771-0856-47a7-ba7a-3ebbcc60e83a,Control
a035c6fb-88c9-48b7-86c8-3a4ca24cd0b0,Control
5627ac49-47f7-4011-afda-c39926dac24d,Control
128f19bd-340c-4cf2-8870-a958d05d0d16,Control
0806e98a-586f-45fa-9c11-6f08335589d1,Control
ece3dbda-468c-4d93-acd4-97aea60f4b30,Control
1ca6e85d-e431-46c0-a206-1a13bcbdd8b8,Control
3092ebf8-0617-4966-83a6-59ef1ccaaecd,Control
f566ad52-f7a2-48b5-b490-1478f459e10e,Control
d57f3ff0-78fd-4b61-b11c-14a43c3be1ce,Control
e9900af3-1738-4f56-a9ca-fae87826be82,Control
3faddfd0-0d38-4718-8d52-45919f406725,Control
333dcfad-82a0-467a-870b-23fb8aaed525,Control
3252df73-982e-488d-96c6-f97c6c09e8f3,Control
e282017f-161f-4f90-b765-3ab725b397c9,Control
fad2aafc-4b05-4cd9-bab3-ba9e67059bd2,Control
a559a937-656d-4100-bf99-40dd855e6008,Control
baa02709-9db9-4f5c-adef-de03fce6118b,Control
0ca85d69-0fec-43dd-ab47-a72640524a0e,Control
c3186b9c-424d-41bd-b89d-bae6213182ec,Control
ccbc2a3c-e2a5-41ad-8d6d-76a286f8df97,Control
b58793f2-90e1-4b9a-b9db-db87ab2147ad,Control
9ada5658-3422-45d9-a601-669b65164d04,Control
80b9d8b4-d0f9-4d26-8706-557de1831f93,Control
3d9ed209-a964-482b-a89f-298af1f03d0c,Control
55eea391-6efb-4910-acce-2886c5c78ede,Control
654debab-715b-45b3-8dce-f264f691be51,Control
d7438faa-34ed-4f17-9434-e011c205830d,Control
8115fb82-2fe2-493c-8d23-571c091dcc6c,Control
93be060e-65f4-45a1-b372-ec31c2f627d7,Control
3add6cbe-e605-4b62-8969-0c92accf32ac,Control
f8d762f0-4601-41fa-941f-62f0a7dcb5e0,Control
870e35b9-3050-448c-9214-fe01905d0bdd,Control
7df1f5cc-5b43-49c7-bae2-f93c0dce0c22,Control
a32df260-ba90-4869-be2b-2e9f4dda2009,Control
cf1a4a72-d020-4014-8397-8b4d44dff04e,Control
64b4e0a1-03a0-4962-8bee-28647e8345dc,Control
3c214b7f-20ec-4ef4-b657-4aea836ed9b3,Control
5323404a-ff16-4913-90d8-4551aefaffac,Control
3c05cff4-c6b1-4cdd-ae36-150e64619be9,Control
fc4cc188-d61a-4d7d-8656-04325710948d,Control
38a5aaa0-de53-40ca-9ef3-d845c477d8d0,Control
a6fb6cf4-f31c-4f48-83a3-170ad6ccf597,Control
f59e9648-edfc-4bd0-9a71-ac18845b125a,Control
1ea97962-01ea-471b-8e6b-4f4d7fbd42a2,Control
7d6201a1-332c-47da-bb23-9a87a6f09277,Control
bb3a2c5d-a5e2-4936-b543-f4179766253d,Control
354c4b9d-ec19-4e64-b1b9-99e35a8163e4,Control
24ac0f72-886d-4bd8-8e7c-223358f83943,Control
9385eba0-1628-4de2-a911-eccd364a670f,Control
d249821f-89d1-4b34-b836-4d7d489a4a46,Control
3ea2a9a3-b9ef-42ca-bd49-c461ae49dc31,Control
37244f68-2dfe-459d-95f7-ae93c386c4a0,Control
bfa1e528-2dfa-436d-bb9f-c85ad506543e,Control
01a4b78e-ea64-4ebe-98d1-04f174a4ace4,Control
124fb543-d943-40ae-8e64-28a762c9372e,Control
1005637c-c7ce-4e79-aa69-2aa7c80fa7bc,Control
0717f0ad-b0d4-43af-8231-824189cc8431,Control
eccb98bc-4fb5-43aa-97ff-08195d45b0fd,Control
cd9099d9-2762-45ce-8fb4-608dcae77eca,Control
50462ef7-912f-4977-a370-8eb52420a284,Control
7ae2a1d7-1b89-4aff-807a-edb6a769ad8c,Control
58fde7c3-59ce-4e81-8326-e866a087d3e8,Control
fd7c25e4-6e23-43cc-81c9-f65ba6fb0b82,Control
739d7ce4-f796-4445-bf5c-0874599a4faf,Control
b6e34714-d136-4bdc-a3ac-07a30c2c83d9,Control
6a684b2b-b50b-41cd-8469-4dd3cfc4d6b2,Control
cf3e0385-63d0-412d-aeee-e1928226622f,Control
b716e1e8-92b7-4a59-8e6f-fa9d2e18dcfd,Control
da32df93-c004-45e4-ad5f-fc2264cb4be4,Control
e1e8101a-2635-4c35-bba8-a0198733f81d,Control
025261d3-c7a3-41ba-ab03-4c3ce2cb6038,Control
489434ce-5476-42e1-a143-2fd2dbeacc06,Control
dee91ba8-83db-4e4d-a5a8-159840333eb8,Control
2e5f88a9-70fd-4afb-9076-5343e0a23bae,Control
6b018fc3-1556-4b28-b525-485d5626cc19,Control
69bfeae1-f85c-4e6c-8ec4-d4db97199dc4,Control
67a89250-bb2c-4a96-aac1-f06ca43d7751,Control
29259363-bfa6-4e30-ac61-44b6a4728c01,Control
465c972f-f56d-4275-87f4-6f87406f9fc1,Control
7e3799ac-5762-41d1-9ed0-cfc9e5f90d32,Control
bdaf15a1-55d6-4992-ab8d-adbd017ee5b5,Control
37bebd42-7808-4172-b971-55af12035d94,Control
b424deda-25fe-4f48-bc3b-422fc2db2f27,Control
0c40678f-a1fd-4bb5-95f6-42aff7db6c39,Control
fb310cb0-f5e7-4965-8769-e53a29dbb316,Control
6b3fc536-9ca9-4def-b5dc-f3693614e2ed,Control
329a2adb-28d7-46bd-b9a7-cb07815e2c8b,Control
d8f38b74-1e26-4df3-9738-e6316d4e2186,Control
85c94284-090c-436a-ad8e-568f3e27b9b6,Control
052df355-c40e-4a40-b9d1-ce19cb8f9b26,Control
809e8e75-8437-4b9a-b6ca-77ce9edb55f6,Control
607e6189-25a2-4f1c-aeca-0be4af13ad80,Control
e817dfcf-8c99-4e6e-ac24-57452cbf2d46,Control
ef3370ac-2e8f-4de3-a4bf-b6d79e9c7047,Control
c4fca473-7400-4708-9146-cd25e1e20c57,Control
9aac57a9-1bb5-47a1-bf36-5a7db40c4a5e,Control
7b306c52-1475-4ca9-b286-2558537b75de,Control
3e4b655a-1370-4150-8a7b-df2048deb4e7,Control
1e49e444-8d5c-4802-b911-80a2c0d9f570,Control
b9392214-7486-4c0f-a542-bfefd9fec2b4,Control
e9bb6205-6d5c-4339-ab64-a1d7da46f094,Control
da8482da-a417-4a02-afaf-defe9969c1dc,Control
784d560a-ca43-4e65-9b18-3894c738f536,Control
996a0c32-c160-47f6-a14f-20ecf72b4ef7,Control
bac6ea24-e9b6-4270-b118-2b872965b18e,Control
482a8da7-23f2-43de-87ab-a8e77167f0c9,Control
cf55b2f9-6c1e-4e0e-9d08-631cf6d4fa75,Control
d6b2ad18-be51-4ee5-969d-b9fc3c1ac67b,Control
742d15b0-1376-468a-8cf8-208249685748,Control
f6c5c2f3-96ad-4df5-b5a4-02b8828d0d94,Control
f0b190e5-a002-4682-ba42-426c5c40500f,Control
10beebff-2575-4958-9156-ceee7befd6f7,Control
4b4921c6-9353-4fe9-b7bc-1b7edac248b8,Control
3ac48449-bf2c-49db-9c91-bb9fd11ff1ae,Control
5cd97381-1124-4bee-a873-ac3fa2f8e05e,Control
63ec90e2-b525-4471-871d-b3ce1271862b,Control
4e86039d-930a-4fae-b37c-d1b5c4b2576c,Control
46a0387d-afb7-4712-97d8-ed85a06ce84a,Control
39c6f920-70d7-4e79-b07c-b6b539a93f73,Control
194972b2-4ae3-4446-9e82-e58d4dd32afb,Control
64fa3fc7-4d4a-4af4-87e3-98efd957081a,Control
866c41c1-f7a0-4adf-8349-ae96dcce9baf,Control
1fc714b3-e072-4fc0-9e65-9ef1cce6ad08,Control
e4c82fd0-4e06-45b7-a44b-a3bce59fa0b1,Control
a9372547-15af-4aee-8554-107fbb873d1a,Control
d0f0aa2b-3420-4d2d-91b7-b7caf8266745,Control
7e176a60-9f04-4200-8cf2-cd040df9efb3,Control
aa831524-7e19-459f-afd0-480819c0ea00,Control
f61ebd2b-1f8b-454d-a8dc-89927dc024d9,Control
f60dd7f6-b41b-4e4f-aa20-bca5aa1d3968,Control
0d08e3fa-a5df-4a0b-b0a0-7e95349ac962,Control
cc150016-6a12-44a6-9562-03b2d04101ca,Control
3ea25421-5249-4cab-bbf5-98a0394c5c6f,Control
8d05e818-20b9-4276-997c-13ed15222823,Control
7011cbe4-74e2-4728-919d-648cf473ac07,Control
12fe9833-a227-4019-8593-ed5780c432ca,Control
7a6b03c2-09c3-4df2-a6bd-f45a93db2003,Control
cdcac9fa-7a2d-4873-b385-f9e4ea3f1036,Control
d2dc04f1-929e-43ad-84a3-2749ebda063c,Control
3be67a64-1c4d-4445-addb-55e90d6d7764,Control
938a5c6e-585c-4d2a-989c-d3a8bb5966ad,Control
8be0d25d-cee1-4a86-b389-bdef19677fcb,Control
69625c49-11e6-49ae-825c-280fa5de9175,Control
5c252d1f-ac6c-458c-b775-5c3ea60b3d56,Control
bc36f610-ea49-4faf-a34d-cbddf557e149,Control
22fe9923-58d9-42ae-a79e-0adf8fad0489,Control
42f68b40-59d4-4e55-b0d3-377e8391f363,Control
75fceb52-3ca9-4bc5-9deb-e16bdc34b753,Control
045efc4f-9380-4ff1-ba74-081a8b057a02,Control
a97854c6-804c-48a4-93ce-ffcfe440cfd4,Control
928a9bb6-87f8-48a9-a37d-ba84f6f02072,Control
527e2cc0-865c-41cd-8c2e-690548f5acd0,Control
b7cd5af1-9e00-48e3-a823-bc5674e3f891,Control
27f3d7b4-a7a5-483b-a51f-25d7355db104,Control
268967ad-a58c-437f-8702-1c73c4043823,Control
32cea2e6-e252-436a-94cb-69928b359caf,Control
609123b6-097f-4fd4-9573-b3aa3b224c71,Control
507631ed-1f02-4981-a20f-cd08e6846275,Control
183f10d8-fb6b-4350-985c-d99edbe99052,Control
0cf9f1e9-af54-4a5a-ba0e-6bf44711977e,Control
9028420f-e8ab-4f15-b871-b9cdb99184df,Control
90bdf626-cdd9-4499-b9c6-d5ca4b9be741,Control
492235ef-5e82-4b96-8d6d-46d5e8d9a560,Control
a7e9ba87-0280-47a6-80ae-8ba59472ccd3,Control
7b0be009-a094-469c-801c-6a1ec90e2ca0,Control
f4559e92-0249-448a-afbe-dc26d1cdfb85,Control
a83a37ec-4c5d-4493-8b9f-98006270152a,Control
325e3811-1519-41df-ad3f-4db87c22cd6a,Control
e0fa4864-ec99-4905-accb-b5690c09e82b,Control
41aa06bf-ae69-4287-bce4-1eb6b8357344,Control
7722f1be-f0dd-4ba3-b8fa-8463e5ab9f9a,Control
f77c71fc-ae37-4313-9433-7274af2275e9,Control
daaad314-b140-4582-b032-f29980b32b5c,Control
dcad6d4a-bdf1-4e51-aa9e-b33232942f44,Control
4d889435-db2f-4477-a2be-5e4f6f04c5cb,Control
14ecb873-1c2a-40b1-be87-14cbd670124d,Control
2da281bd-2274-4807-9ec1-70e83859a2b3,Control
ecb3064b-380a-4477-9473-30cdf25be157,Control
cb9d75e5-fd57-4ac5-8cb9-ad0e7ceee371,Control
881a88ef-7878-46cf-9c06-b5b3fe7cbefe,Control
9757fa5d-4b80-473c-82c6-c843a0f4cc64,Control
b904f757-b9d6-4335-9516-80392e567e4f,Control
005b4d15-a3b9-4ec5-be31-c49d77ead2ba,Control
5fe10cb9-2495-46e9-8d5d-9a4886932718,Control
28425910-cc81-4fa6-bbed-26057ae3d0a7,Control
284e6692-4f8a-40a3-a065-6aeb03602353,Control
49e2bd86-0b5a-4afe-8968-40fa5f2ce35e,Control
c380f70a-6b95-49f8-9db8-e215ee20d772,Control
872e3d69-e0f3-4f9f-b9e4-821691486165,Control
5847d7aa-8892-4001-a945-3913d3ce4879,Control
1394b3a2-a664-4899-bb30-f557619fcabf,Control
709d914b-3195-429e-973a-2c85f7a743c4,Control
98a98dfd-4156-4a44-af7d-61aeaefd38e0,Control
a8f0baaf-9c9d-4993-bcf7-dcb33c3f7ea2,Control
8784c1e1-96ee-4eb0-94eb-57eab337d766,Control
cebdce69-5eac-41fe-abc3-8832cc44674a,Control
05c2f3bc-bc7d-45c3-97ac-a7b06eebaae0,Control
ad4b7228-dbdb-4c9f-9bd3-3c72688d3eb5,Control
ee620a0a-83e9-4cd8-afe3-68d98f7a2d4a,Control
266df542-65aa-4d8e-82ab-b4b6444342c0,Control
43f34c1d-48a4-4679-a518-0e23de719a32,Control
563905fe-6759-4ac9-9500-b4a74ee80cc7,Control
7fd01453-39b7-45c1-906c-cd98d3c1c549,Control
6ba1dfe3-d8db-4fbb-9851-a8257d02eea0,Control
fcf2fceb-f2e6-4aa4-841c-a1bde13725a9,Control
eb9bf441-59f9-41f3-ba00-70ea6862d3de,Control
8cc41c19-989b-4e76-bfa4-b6fd0aece71e,Control
25785822-93e2-426a-95d6-aeff59536a08,Control
15113ef5-ad4d-4294-bc63-83ff92560606,Control
78ba2367-9ba7-4599-b76b-2da65af44123,Control
b41bdeaf-674e-4439-bc38-ab46fe5a7538,Control
92d1e5d3-1f03-4951-a74b-7bcda1c204dc,Control
7b03035f-3fb3-40f9-bf8e-982be07f8f01,Control
6a626de8-f2a7-4b3b-aaa3-de3216ea3427,Control
5af282dd-04b9-4231-8f27-3137793f0206,Control
f0cd830d-4489-42d1-916a-39c8a1050f8d,Control
ad0255d8-7119-44aa-921a-4c5ab0963bc8,Control
19f1a759-0353-45de-ba7b-42f630f5200f,Control
4aab678e-23bd-457c-bf83-8462ab0fd187,Control
a6ffd33a-78cf-4492-921f-3d9245961612,Control
0d6d8d1a-bcc9-4330-a8dd-34a61362a924,Control
20ed5470-ccf8-466a-8bae-756ac7c0a5dd,Control
541e30c3-32a4-427c-82b8-a954aeee58f1,Control
24af54df-b2b0-4b8f-a436-dda5c0734c71,Control
0bf03b24-1df6-4a8e-9c6d-4223eb36a701,Control
c8600bbc-ad6e-4d70-8017-ff2a0ffd8328,Control
7ad38e92-1588-4f5f-913d-f32631965489,Control
7ae8e5f9-58af-4a15-b59f-39b29d8a4420,Control
f3f014cb-ea35-4a33-9dc5-1df5033ee47f,Control
32bd21c2-c906-4497-99f0-4532d567a3db,Control
bf34166f-d214-43e3-a8b5-7d966188f776,Control
62b93abc-ebea-4b5b-b3a1-d71648b9436e,Control
95f1067b-82b4-44ba-82d0-481c672870a2,Control
3e551b15-be59-4b7f-bcef-6501fe8189ef,Control
c2264c72-5af5-4ed6-81ba-e188bdbead4a,Control
9a274876-8b1d-4c5f-b242-7e234795e03c,Control
6a479dbd-9837-4d19-a60a-ffe513a6ed05,Control
ba1544a7-d196-4f59-96b9-384a3754b69d,Control
9b1e352d-1ad3-4b8b-a6bb-fb947cd15770,Control
b817ac35-331b-40a7-a3e0-d506b2a191bc,Control
1ca73553-3a91-4d24-bbe0-fa3524021afe,Control
40f50797-fb22-40c0-9ce0-c56235aa148d,Control
21713e78-fc47-41fe-8152-2faa8a846f3d,Control
7e6dada1-e566-498a-906b-ff0cabe2a5d7,Control
68896a64-37bc-4c40-90b2-4d1ac854f2fb,Control
7d33b7a2-0794-4cda-9a69-19b7b267dd63,Control
9b7e06df-00a8-43aa-9657-22eb963a55f9,Control
afb209b7-4801-443e-aabf-c3ce791762fb,Control
e0394a13-aacc-45f4-9e94-440bf6da945b,Control
f5073fdf-b0b6-40c9-a55f-4eea4ad6fa2c,Control
65eb5139-ee8a-4378-ab31-da98b4ea7dd2,Control
7e136bd7-52f7-4b52-9d18-cd36afd748fb,Control
c136d689-db4f-42cf-a344-15d47762c99a,Control
946c8231-5fc9-4d63-ad61-de6212d9b6cb,Control
9238c41f-2c01-4bf9-9059-27aa9fc77c52,Control
9b662e56-6b6f-4688-88ae-d235478c9c2e,Control
8a3f4da4-d708-4a8c-85cd-c64844faaf14,Control
c151733f-3327-4b0f-af47-f4a257ab0c6e,Control
54710e8a-3ea3-4f39-bab3-b60e99efeda0,Control
8d7b3182-b565-4e8e-9382-aaa47d63b14a,Control
a9c8d9b2-5732-4d1f-9872-482f376005c3,Control
f94f868d-42ac-420f-8378-57a9f315cf28,Control
15356ee4-fc48-40d8-895c-206c0a632bb2,Control
24249ffa-cc5f-43f7-893e-1d2da52543c8,Control
6ecc5eca-b2a6-4611-818d-e6ae56df5cf7,Control
2255ef32-b897-4e34-b19b-5a2a9e2f76d8,Control
2a0f7391-0f43-4888-a530-e67c9248741c,Control
286b678b-63f4-4cf6-bde2-97adf9c03128,Control
49205bcd-9f1a-4baa-8e60-e6868f101f57,Control
380b12a8-72c9-48eb-a6d5-ff4afc5699e6,Control
2332327a-5a01-4062-b523-8ddbc7256a2f,Control
f12083b3-43a7-4c39-82d7-df8b0acce317,Control
0f1f091f-aa5f-4132-a8c6-15f6c401be78,Control
3ec1dba1-ad1b-437c-b8f2-4598a06047c8,Control
bedea629-d859-4376-bb7a-6dfaa864e9db,Control
d42bb038-e17d-4107-80af-dba25c5d9322,Control
ad7de0a3-8066-48bb-bee4-4a6527b77f94,Control
f8fe0b1b-3914-439d-a6f8-814c652d987f,Control
f466d6dc-64a9-4670-a156-6a7080fd0aaa,Control
fa96d820-dfc5-4982-95e9-394cb1e92a41,Control
12fb939c-6ac6-4e8c-b0f0-16d2088bef99,Control
8f12fe07-1aab-446e-9648-1e446a272b7e,Control
df6fbc9c-3237-4f9e-a12a-2933974441ca,Control
15be8ee7-0c92-4c5f-8918-ef3da4b3bc4d,Control
34b428e2-9b4e-4964-8a32-7118d5a035ad,Control
9a692214-bdf1-4830-b96b-3afc82076c64,Control
88a43e48-8d18-4c13-832e-8ce1b1851bbd,Control
92865fb4-c7e7-4e03-b948-b75383dc39f1,Control
1b87775e-8510-4167-be3f-a874554ca9cd,Control
b0f2b731-164b-4b1c-a396-14bfd28f9cea,Control
8116fe29-a17e-4f10-a0b0-950c1067322f,Control
c8c46519-5163-463e-a239-6c48ce3cd5e1,Control
04f1000d-58e1-4d1d-9baf-4a5e10aba64b,Control
e9e0dd85-6dd2-4409-9053-fb50d192a91b,Control
76453cca-0329-435d-a390-fb664f1c1ea0,Control
ccdb99e7-5e38-437f-8e64-2d892315bb4d,Control
3184e142-21ec-475b-a9e9-6a2619b2c33f,Control
349e4bbc-321b-4d4a-aec1-bbfa026045f4,Control
551e6672-00ba-497d-95d0-1a25ed564c43,Control
882003bf-f107-4040-b5b6-9f01495fe513,Control
d54dff3b-fd6f-4c99-adf7-1acffd89bd28,Control
ffcc04b0-a051-40d8-801a-e46b11cad863,Control
da882e17-0f34-4d7f-82ca-088654d820e1,Control
11d2c881-2d92-4e6c-ba2c-ae46bcc65767,Control
929f7c70-715a-449a-9eda-5011369d0ae8,Control
bdc254d7-3010-4ead-818d-51452464ebe1,Control
a49fbf14-741c-4bc1-adfa-b3b1f271ef32,Control
bc659c15-fa9f-4cf3-8347-3d0f03ad37fb,Control
0b3200e7-6213-4463-ab26-3a4b3ab4b026,Control
694c6611-a00a-4007-a02f-c5c88159cf0a,Control
30f483f5-cb87-4187-a851-e3c109e0c3cf,Control
1a85a916-3a6a-4450-9474-a740a6169892,Control
9972f510-dcd8-4971-83ae-e69927b5627d,Control
7536b380-b5e9-4456-912b-5acd960f6f11,Control
283a63e8-7653-458a-84d0-9238d7624b94,Control
269e8718-9fc5-42a7-81ac-983cbe0e928e,Control
6c3dd22c-346a-4a6c-bece-137e5b8529e0,Control
3cb2e092-5ebc-4f93-8cb6-e74768642ae8,Control
54d54b4a-5c62-4be6-9eaf-2a2c08294c76,Control
7c20f078-5a52-4f81-8cfc-c7e2ed053fe0,Control
9a8ec641-ccac-4859-8b19-1a789792e1b0,Control
c3bbf092-5154-4da6-832e-bbab021d2a74,Control
b348870c-18ce-4ad4-ac68-3ddfa8fbcd2a,Control
d53f8bd9-2cff-4960-a3e3-cbb0e41bc82a,Control
3d54ff0e-193c-4337-9818-0080d63ca8a2,Control
ec1acaf9-557a-4800-b756-4c0866981730,Control
cb43514d-7e81-4e30-a88a-bf46f26279aa,Control
a9d7ee4b-620c-43cc-844c-e2712f01f616,Control
11ae620e-583c-4355-a4f3-52b0f07821d9,Control
e2f4d064-16f0-40bf-be6b-31104285e832,Control
f5ffc6d6-0bff-4ebb-ae13-63c36487deb5,Control
a8ca2710-df94-4de0-9355-27ad402cf76c,Control
c73d0288-f128-43c7-9d0c-8ac1bcae1aee,Control
8f6c6909-190a-4126-aebc-de0a773af2f9,Control
6ae7f658-10fc-4734-9feb-e99915c88c45,Control
3232ae7a-1252-445a-b33c-19314b71fc1d,Control
3078b248-3c21-4fcd-915d-85df501e8d2b,Control
f06a6e64-34c5-4e73-97c8-005031f14baa,Control
08f3a918-923b-424a-b6e3-73d3de7b09bc,Control
779410fc-7ec3-40be-b8bd-330e9194a41c,Control
1d0d67d2-7b8d-4b05-add9-6d10dbd718dd,Control
5ecade1b-e29d-4ad1-9cf1-fbe285950d71,Control
85df1b93-bec5-47b2-acd1-89157c9e3fbd,Control
fccefbd6-049d-4640-bae0-12dfbff78fd6,Control
6d5f3ff8-367d-4893-8f53-0bf5a63a33ee,Control
d015f88f-e69f-4c1e-a55e-67997f6e4148,Control
ff1e7c4b-354e-4575-8eae-75d58187f211,Control
7d715e6a-45ac-43d0-bdce-88f7d7c62615,Control
30e44fbf-526c-4ab7-8e0b-fc73c6dc22dd,Control
26e047a1-72f6-4b4a-a7f9-3193c7c2347e,Control
2d29f33b-4b0f-4192-9eef-9a08ac4f113f,Control
0875ed7c-c279-4afd-90df-ffa59517623c,Control
f90a0be1-df4e-4a64-8a8d-867e6c681ba2,Control
145a4d49-dc2c-4bd8-92c4-9be0fee2f879,Control
f30ca682-b8fd-41f5-87d0-b5ba5ecd7b88,Control
bfc69ca4-f747-49fb-9ac8-be4c9e8c1caa,Control
5a08d56b-c997-470c-9a13-d04f171363b6,Control
548c3ad0-6d3c-4418-a254-33df0df1a9da,Control
31bcd883-ea3b-4d14-b480-267528b37da5,Control
71386317-df58-4fc5-b796-8e1337725e8b,Control
30ad818a-a4db-4a3c-a2b9-ae195b884b9e,Control
42de66bb-ae8a-4116-b247-f380ed43ba12,Control
104337cf-841b-4435-8bc2-e954d043c793,Control
989eb5f3-232e-4478-8ab5-33cd1fbd0fb9,Control
ea25c3ea-d4db-4421-8596-4564017ae635,Control
485dc4b3-3b1d-4c62-aad7-bd14385b598d,Control
4c86b1e6-15f1-4761-9ee4-509da3bea6ff,Control
a8aa288d-2ede-4f5d-86e0-3223af5f4048,Control
cd2ff809-e876-41a0-a782-5cc3370d94d7,Control
610dd9b5-ebf0-441f-b1ae-ec49001512b7,Control
fa6633a6-917c-4022-974f-42115fe77152,Control
1979488e-a7d1-4c99-869a-c520950c71ef,Control
c609657d-c824-4b1e-b74d-562667011889,Control
d14e34b2-ee19-4343-b42f-a508a91d65e5,Control
a5204741-e86d-42a5-96f3-0a8155669274,Control
72f43dfb-b339-49e8-93ac-2204ae245a36,Control
a6e1a19b-506f-4cba-a748-11041cc049d3,Control
ed67fe34-19a0-4c15-a27c-89f6c6201137,Control
dde6f491-4a57-4a44-9e7f-898aa59d0cdd,Control
43176f6d-3ac0-4343-aaa2-22a08ead2353,Control
166e016d-ed69-4d15-bcbd-c2fab061b71f,Control
0f5cd68e-c747-4448-8f9c-700856c132d8,Control
bf6731b0-ec1f-4134-85bc-22ece4d9d66a,Control
b1602daf-e33a-4477-bbe0-69747c81a809,Control
86629134-ff7e-44d4-beca-59251d2d3dd4,Control
cf5f58af-793c-4859-b954-14f91d27579b,Control
510f7234-2f52-46cd-b19b-6ffdabf464f2,Control
37c8653d-e414-4f39-9d16-35ed1b2a9550,Control
d5d95af2-b864-4918-bd99-5c43012f762a,Control
6841886e-7d7d-42e5-8e44-5b53ef6ba612,Control
5e36862f-1122-4765-9bf9-a244ad25dde1,Control
e8af72a0-1757-4707-9226-b4cf23b1f091,Control
2507c6fb-b43b-4f1d-974b-334509df545f,Control
280252d2-3990-4cbd-ba6c-027678778080,Control
19661e5f-110b-4318-8ef5-b64f1f9e922a,Control
249a50eb-1ab9-48da-beff-2d303ce5de97,Control
0b487c61-199a-49cd-944e-66d81593f587,Control
f5333333-b49e-4793-bcf3-585a8aee2ee2,Control
6573d500-45a0-49bb-b978-77abbf39c649,Control
b114fa4f-2898-4daf-876e-1d1816b56643,Control
28e4272f-eb9c-45c2-b6dc-b9cdc0f6ed41,Control
bc0eaceb-a2b6-49a3-b8aa-8563b92e5b0d,Control
3b7e3645-673f-4f1c-9d14-bda833f5e9f6,Control
92c144bc-48a0-4a68-b3ae-5ba3e2164fcc,Control
2b535ef7-a15e-43fc-bace-a0eb8fed5278,Control
f1daa011-80f7-4775-abbf-d4bc4a610ecd,Control
5103c0c1-5052-4352-af1d-da3d050937b5,Control
f5228d53-c865-4f16-b386-615bd6961110,Control
b31d5f5d-a085-4065-904e-03dac64840d2,Control
f19c7883-764c-485b-a6db-ce70577a6680,Control
d6f74edb-bf65-45d3-a02b-18a166bc8811,Control
23f9b294-1416-4321-a950-c74ada72e5b1,Control
610dd5f3-5d8e-4627-abdd-018fe93ed605,Control
d8135b3d-d988-4d96-9b5b-4266489612a3,Control
e4a35c22-9043-4453-910a-bcb102267240,Control
8bb8bc57-9630-4f10-9814-cc6b88776528,Control
4e189f96-17a9-4ba7-921b-665e7d5f8253,Control
dd0553a4-5e53-4aea-a98e-4df996905b63,Control
fe0c1111-cc48-456f-b5bb-c13c98c31e06,Control
54fb3e7a-451a-481b-b3ef-5f695188e8ae,Control
dd1fecf6-66a7-421c-9634-dc270b62a3ae,Control
91dc1b00-198e-4b9b-ac60-ad6af0965ecf,Control
82475519-899a-4e81-b7f4-09ac5429bb29,Control
43d3ebe0-a420-463e-b39b-748489ef0710,Control
df1a4b3a-13bd-4935-8cb9-c4b70c0f828f,Control
4a54530a-2cc0-44e5-a5dc-03b655582009,Control
61ab93a4-3ecf-4ba8-b007-fdfd59fc241d,Control
b6412542-d19d-49c7-a9e3-0306c577b297,Control
b63ecda8-e033-4913-bc62-065974cd4910,Control
f9d5bf79-231b-4702-9f07-621a00142a99,Control
dce9405e-1532-4ed9-8d74-89ae1089f323,Control
e51d7fc9-30c2-4779-9e0f-79c9ebc3de9d,Control
8c16cc7c-c68a-4290-a633-2ce3fe0ded35,Control
acb9c7aa-8f0a-472f-aefd-f7e9538e931c,Control
6b303367-5c73-4fd2-bfe5-1936348f1d7d,Control
bf07c386-54a3-42ec-a438-a19c9b584331,Control
75ea13ec-ae3e-4b13-b9d5-12d7bd6ccc5b,Control
ec130aeb-b18e-4b11-ab56-c63f78a34d14,Control
208db09b-d6d5-47f7-8011-a6ceee489f97,Control
6eddb8c7-227f-4178-9a3d-7ded5bae84f0,Control
25ca8214-89ff-44b6-806e-34af8a2bfb81,Control
672bbc22-0936-4549-8d8d-117ec63f50e3,Control
499148ba-ae48-4e0a-ad5a-a3b84c1844b5,Control
3c7e208b-aafd-4dd9-b6a9-37abe8f4bb1c,Control
aeb6e619-43f7-47a2-822f-10e871453e04,Control
a42866ae-5e7d-4dcd-bf1d-af7affdad016,Control
eed53bc2-c54d-49be-bc79-250f2530a7fc,Control
91c5f43a-9a80-4075-9b22-0730482a3e53,Control
ac15673e-af04-470c-932a-c4574d28f49d,Control
842e249c-215c-4a07-bb5c-2d7ce24d856f,Control
968f7182-c89a-44aa-96f4-4b99b94a9ddb,Control
d2818ea5-b74c-4607-a766-1f9a15a5b986,Control
9ee80b53-5b10-48a5-ac03-694eddbcde0c,Control
621fc24c-bfb2-42b7-b7a7-c68b885bde21,Control
52a9b888-dbd0-430f-87c2-dd0241dec78f,Control
c3ea0cf3-8b2c-4821-89e4-78e9fb0e9f23,Control
d49f41c7-e4a4-4a42-89b9-875c85df0694,Control
4ec6aa64-7eb8-43f3-9dbf-919551340f17,Control
995ee9a9-2ac8-4016-8747-55675b05f237,Control
1376ed5c-fd8a-43d3-8a15-6942409d91c1,Control
6f80b74d-73a8-4d24-9676-ea29afc272ae,Control
c5453f91-279b-4fc8-9fa9-da12b5912b58,Control
5262af5c-6fa0-4aa7-9c9a-9627e17de101,Control
1f1da0f4-28f1-4546-afe5-551183a494f7,Control
546e6d4a-ad84-4852-970b-5f4c47822301,Control
f73ecfc3-301a-4329-bb12-ff698ba912ba,Control
a48fa474-4d4a-4609-9636-8258bf88af1d,Control
cde06b4f-c17d-4623-9096-0eb231192faa,Control
61e3f480-f112-4032-b4f7-a6e778d803ee,Control
c6c6fe57-a28d-4a08-8351-4430699ddbe4,Control
eebbf992-fb30-4802-afb5-3a4b45859ea4,Control
0cc5ebc5-08b3-4b52-9916-5edf3605794c,Control
185a4fb6-e5e8-494e-a4d2-098665e6fbbc,Control
3a93ad04-96d8-4def-9a0e-f9e080b75498,Control
bb473589-ce87-457b-85d6-bc2a538a3006,Control
170ded19-b293-404e-96fd-9cb7ee52b780,Control
442b13bb-6f08-4b22-881f-4dbd8ea430de,Control
652b360c-04b9-47a9-9369-e65581fcd52b,Control
5fc44be8-602a-448a-853b-d5c022eb8b98,Control
07a5724a-30a0-46f3-9a46-c337554722e9,Control
137c71c9-f26e-4d88-a50e-5e2bd6a0f288,Control
708ea51b-4050-429e-b94b-01a419b1e8c6,Control
47eb65cd-09ec-4624-aca4-2b2734e6c846,Control
b91fd155-601f-4cc1-b0cb-679e6e2c901c,Control
8f1ffe25-b845-4e4e-aba8-81854883898b,Control
157a52d7-311c-46f7-b15e-7a1712c04805,Control
6e084357-2166-4bbd-b4d2-3d2349b3dcd5,Control
0223228c-e06d-4282-aedb-cfea99eaed51,Control
ebbbe943-7360-4b1e-bde9-115a23c90ea1,Control
7749f7d6-f88b-4b4f-946f-dc052ae70f88,Control
13dcc195-f823-4d68-af21-706dde1dde82,Control
1f630159-1de9-4cfe-800b-ceb99e51d483,Control
2a8ac262-ea91-44c4-a360-058a05c52f24,Control
006bebae-9d28-415b-8e9d-4ff40baa1d29,Control
0edf9e97-b3e3-4134-8e67-69575719aad5,Control
0583dcd6-7321-4972-9ae5-3f71774725db,Control
2e29a39c-4bfa-49b7-b6b3-f93d786fab20,Control
06417538-5057-4baf-8ae8-7817c51938ed,Control
3466e220-90f7-4ff9-9ab7-e527910c7805,Control
9d36712c-f631-4b8f-a232-5bde1f4f0d55,Control
f0987d4a-ba15-4b4f-b73e-00769aa835e5,Control
42029fb8-2476-4826-a3ed-70021901b0e8,Control
4980d41e-aee7-4d09-ab1f-5850d2c6086f,Control
6995d2c8-fb53-4313-9de5-c0fa6895d461,Control
5144ad40-f9d0-4cef-8442-b190132ac830,Control
2069e783-5e2c-483e-b065-a0e34fb53545,Control
5d275cf3-950a-43cb-ad71-ce6d84912f14,Control
f3076af6-57b9-4635-ad35-71ba084bc32d,Control
8bcfd935-c2b6-40c0-b78a-b6df883e84d7,Control
4ae1a5fa-dc14-494f-9055-dd0d4c92bebd,Control
b0321ea3-5801-4d1a-9d92-2c7c3bd4865f,Control
6caace6d-74b8-4e0c-8a56-8deca1b08089,Control
2e2b0c5e-06d5-42c2-8852-4c03634fe614,Control
e626db85-a477-49e2-a9d6-c8d175fa0d48,Control
6fded873-382a-4ee0-9250-451391f58fef,Control
63ec6af3-8ffe-465c-b82b-e500590c313e,Control
365444ce-96f7-4db1-aa00-a07882591310,Control
a2eb2637-cfe7-487e-8580-14158b17e3f0,Control
8260092a-b82a-41b8-87a0-f169430ed6fa,Control
1e5ce079-1c8a-4aad-95a3-01b9b4d75f16,Control
ae09ca1f-6a0b-4a3d-927c-b44c2e435852,Control
353b82b3-1fb4-4aac-874a-5924dd6519e4,Control
d1a6fd29-e746-44bc-ba11-8d629468404f,Control
dfaa176a-3b5e-4358-bd0c-e7dc09c5cbd7,Control
7119d09f-bc04-4a96-8f47-86355d6504ca,Control
24502a68-0eb7-4421-868f-a2edbe97b717,Control
adf37f98-fff6-4e79-a602-ea60619af646,Control
af2bbed2-4d62-4a68-91db-120a324a4218,Control
3951f547-ccda-474a-9881-951c6756f532,Control
2adae411-e886-4fac-bcca-c7cb76497aca,Control
b641f711-c674-4f0a-bce8-4b989e5e6d03,Control
bda96cbb-4742-4368-9e12-258a713466f4,Control
34700559-4bfd-42d5-ad25-249d20ca0768,Control
0c483071-d778-476e-980d-1e0f5e3b863e,Control
4f4dd406-8cf4-46dc-adab-8ccceeadb54a,Control
0b16429e-1583-41f0-a993-1fd65fbd7be7,Control
3de10fe1-27ab-4b42-8e6d-935ca7c70daf,Control
4833b0ab-3003-429b-afd5-406719e6aa29,Control
fabe3075-7ce4-4b0d-ac7d-220258e3a808,Control
b182f3b4-fef0-45d1-bdaf-b095084e38dd,Control
eac02c13-d172-44f4-8913-c8beaba40998,Control
209a5916-dde8-4f95-9f6b-399b5abb1fc5,Control
a44304f9-7021-4fc5-9c5d-1a651ac83ad4,Control
cf9e8181-08c7-470a-894d-f518cebd7ae3,Control
fb5a656c-df29-4782-9cd1-c81f2e7fd500,Control
e84465e4-238b-4de7-8f52-ea63a2e4230a,Control
cfeec12b-aa42-4471-a056-47abc83f8eb7,Control
2b991438-20b6-48c1-b7d7-b4140dbfcfc1,Control
393dc229-385e-4253-9841-6515b19f1a0a,Control
477be6ba-473d-4f87-af13-27de79ad128f,Control
b3c66339-f242-4375-a4ae-60c2a5343aae,Control
dea40769-5ac7-459b-8143-87522129a0f7,Control
63d81c53-7dbf-485b-94e8-1fa59ca4c999,Control
a640a5db-55dc-4764-bb82-41835a24ccf5,Control
4db15a10-12b5-46d3-a3e4-54f6123d94b8,Control
7a8686c2-f292-484b-9cda-3b84fe4375bd,Control
52809661-453c-4b37-ae35-edecfc6d61e1,Control
8c025a57-6eb4-4fe7-b3be-94cb5311a8f7,Control
3a063785-5b3d-4d22-93c2-fc67e82c7b4d,Control
dafb00bc-5a42-45b6-8b0a-88cd5cbbd77c,Control
1d1bed14-e471-4539-8afa-c167f41bde4b,Control
f76490e2-b576-4d6b-b22c-84071911567a,Control
4627bbf1-1132-4599-b8d4-0addc550216e,Control
17eaa7d1-856d-465b-9f40-896d44b99234,Control
b86fc32d-2483-4697-9be9-a3fae82b0918,Control
5ba33850-4194-4680-ab8d-dee60be142ee,Control
3e7a649c-72e4-4632-9706-e41693d7a508,Control
2e768797-2b5b-4e99-88db-0ff2d2ea97f4,Control
8995b551-e4f7-4b2c-af10-668103329aa6,Control
ca7a2512-88b8-4a5e-a849-f4201b3380ad,Control
3b3e395c-5e69-4eda-a8b1-f5807d33be8f,Control
ecc91a94-5883-4951-96d7-fdd8c6fabdd9,Control
7d748699-f9fa-4851-a8ab-aa6a2254b311,Control
4d3d6ef4-525f-485e-a8a6-5835cc69fea8,Control
0b494f35-d498-4f87-bf35-ab31db2cabe3,Control
787d8de7-ac58-4fc7-b915-d049b1112458,Control
84fb73ae-8d09-4c40-9693-e475b9e58fa2,Control
95746a5f-b143-49a9-947b-dcf40a1652cf,Control
834cf247-c81b-4a99-a54d-88f0fbb1b25e,Control
3eaadf2c-d764-4334-8c58-b70ba3c81bd9,Control
99bcc01d-2479-4b9c-9084-47565bd370d7,Control
9fed2146-aa5e-4046-8d5c-b30e4632c1ad,Control
e5af4035-5ed4-453d-a15f-19c8e7298b5b,Control
3db53daf-7e06-440e-9ba8-8e871cc87b90,Control
34b58b59-06d5-4b11-8bd9-bb5e8d7d520f,Control
4689cbcf-4982-42f7-8011-b82aa9985229,Control
d83cc8ae-f4b1-469f-8083-e8f1b0ff28c6,Control
9cffd6fe-b28a-4211-80b7-bd442ab0335a,Control
4fbcc5d1-03db-4623-9735-4e869cae06d0,Control
21648ef0-ed17-44e4-a8ee-7dd7256c1711,Control
5dde5e7b-0d6b-497d-9187-9f5d6f4440bf,Control
fca7f2d7-998a-43bf-9944-fad112538f8c,Control
e25ca90d-2166-418c-b35d-1ec9bcfade76,Control
b68b742b-78f4-4a46-a3cd-452bf1293897,Control
95d97dbd-6345-4880-9291-6294762a6279,Control
e6b52f83-e744-4d9e-b08b-172ec582ce95,Control
97d5d765-c292-46b7-80c0-af763d8161d5,Control
a19dde2b-e12b-4957-8ec6-8184b4230ab8,Control
dcc9fb38-d403-42b2-9202-a952b00c6b81,Control
87a56ee9-2ab7-4855-942e-3e3f99451187,Control
b50fe722-0b01-4a97-a5d1-543e20c60e14,Control
4791c92b-8381-4f40-b9e2-96bf439049b2,Control
28ce9ff0-03b1-4125-b3d4-77a99d9ae43a,Control
1b2533cc-e0a5-4feb-a23a-d914dcce4a9e,Control
5716b929-3ed7-4888-a9bd-973c2a6c211e,Control
db745c66-c675-43c2-9a91-6877ca059823,Control
fe6ad11e-a4b3-44f0-b4ba-2b04a63cebe4,Control
fc8f3a96-6075-41d4-a043-0b4414d6495e,Control
2baccddd-4bcd-4794-a077-5037ed3ec8b5,Control
293747a7-f117-4b11-8948-5c2df081b37d,Control
2c3884da-d00c-4836-b63b-3d88d074d6d1,Control
d85ebba7-44e1-4f8e-949e-fc5443e95482,Control
235f39c7-899b-428f-b520-da4ba67302e3,Control
4b855949-96f5-46e3-8286-2e54d0f890b3,Control
014d7bb9-0ce5-4f16-a5db-f3f1675a723b,Control
2da6b4ba-10ec-4404-a22d-108d200c9fe2,Control
448f381e-e2d1-44b7-ac0e-024e4f89e5bd,Control
1ebece7d-dbda-4167-9f1f-141a9feac241,Control
371a7f81-02e1-4759-935e-9e0fd9328102,Control
e0a94f77-bd94-4636-a654-a45f729b99be,Control
d0509bdd-2128-4fde-9081-144a4e6030ff,Control
7e9ee6e2-b123-4567-ba81-449aec25f686,Control
ba343387-c46f-40fe-8f9a-74e4724fe264,Control
4d577770-51bf-4de0-a7cd-9a97c8101937,Control
294d87f4-4a2d-4b9d-9778-c7874ab18b34,Control
958cf7f4-43f3-4188-ba62-31bf3b9c905c,Control
69ad83d7-b38f-43d9-b6c1-4ceb164a5693,Control
0d561e44-7c40-45ca-bca3-68ffaf9882cb,Control
18fe9670-166e-4d56-be75-faf509db8cc8,Control
3b8c9409-67db-402a-85cd-960f0241daff,Control
b696b9ec-e9c6-4c02-b497-f66f84b97938,Control
8ffd733a-60a6-4733-8244-f7980e5865bc,Control
ed9d1416-99ff-4f3f-8d86-3b0320361268,Control
7537bf3e-5a31-422b-9a16-5ce68a6363ae,Control
b8d804db-4549-46d7-9182-28c3b19a2a77,Control
07caef27-417a-4108-ad67-aa2dfb13aef1,Control
2648172a-ee9b-474d-84fc-3aa8aa215741,Control
cb56b56a-d755-4a1b-ae82-0fdadf0d589a,Control
ffc47d91-a9e3-4a49-a92f-0f6764e87825,Control
f7c9e81d-f917-401b-b207-d3cd8454ca78,Control
fbcfc763-fa78-42d5-8870-dce968fc7d44,Control
0ac1a5ac-f735-4a98-b0ba-fff24081a173,Control
50a001ba-be21-48d0-9f33-bb06e7272e22,Control
ce67b342-1ef5-4012-ba56-4764470dc591,Control
c2743290-76d6-4510-b9a2-7aaa5bb4cb55,Control
d91e67de-4393-435b-879c-28a0c947806d,Control
e74123ca-6107-4c00-94bb-cfb773d84951,Control
77a10199-bcba-4c23-bbd4-73936888c908,Control
032df1e2-441c-4b39-8f4d-d05322586b97,Control
2bde4c4c-ecae-48bf-9e7a-af67855ed28d,Control
fcbe3a31-3623-42d1-9886-ef0f59944a42,Control
8d66d5bb-9826-4a91-a0eb-6816f19a5241,Control
157a39cb-3e16-41f9-86f6-56827b437ce3,Control
024411eb-8ae8-46fa-a0c5-fb1d2a234a7e,Control
eb8f3374-a01c-4cfe-92d6-6bb8922c90e1,Control
c194d91c-bcf5-4e16-9290-7a3e90659218,Control
b9f2f353-5f78-4f3a-b16d-d58dde697d95,Control
d0b071ee-d306-4fec-841b-e1db85ee6b62,Control
e8a5e58d-0d9f-4838-84ac-85d8a1d99368,Control
79250467-386f-46b5-98f2-801fc887658e,Control
8cc3de5c-fdd9-41bd-8d5a-3410a0ca34e6,Control
b25ca733-e0d9-4f3f-9a9b-d4aa53205844,Control
0626848f-7e2c-4a54-9f69-87e8c30be797,Control
fb3490d9-7c7a-4059-af8a-4c6d798f793f,Control
bbbd83bb-f69a-438c-8124-646a666457e7,Control
bfef1c35-200a-45f7-8728-a7c1587209b4,Control
3f5bfcd3-9923-46ff-9af4-9395701801ab,Control
4174907d-fa6b-408f-ae68-6d0099f32bc7,Control
6467f366-ab60-4d3f-8cee-e7c1fb4cdc0b,Control
d8be3e21-a825-4253-bdf9-4af520873598,Control
3429be93-6436-4614-842e-e7798d9b12f2,Control
85dd958c-55fe-4efd-a757-b4783a5e3073,Control
4b4aae9d-fa66-4afd-82fb-59579e45e067,Control
650e08d8-021a-4fc8-8033-2a03f157c18d,Control
f3ea8b66-003c-4090-ab9a-fa6f2bfe1788,Control
8e26647c-896d-4e08-b4ae-f639d2a5b16c,Control
d9e841c8-3e87-4c9f-bd77-cef584411fcd,Control
f0f5d96b-61e6-4476-b9ad-c9c985abd207,Control
943699fd-d08b-4498-aaaa-0c523deb1fec,Control
a30cf164-e2d0-42cb-818d-d14e043b88d7,Control
a8db71fe-58eb-4c18-b8c2-2a6efb87a7ea,Control
3f69b5cc-fcf1-4eb5-86f9-33b34c8613e7,Control
75f8f2f3-0766-460b-9065-1ca79999171c,Control
9a0b8bbd-a986-4ff0-be30-ef8ac8dedd24,Control
95d15870-bf88-4f06-8e8c-99d100899f92,Control
93cc7136-cb5e-453d-8f82-62b2ecde7997,Control
9e710695-820d-40b1-93de-cbddd889618d,Control
a66ce3fa-5544-419e-adc3-f3d013af0140,Control
c812405b-23e2-4fe1-ae22-2357d9d915fa,Control
7aa4d12a-7263-4300-b5f6-fa508e308f59,Control
6135f0c3-b449-425a-97ae-b00356f2ddf8,Control
8850c946-fcfd-4eb1-8b3b-dd5aa5b93372,Control
e16b5086-bc0f-4a01-9e96-416d3d3c26ef,Control
4d10509e-eddc-4349-9f62-a614c0a738db,Control
25f5b30d-56bf-477c-9872-d4f9225a72ed,Control
7e961a69-dc3f-4d6b-8969-4e6f5fc17b63,Control
2808c6e8-d464-433c-b493-765e482e90d9,Control
b01c7d4d-e6ac-4818-adc4-7667ec685c3b,Control
531cb6dc-ba78-4ecf-b035-403069b94745,Control
bd4f7443-a2ea-438f-b0f8-d6bde824d520,Control
f1b4b9a9-c877-4864-ad17-35efeb705501,Control
4fc9e83d-1abf-48f5-b47a-7c0a4d465684,Control
6648dbb6-ac60-4079-afe6-53fab59da4b8,Control
f40bcf4f-3d1e-46b7-8cf6-485b8461857e,Control
97b1963a-75bd-4ec8-a430-8769aeac6b69,Control
7a951f40-7b52-40b3-a586-58a76825b4a4,Control
aeed13ba-b2e5-4767-b96f-064d1abc0d20,Control
e4682401-7edc-4871-853d-961f36c529e0,Control
2a23af9b-522e-49b1-b194-e417c9050e53,Control
880899b3-2bdd-44fe-9442-88fd84e8f672,Control
42a1d677-98d4-494c-8e0e-1febc1baa9d2,Control
c4d90a7e-e8e4-452a-974c-f1d2edb1743f,Control
dee858e0-73b5-48a7-a263-d3e526505505,Control
a0335643-a077-40be-8fb6-c40447d4cc00,Control
fa5e40bf-84a5-4447-a165-82f29be06211,Control
d35f43be-8b2b-402c-8b49-c3e4287cd33c,Control
6813b958-2f24-474e-986b-86582123e00d,Control
84a2d60b-1511-418a-82ba-3c08de8263b0,Control
df4e5670-d5b2-4255-a24d-6fea7f56b9a0,Control
88a8aca3-1502-4d37-a9ab-7c05274ab822,Control
a513445a-dae1-42ba-9d31-b44d82944c68,Control
778f170c-6711-41b8-8cdb-d732f4f23b29,Control
24673107-8c80-4d7b-bd25-2fde120771fe,Control
257f2541-eb80-4c8a-a3c2-53984f82f3cb,Control
7e5644dc-3af8-4b97-ba51-770a4178288b,Control
20fb2583-c018-4fb8-8373-1d5b8f27679e,Control
bd02d62e-0e96-4223-89e7-a12ff3a34994,Control
76fe3963-7256-4284-a90e-522c8b47283b,Control
be01192a-72cd-4b0c-986b-f3e731b0b370,Control
5d816ff0-b304-4219-a767-22c631d90f99,Control
d2349b8f-5e23-4187-a0b4-917faf24f4be,Control
05d4372a-b6da-42b0-9387-80456574f2af,Control
86d6c41e-ccb2-4646-a7b6-f72ab6494956,Control
11334d0e-ee41-4497-a509-06c4d1ba6113,Control
29c0b226-3d25-4ef6-ad2a-468d648bcd42,Control
dd3f5ce3-87b8-450f-b0c9-d554586001b0,Control
330df03b-0a5b-4644-a01b-756d97c8cdb7,Control
fce31196-7b12-44b2-8a3b-86e90e6e8411,Control
f5f123a4-e416-4906-9003-eb3dbb45036c,Control
5899e300-5e03-4660-a9f5-abdad0e516b7,Control
621e0448-2199-4363-9e1e-70b40e5b2202,Control
2d0a243b-2fe5-4e58-b884-37da809a9534,Control
617e5d08-942d-4d78-a37a-c337e96110be,Control
310fe42e-8813-4689-9c78-29fc5d23ad3c,Control
01bbb60e-6b5a-45ff-aaca-89f4612fed15,Control
d0add3e4-0557-4545-941d-809d92c8b0ed,Control
65deee8e-eb47-4035-8b62-1d54db744adc,Control
0f542021-0c16-4fb2-9806-1a033bde8ead,Control
72f76f32-7391-43e0-93fc-8c1fdf7d55c6,Control
1eaffa30-20e9-408c-baf2-38d1abb63c4d,Control
42b31856-e961-48ea-8525-e3e5741faa61,Control
7d52293b-966c-40f6-b375-d7c6d64ca115,Control
ebbce07f-895f-4b23-b027-c88234444a70,Control
a3067d72-bd0a-4302-8724-6ee4a5796a88,Control
34e721b4-47c7-45ac-9573-fd8083a9eaa9,Control
dc24fb48-0311-4b06-824c-b1b9051aa8f9,Control
588e45d6-43ec-42c5-a237-c5702fe23aed,Control
25dbe899-81fc-451a-a172-e95e4aa0ff05,Control
dbad3a8b-dbe6-45b3-a3b0-a3ee2b74c794,Control
b3864865-cf9b-4cc1-a9c2-bee0ece7f751,Control
80c3840a-d3a0-438f-ac32-8b73031bb293,Control
c6d99ed6-e21a-4e5e-ae76-eb27fb8625cb,Control
ed223dba-130d-4641-8d0e-a27119a634f3,Control
10b04dba-f864-46a1-8b0f-bfda7f8ac610,Control
c475cf51-3e3f-45fe-a307-ef0f7eca579d,Control
82e6b9ff-d41c-4e28-9539-016c7bdd925f,Control
c247e790-b9ff-4cd8-947c-04d43ca9d248,Control
a49d4c6d-1b21-43fc-b887-433f9254a10c,Control
65da3566-7a9f-41bc-81d4-d00375c4b027,Control
714a06c7-f7b2-4ef9-8950-4a8d2015ddf0,Control
4a694cc1-f449-4e27-9c8a-8d934615b354,Control
3eb8fa71-52b2-4b96-9c6e-e4fe0509ee52,Control
ed9092e8-0521-4a99-9741-79cfa5900c56,Control
2eb430d6-2f9f-4034-8d74-8f8a7c044a5d,Control
2da8a0b1-e22c-456d-9b38-17af68f6c1d9,Control
6d38d17b-f631-46f2-98ef-d07a20f0804b,Control
1bb25675-fb15-45c9-8e32-740d42cc2207,Control
6ac809d4-6f67-4204-9819-e6492e97b0a7,Control
0b74e8e9-b476-4c9f-8e1a-ba64519989bb,Control
bb19b8b5-dfcc-462b-81f5-d3ae233d41e0,Control
0f42f4f6-5e7c-470b-8b09-d70d7bd10362,Control
f2f2f237-633d-4409-850b-1c55f6a9b8cc,Control
2f18ac13-2854-4665-85f4-64cb2c132642,Control
66449159-2ebc-4849-800f-cd7d8130d9d1,Control
b358151d-1aa6-487b-a9a5-9a1cdf6e86dd,Control
df20c72b-d06b-4ec1-8c0f-d205d592f5f9,Control
bb342dad-9f4d-4a1d-ba74-2b6bc0afa41b,Control
c8b6ff39-6171-4fe1-b080-b79dab9364e5,Control
b5d128e5-b995-4cb5-a564-43f781b7f80c,Control
efbeff9e-8f62-4345-9669-69aa7287beb4,Control
7aea8f21-56a5-47ff-9a04-f3f68d521d97,Control
7bf36a19-49db-4801-827f-c8b957071123,Control
95c18762-bc3b-41f1-8339-9f4d866962b9,Control
5be0dcc9-1eed-4436-945d-9faf8405e77d,Control
e5dc8d63-2b20-40e6-b9f6-d3b38b509ce4,Control
bf9e3964-62b0-4f57-a19a-3f93220261b5,Control
a9e6d95e-fe66-4db4-9084-844015aa8e7a,Control
8d855fa6-5055-44b7-8691-ddcb19e5a01b,Control
1f5bdac1-20b0-4c85-ac68-094b3179374e,Control
e21d01f7-c409-4e24-90a5-50ebc595f932,Control
a7721929-57ea-4270-85fa-4e23a4d2e81b,Control
47a8400a-35cb-47c7-8539-cf2136863295,Control
ea78d9d3-cfda-46a3-af56-41aed13752c9,Control
e70914a8-7794-4bfa-8f21-b0d4b1d409ca,Control
9f4c98cb-aaf9-4a08-89b9-b92dfd432f50,Control
0cfa5be9-49a1-4a6a-984f-50f60447db9c,Control
f9240288-b54d-46c1-bb89-3d5fab53ef8f,Control
74d58239-6857-45c5-ac18-64601da4b10e,Control
8d0621da-be60-404f-8149-00ac2a1efa85,Control
f190542e-fde9-4fcf-a40a-f45d7d66991f,Control
cb4ce8e2-43d7-403d-911e-4b36881304e7,Control
2783c1c1-4cf8-40fd-867a-241006b51d9c,Control
a380afab-cfc8-4db4-a2eb-c48707d636bb,Control
1c797026-0757-4fd6-a368-926152450d86,Control
2ba46b4e-fe07-48f2-9d37-fa16c20ab4aa,Control
b26d19db-60ff-4f58-bf0f-21ffe388612f,Control
8b1da884-b129-496b-ae14-513bce3583ef,Control
0c21c1f1-79e5-4c82-be91-d768a46de7d9,Control
25010155-12cb-47b8-883c-a6085a96fb63,Control
7bbe861c-9949-4dea-ae5f-25f71a678bba,Control
3ce6cbf7-73bc-461e-811c-b2d9191be9bf,Control
bf929850-0ff6-430d-adcc-21f48a97d71a,Control
b2a6c871-179f-4864-ab57-91ccc61e5bc3,Control
2799f82c-2fe9-4b8c-a6ff-2141aba0bfb8,Control
c786c8dc-3b50-4d97-b48e-425c59d49d4a,Control
fc0b1171-171e-4c32-8ac9-487df391b98a,Control
3c955299-934e-4404-adb0-602eea74f1ce,Control
5d1a184b-5a86-4d78-be74-819416c0c89d,Control
8bce4a9e-81b9-4c03-a8ca-3b3ee02f8d6c,Control
f98aab61-7e3d-460c-98d6-f94127bc8212,Control
36e6599f-4023-4daa-b89d-5c0a0dd9797f,Control
bb0cf80f-a050-4370-99fc-a36b43b0a240,Control
59ed52b6-5e69-4306-9553-16fa860b5e67,Control
3027c53a-bd43-4904-a990-80e0fed3e400,Control
a0b9b046-795f-4fac-b74d-906be53b618a,Control
d1b46232-98ea-43a9-b707-45d7398a5b5d,Control
4d0d3be1-d268-4a9d-a393-4e548929f793,Control
e703580a-5ca0-4b8e-acbd-1d37d989efc9,Control
858551b0-a95f-494b-b6d2-ede1685f2356,Control
0790db32-1217-4661-9aea-68ed2da380da,Control
efdfe0e4-f2f4-449f-a19d-2b510bcb8b00,Control
7863acd9-9f63-48dd-8485-ab461fd045b3,Control
2ce7cdfd-f566-4eba-8d45-6e33538fa111,Control
061c8d05-d1fc-49a8-8b06-168e4e053e3d,Control
d940336e-4d93-4a98-ab05-33de52695a85,Control
816b64d4-7493-4704-8e2b-7b3f7aea7992,Control
7b84f60e-bfe3-42b1-90df-7a28c283ae3a,Control
353b683d-44a0-4a89-a233-e4c658b189ca,Control
43f49c44-e584-4637-a96e-4f076b029d0b,Control
be5032be-997e-4a3c-90d2-cec378ae69c6,Control
e0b2dfa1-8db8-4319-af90-1718496df658,Control
ddc1892f-1c51-4f9a-a5cd-7c4f17b51b75,Control
3de08b6f-53df-4b71-853e-2e1a8a3cc513,Control
7ed56e0f-818a-4ce3-a6cc-4db71dc2c5fc,Control
a187d09a-4489-47dd-b3f4-3f0568dcf179,Control
d21be617-9714-4b1d-904e-42d7dbc27a60,Control
a88072f7-2927-44cd-83ec-a36540e038b4,Control
2e1fbe84-3ea9-4faf-bd11-9f5f9d2e22ef,Control
dcc939f9-d1ac-479b-9f2d-59e281bcf98c,Control
eec77744-5212-4db3-b6da-05da3851460d,Control
4f4a9e38-f692-4287-8272-63bbb533c9cd,Control
15de73f0-e860-43f2-b2f0-6b052a83932c,Control
9c6d12e6-a6d3-46ae-a1ea-f513ea7879c1,Control
d412bf4e-ca67-4bbc-af3d-dd783b08abc1,Control
211eecc1-5e0e-43f5-bc50-a41b8dbb1d95,Control
1bca4bb3-7161-409c-890a-f7768ed5c6ca,Control
77cf2ded-cc58-4c0b-ab8b-de75f2de7ef4,Control
7e2e3373-2365-47ec-a867-0aa3add1e2f4,Control
dcb06937-7cde-4815-8ffc-cc42f2277eb9,Control
1da0bb6f-e37b-4ddb-942a-d802d8e872ea,Control
0c985a97-c3b7-4aee-90fd-a682ac4e4352,Control
0cacd564-a56c-499c-a2e2-03b4be2a4e7b,Control
4b0b2353-c908-476b-96a9-c0d7b6781717,Control
79161328-8025-4d9b-b76d-55439fb68e21,Control
aa2f4433-f4c6-4354-bc53-3963f4c1a021,Control
b15e980b-4a21-4325-ade7-80c28141b22b,Control
2f0a483b-8034-4c5a-99bd-346ceaa41f96,Control
a33f0e21-9db2-4071-b9cd-e467ddcc7c06,Control
37b7019d-4249-424a-bfbb-1d2019385bed,Control
ef28e221-f27d-479a-9b12-b285a3653329,Control
4a1dc95a-3e94-4a11-88b4-7c8e71db3dbe,Control
fa945212-a475-4669-8e54-c2dce91b4aec,Control
bc8dabc0-191d-4f54-ab5b-a753ff6ef8f0,Control
16e87cce-d38e-4562-9655-efefc8094204,Control
e3b662a3-d3dc-4f0e-a16a-777cfd5152dd,Control
43a23393-957e-4718-a98d-bfd602764e95,Control
edcd46b7-7d01-4f28-af97-edad33fe14f0,Control
3de02c45-b1ed-433a-9923-bb0c8e9ddf40,Control
255f8689-470a-4310-817a-fc1daeb71033,Control
71090a16-19cb-4101-a85e-00c230650f5c,Control
9d2badb6-b668-4377-a516-f551ae6ab141,Control
4ef1c8fe-8e5b-4f2e-bced-4f23f5c2664a,Control
9bc89c7c-919a-49b6-b3ca-93ccef4c8d7a,Control
57d04737-799a-406b-9df6-372876606fe7,Control
9b64f86e-97c7-4925-bb96-b1aa3441a7c3,Control
3c1ba2b5-92f6-4dcd-91ad-f890232ab717,Control
b3905694-8976-4465-a1b1-21ac32eee7b8,Control
dc121cf9-c39c-42c2-9f12-5b07ffed99ea,Control
e518f060-9367-4fd1-8bc2-d1e2a4e50bfc,Control
f928e528-4c9a-426d-ae2a-67c88ba7aa9d,Control
cba4fb71-726b-45f7-8454-02dbd2476784,Control
ee58e303-5a9c-4299-811e-2735eaa0ffd6,Control
46fa32b8-eb03-487f-8b0e-9033d973a49e,Control
650f0271-9e1a-400d-8779-86080c67a930,Control
e59b947f-411c-495c-bbc4-d80e03f274f0,Control
2733c2f3-ba07-40dd-9392-ebfdcb82130a,Control
a3fb9ec5-ef5a-46c8-b1df-de3ac479cfd0,Control
9f97b646-3eda-4aba-a44f-e69728d79ae2,Control
6dc91b85-06c5-493d-95b2-0ae351c26227,Control
9029f3aa-23c7-451c-ac95-596fa4cab883,Control
4897e31e-f9c4-4455-a6e4-462dc5f48f35,Control
7b4e77b9-2862-403d-a7ca-112abffc714d,Control
01972c63-a6d3-4cd9-9151-9d4b4b9e8a6a,Control
d271c6f2-d45e-4ed4-bdf6-ce3687a15ff1,Control
05479649-0182-4f8b-b9f7-096eaba5f7ba,Control
1e92915f-cb96-42c4-b176-110d946c6190,Control
33bfd3d6-7b4f-4de6-8186-1c9ef0445cf6,Control
9b0b2b98-1831-49fc-ab35-6d02df393548,Control
a1a9f6e0-b3eb-4cf4-a91a-69a0f221a44e,Control
6f3bb8d5-12cb-4237-9e35-df1d5edd0376,Control
1889618b-1267-4e61-991d-249f23e6df8a,Control
c0af3ae4-34f6-4297-9a8b-52e8e7ce9b2d,Control
dc01c9ff-1ff1-4b0f-9d01-f580d60fb577,Control
425f763e-1380-414a-8623-7bdda9a6650b,Control
48e5b99d-37f5-4504-9906-7e352e733ec9,Control
5311410d-a8d2-41a7-91bd-01f0c8bba93d,Control
253ad42e-1808-4d9c-a1a5-bf3cca26c41f,Control
e9b62133-d3c2-4371-ba55-8af07add445b,Control
4bd92338-83e7-4247-84ed-e919c99da965,Control
bdbea928-b964-42ed-b430-07fb52609c93,Control
13ade5bb-7c07-4604-8658-6a482921dd72,Control
6107b5b1-8e82-443f-a3c8-1691ed209c44,Control
4a7fdcf9-e4f9-44c2-8a3f-5fe9051fd454,Control
ac3d3a00-6d8e-4eb1-ab0e-7e79fe5f80ee,Control
480ef602-67c8-4b03-896f-b2a4e64b713a,Control
619dcbb4-e7c0-45ef-b23b-b7bee0d08b9d,Control
5af06d08-48d5-4d61-bcb6-c2cd3e464c23,Control
22a9fd19-60de-42ab-b386-64d3ac8fdeb7,Control
861b33dc-145a-41ad-ade4-6768ea0199de,Control
fbde54a1-6801-4476-931d-f19f09e12487,Control
9a570088-88d3-4f96-8644-81bc0ac9fd96,Control
d44540f0-3061-4475-a995-c7b5519b6fe4,Control
877abd1a-4a37-4bcb-bc01-d7e3a44277ab,Control
44dda2db-feb5-438f-b378-9cd68f64ee28,Control
fe546149-3ad3-44b8-904b-fe896c95498f,Control
270159ca-c2ee-4e3e-9cbe-1045cad35fac,Control
573b5a9a-af02-48ca-8c23-977e35df346e,Control
0bb94c56-fa8b-4196-9457-985204d4975f,Control
a51117dd-8c02-409a-baba-1153ab529aae,Control
c3b8e75f-772e-4e6d-bf2e-117fe9008a6a,Control
ea1331c1-ed54-4a49-954e-8942f1c23c2a,Control
6054072f-4cba-4795-884c-420db3f0795d,Control
27262b5d-f61a-4c49-8f2b-44cd4ca552c9,Control
7c5f6c74-e833-40bd-b95a-031e4a46082e,Control
982a545d-112f-4b18-9b78-d3cb51c5f9de,Control
96227d48-f7dc-4279-b996-5250e5372e23,Control
fa30ea7d-b636-4cdc-9a7e-a1a7a99f663d,Control
6e2cc48f-c2ea-401f-b080-02d22c7bf2a4,Control
d4011f02-4c19-4e56-ad29-bbcc4f14978c,Control
c7aa3f32-d501-4f44-9dc2-065704bd514a,Control
bda43a17-9dc9-419b-90ea-f9b95532fa50,Control
f04acacf-253c-4975-b060-b9f96932a97c,Control
8f202de0-f9d6-4a32-a5cd-4ca9a3366302,Control
ac7076aa-b399-4da9-8276-8f218c5735eb,Control
73391aff-e499-4708-9156-9a25ca284a58,Control
f7e37679-e1c0-4bb3-9453-fdf286c25055,Control
2ca2fb9d-5290-4a85-b5e0-c8463920c243,Control
b65ad88c-aced-40be-a6d1-f2ba9854c750,Control
c0123b69-2bbe-4b8a-9474-2a59b4c9a2e1,Control
ba7fdac2-0939-4158-82f7-c393ade30f4a,Control
768795f3-0648-430e-86fe-aa00f8c1c1bd,Control
44775393-4324-40ce-a039-afb3ad68978c,Control
8fa15e30-6e89-4d18-a68c-48edbb33bd36,Control
f702c2dd-b49a-4e11-be3d-f267f54717bd,Control
d33efb2e-8c66-4e8f-bdef-3bd00dcd5b18,Control
646ab5a9-d866-4ac9-b385-8033ccc6c1b9,Control
f4f9179e-2dc4-40d6-bae0-2e1ce6206e3a,Control
42baf018-2f5a-4bd1-ab5e-663b94a52d9b,Control
890ead4a-847b-403f-8d1c-09f6c7a1ead0,Control
92ed646b-e2c7-4aa9-91cd-f4abebc7c335,Control
b0aa7b42-a7cb-4c3b-b89b-3f114d5037b5,Control
16a342ab-62b5-4273-ae7c-7892120cf564,Control
7fc3bf45-3fad-4836-aece-cc54176762fd,Control
f04a4206-c6ff-491f-aa37-00a0dd52ea8d,Control
f85c2e5f-1953-4769-a556-5d8558b4fa9d,Control
3b6df647-a7ea-473d-9970-0299599e541c,Control
f56d128e-234d-4b6b-96f6-07852a893b14,Control
e22e4814-9c82-45c3-a4d2-a8542871a256,Control
a24f0923-f5c7-48bb-9c01-5b2f5c01e2ab,Control
bff08391-3956-4934-bd08-342a9ed67f26,Control
c991b53c-5380-4703-8b56-d95f726d4404,Control
85f5556a-9b4e-4355-bed1-ef03be6bf13b,Control
bbbb8f09-8193-4efe-87b5-d90c4fa09ac7,Control
a0d21a45-6e99-4608-8d81-f28dafd86a49,Control
e93a99b8-dcb7-4aea-841a-1c02189aa339,Control
1719cb23-8e7c-4369-b1a8-5e14b4f5a843,Control
6a32620c-56b1-44a2-80c4-28f0ab5b6dd2,Control
5b55bfe7-8ca2-42f2-9395-b6c0963cd1ec,Control
9ed67c8c-56e8-4d77-88b8-77f1eeb04f9d,Control
16ee12e0-3e9d-43d5-b965-4d2fe0ff9d16,Control
1767415b-2d1c-4b7b-a373-e6735aa7612b,Control
9a50f95f-3c95-4784-8217-5e2495fe9db0,Control
8f2f4339-31ba-4965-bed2-11c7af4ae991,Control
4594b675-8302-41f4-834a-541793fb11df,Control
1eabe17a-4f47-4afa-b5ec-5cccf9bdf475,Control
b3c34ca8-c84a-4e85-9d68-7ef1a8c5afd7,Control
c79ea87e-9b69-4c6a-bbe3-cba269c4a429,Control
6b42f6a4-9c74-4971-9e4f-b8a8531b0edd,Control
0cdd54bc-c6a9-48be-8b84-b90addc99bf2,Control
481867c0-9a32-4c9c-a444-cfb1a58e84c8,Control
9329d149-d3c4-4067-8ece-5844c4d12e1c,Control
42f91269-049e-4995-a421-f1eec271b323,Control
5778e344-fa8d-46c2-8945-f1d6b3b9147a,Control
72b4aa80-4131-4b48-b5cf-1515fe10c90a,Control
de95da65-ad20-46b4-abd4-b3f813a6f359,Control
4e88662a-7938-4f74-a8a2-eb1e6fd52d1b,Control
0cb24fb3-d751-4835-ac0a-a8646b44455b,Control
737c198f-49dc-4403-9a98-8d3cd72d5346,Control
d72c20ba-2417-44b3-b45f-d3096f414c83,Control
529ba737-0ee8-4b53-9693-b719aa2a33c5,Control
d28c0abd-49b3-4e97-a8de-ebd397e2b36f,Control
5c17bc3a-15a1-4cb1-808e-c5d43ebaabb7,Control
00dace09-96e1-47d0-bcdd-dd772983f98e,Control
2dc8a05f-4c53-4d7b-bda9-4ab487862aec,Control
bde8930a-1ffd-4557-bb89-c715e5d922e3,Control
bbf19792-7b4a-4564-8894-6cbfa3cc7539,Control
af838a9f-2f90-4504-bf3d-682186fb06d5,Control
a8d96514-f679-44d2-bbf4-0e0f75e15448,Control
7217211e-86be-40fb-9206-499b0540f535,Control
bcd0c0b7-b6ad-48d6-8103-16a6b4184fc3,Control
09670c66-2e8a-480c-9676-85463230d010,Control
a7e6dffd-e0ce-42b5-89f8-f00e73cb335b,Control
143e27c9-04a1-4f95-b37b-455793542966,Control
6f6f997a-ee2d-4c68-94e7-86be32b64d91,Control
43cb56f1-2489-4888-b560-e6af7de03777,Control
c2f072a6-37c7-4ebb-8bf3-a4430f4bd0d1,Control
f826010e-940e-4ccb-a24a-590b6fb09270,Control
129fc910-a15b-4c0d-ade4-0b265c797610,Control
61566f6c-9833-4fde-87e7-1a980c2b4d8c,Control
6904b7db-4431-4b41-b214-c9c2f870eb27,Control
30c2f17a-b507-4fe9-ae67-46e036a6993f,Control
5ee80de7-536f-491b-95dc-c5a0fb5a8662,Control
019779fb-7ccd-48c0-9fd1-4851f01c9f5a,Control
f8a8bf8d-d63c-4b2b-ac1d-49568014d588,Control
11a31384-5e2b-4df2-bbd2-244ac3e596df,Control
bc44a4b7-5a40-42fb-a5c9-4247f54947e5,Control
a1c3c950-4d77-43b8-bfaa-a652f2851ee6,Control
98265442-4ffd-4787-a415-c96f21eed6f0,Control
40ddfb73-4ffa-46da-b264-17598cbcb406,Control
e5fc43da-19bb-40e9-adb7-1f01336bff88,Control
b4a39d7e-8f6d-4c05-9115-3eccb1b51672,Control
1fd40977-5df0-42c9-aef2-931f8da1016a,Control
ab83b367-9532-4102-b375-4c37f8adb92f,Control
fa460e3d-0b1c-48b1-8b61-d51f2174b018,Control
4e5827e8-6878-4109-ba96-8798fc000362,Control
90d9da28-e38b-4331-822e-b44b5abd035b,Control
0e80dd5b-6ebb-4156-9227-24fb7ac17f51,Control
1d2f5200-4a7f-43c9-b36c-6a7eea81028d,Control
50c6a658-bdf9-4294-87c6-11ea383fb6ab,Control
b1b23428-6032-4fbb-9812-84cec8dcedb1,Control
52f0fbc7-5022-41f8-b3ee-db42dedcab48,Control
23464963-b760-4da1-9afd-97c6287dcd4c,Control
f6a806c8-d6ae-4e06-9b45-5f085f130e78,Control
57b2c972-5c87-476f-b348-886f6e15eb63,Control
a6ecee7d-258e-4c61-bc28-7bc688a9b61f,Control
a96c26dd-25dc-4914-96c0-4f9060abc2aa,Control
5dbe70d0-9207-4cfb-85fd-c767b5386ed0,Control
e6cb4de9-eb7e-40fb-b0d5-c2ee426ed11b,Control
a54827f7-2657-4419-9947-f89acdff99f6,Control
941f6f37-8f33-4fcf-b0c0-e53c33b400c9,Control
7bdbf6c0-be2f-4e11-936b-66c64df862fb,Control
d3afc373-6256-4572-8dec-7c33d83df615,Control
d90e553b-d0e2-41fd-876e-a17a5d9edc7c,Control
32726690-aac9-4bf3-9a7e-01e51f7e7f67,Control
b5b36604-69e8-4213-9a00-cb15150dae3b,Control
a03f9f64-1017-4e1e-a024-a1ae7a90a119,Control
3a8f606d-c115-4e4b-ab08-65be9ad995b3,Control
6c6aa44d-c0d6-4cd3-94db-4b02e5522796,Control
da13e8e9-58dd-45a5-922f-35caf86da024,Control
97e2d688-b50b-4728-849a-664f0d55da98,Control
8ca961d0-bd3d-46d8-935f-8811abba8219,Control
5d6de2b6-c670-423f-a7ac-20173bbf9c3d,Control
ccb797f1-ed15-4af6-a4d0-c268100daf51,Control
55ff8209-6283-49e6-b269-8ee47985519b,Control
c8c5cb79-1ee1-4801-af32-d65691345cfe,Control
96035ac3-80eb-440a-8f2d-7780075652aa,Control
a07b57a9-ca7f-41a6-a0d0-d09a191f259d,Control
2d8063f0-9162-497f-8c11-2723f2d60691,Control
7fa3b139-e67a-46d4-af75-2241a0bf9101,Control
fe23adef-d5fe-4598-8b65-43362d7e0da9,Control
6f81285c-057c-49f2-9d0f-bd083d466370,Control
8662a8e5-a13c-4607-bade-829902b14910,Control
ab2dd805-5318-41ce-bf77-79e642e45aac,Control
d5bc8b0d-e452-49ea-89d9-53a7ccdf836e,Control
7efeddab-8b38-4a4b-86b4-92ce0ec629b6,Control
122e3dc4-a2bf-449f-9382-e5525b093f58,Control
4b55b651-c826-48c6-a290-d22119d8dcb1,Control
ee5d4201-f4b0-4433-8676-dabd4b19b76c,Control
26fa456a-7044-45ca-9d49-b5145a7dcb10,Control
12562d4f-d4da-4190-93ee-4171096edfc2,Control
d74a0f92-7ec5-4716-b422-6efb91e851c8,Control
64dc85d1-9b94-4e16-a2da-8ed0c2534c7d,Control
acf62eed-a96c-4967-8623-aa9f0ada6b91,Control
11f13034-34ff-4980-a184-90dc3cf39b73,Control
f1868133-7cda-4991-9691-03e627bc49b1,Control
be0ecf24-7865-42ad-9062-e80cbefd4f8b,Control
059647fb-0cb5-4c67-91ce-f2ce4bd75492,Control
96715758-9abb-459a-bee8-2c75e843d2df,Control
ff1f456b-8835-4919-a605-4b4d90661a34,Control
214a33ae-a606-4bf8-9bda-456aa3957775,Control
28295469-30d3-4a97-96f0-41835d75bd01,Control
a9a87292-eb53-4c90-ba0e-b303df19ed48,Control
c42a1b20-dbf4-414b-9f6a-4106d38f9b2c,Control
2ad3c912-259d-451c-bde8-d7d584286486,Control
fb4198e3-854f-45b4-b210-89ff2b8eaac8,Control
97ef7c3f-3c2d-482b-ae3e-1f0e6540038c,Control
9583f840-409d-4f0d-8865-ef36398b8323,Control
4e6db687-2845-48fe-9032-ad8e0adc750c,Control
2c9c3ad4-faf1-4444-9bc1-3e19b5f003cc,Control
59471ff0-0450-42a7-bfa1-29fddbe76fb2,Control
f9cc672e-0db5-48e9-8097-ba1bbdfb07fe,Control
f6d9d793-d394-4665-a8d4-947851f16c16,Control
ddd173a5-32f2-4180-8250-034ec2c80636,Control
d8f9c0db-d983-4019-81e5-4232ee447806,Control
6d37bb56-4b5a-459f-a01b-93e212a34f91,Control
e37948d0-5cc2-4a32-83ce-6ca2047c4320,Control
b99e8b97-7840-4f6f-9269-2247693d60e4,Control
b4190a5d-c466-413e-ad42-25da245f4879,Control
0a460bba-3e5a-476b-96b9-c1d69623798a,Control
abbf17d7-e812-40e4-849a-eaec1bc461d7,Control
aa35e54c-22eb-4c96-96af-70bb80c3ae56,Control
3162a194-b9ea-4220-8cb6-4232974c4bc6,Control
a285f66d-0dd9-4ac8-bf4e-95d8e3c5633d,Control
fd90ad62-129d-4346-ab2d-7c3f5841e1bc,Control
203f8303-02de-4929-9422-2d9ad67a6371,Control
5a1c5134-0abb-4f91-8657-b78a6b8aa385,Control
96e866d8-4037-4eb7-9487-e69e3427d145,Control
fb140b0d-61e1-475b-ab6b-ed2d328d7603,Control
33145aea-ea4b-4123-bc7c-b2c22ba3e20b,Control
4aa82e47-6460-4eec-8356-4b302982ebdd,Control
fe0984dc-9bce-456d-ade6-c980ce293e75,Control
390bdc80-33f8-4c8e-a735-ab3db4600ebe,Control
c19d5684-a268-4c6b-9825-cecb5d160463,Control
f479a03a-f96d-45b9-9bff-4c5d34e31e4d,Control
5a742761-80e7-400a-8046-d80782043a3e,Control
6cf8bd2c-b7c8-495b-9682-81eb853ba447,Control
8b846491-be1c-433c-82c7-dde5dc39006c,Control
60b8d639-129f-49bf-9d68-a41d03ceace2,Control
f9cc74f4-c535-4b81-8351-410a8d64ce63,Control
b418e77a-48e7-4759-8c15-1cc469305796,Control
d16fe514-8394-46ba-8c34-c155f62227ed,Control
22c01189-f74e-4807-970f-0236d8074849,Control
f40ccef4-a017-49f7-831a-02c826ca90c0,Control
94f4fbc3-1e3f-44e9-92ae-6cf1618128bc,Control
04eb6349-42a2-4461-9572-ce41eac41bea,Control
4527cce6-176e-4882-97bb-a746d1037937,Control
ea68cefa-2f2d-4bf7-94eb-0b8889940b04,Control
5d482fc6-e1fd-47f6-a4bf-fa3d1ebc0727,Control
a61a414e-2d80-4753-9d3e-14b8e0e54b4d,Control
0dcd7995-5236-453c-9c98-9659660bfa2b,Control
f7523e08-cfac-4fa4-a7dc-e2df3219a682,Control
e130e0cb-bbd0-4aff-80cd-869f45591ed1,Control
ad13ead7-329b-4d78-819c-5f9cf902d0c4,Control
d6e93605-83c5-476e-9e13-8ffc042858f6,Control
53b0a8dd-875b-44e6-8809-913a1338e334,Control
44b7e8dd-daa0-4595-b549-68bff6a017c8,Control
6328937b-e210-48db-aded-be681c23fcc2,Control
11c25f5e-9d22-4c73-9fa6-54cbc2d469ff,Control
852f61f0-5d9f-4750-82e4-7279bdf67cec,Control
89a9e966-d488-46ec-8e18-0fec108a903f,Control
dbb0755d-f6d9-4f2f-9db2-0854683cce10,Control
4cfec457-9a6e-44f6-a810-c254e2313aee,Control
e54e5724-c55b-4f5d-a2e3-ba02bfbf9f73,Control
270c59b6-87f2-4c28-9ff8-80f6c997b88a,Control
08a16109-b94f-49b5-b54e-21a39a12ac24,Control
d280bf99-147c-4420-ab25-08b8c64060ff,Control
0feccd69-2d87-4543-934e-29b5ff742e43,Control
9df36b3c-7506-47b5-91e5-ebfce8d51a8e,Control
d1848868-dee1-4190-bc18-629d1c74843c,Control
e99c1fce-7f28-4c4e-966d-0128c8a26c0c,Control
21d28bbf-2af8-4b2e-81f7-447993b03039,Control
5f27a308-8562-4ecb-b615-49ceaa95d08b,Control
98f10917-fee5-4dd5-8a8d-bc55a141d12f,Control
4e7ef769-54d6-4438-a012-dd4b83c658d4,Control
967f85f0-856b-47d0-8559-174659ef50a0,Control
9a713142-cc54-46fa-8800-cf7799e9dc79,Control
c4492bdb-e475-4b86-93bc-b8288825faa9,Control
5d6b6876-b8c7-478e-b7aa-080d9db1343c,Control
fdc99df2-fd60-4a25-9cb8-6503fbfb9ce4,Control
47dea6ca-b748-4dbe-950b-cb535af1abf9,Control
af84cc48-a007-4dd6-bc20-1b227f121d04,Control
a50bdccb-b765-445f-9c25-51f22d6052b3,Control
fe70e95d-77cb-49c2-a9e6-38b63c5ad2be,Control
de169d0c-bf0d-423b-abb2-55b2df30ca15,Control
6cb35e86-5687-4b4a-8bc6-1a38bf5f1a84,Control
0e86f5e6-fb0f-4e2e-99e3-ed32aac767e7,Control
2393fb22-2e37-45d5-baca-c6df900b5d81,Control
8748b3ed-d255-4185-97ac-4041aa45fa46,Control
c0819a68-a05d-4c81-bf19-e7c16e549f5b,Control
ed7e91fb-8cb4-4da7-a601-172b7b32f5b5,Control
839710ce-f6c5-4a66-985f-68996cf4bd16,Control
a8bf1c07-5fa8-4a90-8df7-ca6167f314ec,Control
908361c4-0abf-48c4-8c2c-d17179e9df63,Control
caf3bf9c-277e-4e9c-9efc-df7ec0e3f220,Control
538e6ae0-69e8-400e-abc6-84491705fe8b,Control
36922dc2-2ea4-4e37-ae6c-3ffbf7d3ed04,Control
06871f07-26e9-46d0-b4bf-5c6f426d0ea5,Control
1ed69d02-5f16-4577-84a1-cdf207dfe5b4,Control
2513ea5b-5232-43b4-ae9e-7c5ccef1506a,Control
ee969613-3d19-4ccf-b47e-e152bd3c1c6e,Control
3fc8142e-2c93-4eae-a1ff-1e264bb5bf15,Control
76cd9f90-5cdc-4ec0-bf8d-05e47412ac3c,Control
e7964485-394e-4047-970a-0a9ac3fef265,Control
8ec1aef1-1c2e-4a90-bab3-beddb7766d89,Control
36fb380a-b4bd-4930-b46a-4409f71771c8,Control
5ad1ccff-a5b3-4aa8-bf8e-94ab975fc21e,Control
13028637-72bf-4293-ad03-e62d4ba86857,Control
f5087349-1e93-4a3e-82e6-f144070293f4,Control
ae19ade3-f319-4624-bad7-0af82688ac80,Control
aab3c322-4717-4d1b-b14f-d2b9c1ff515c,Control
17e3978c-afd5-4283-9724-efc29194427e,Control
4cc52aa7-9770-4550-9cd7-2357cd2ad731,Control
8c3b5352-b82f-4ef7-b005-5533fa5e6540,Control
069a3478-d7ef-4595-8dcd-569cc6bb9110,Control
b306bd4b-5466-4908-9388-67050b487aee,Control
da02ba00-2b32-49ed-99f6-49336557fccf,Control
734d35e8-1a5e-4b68-9c63-bb80537f8c08,Control
dc227f8b-0a42-47d9-a274-ee66a031698d,Control
921d6d90-141e-487a-8faa-249a9084f076,Control
7fc9d888-823b-4ae6-aae8-32548a21df92,Control
9881084e-a781-4f9d-9c1c-ad67b4f2f869,Control
0c60ce78-aa65-4479-96b9-bd9ec4cd9db5,Control
81a453e5-ddfa-4564-8a0d-c7a4d3bd087a,Control
03ece342-2182-432c-9d2c-4f7ed6a40a95,Control
6e5da40b-e5a4-452f-a60d-588a41e8af2f,Control
c16c44a2-7336-4b88-bdc2-b76cc65bb897,Control
1133617d-6d5d-4a9b-a386-964689b8a589,Control
bc6e554c-3b44-4446-b8dc-a908f4fff77e,Control
fb51ddf3-513f-412d-9174-f74327cad914,Control
ebdebace-e031-43c5-b7cc-0213cf246ec3,Control
c393f997-dfa2-4577-9bf4-142070a7e2a8,Control
c9ef6de3-adba-4102-b52c-45c813e554a8,Control
1a28f5c3-1313-4c19-9161-f1edbf4d38c3,Control
e2d5432e-61cf-4f49-864a-2deca5a320e0,Control
4d74ec83-fd82-4df4-bab3-ee02092e5019,Control
e851bb0f-4228-4565-93aa-e46ced07ea09,Control
43ac6820-8c37-4eb5-9511-ade7f12b53b2,Control
a79e2570-8f05-48cc-b258-a2728923f503,Control
b200d462-015a-4fa2-8384-29dcdecd03a4,Control
c493a2e2-11c3-4498-8fb4-15a45afc8eba,Control
89e93bb0-4906-44de-9d17-86471803000c,Control
59eca401-3b88-4afa-9a68-7b362c47b800,Control
436f4215-6e2e-492e-9cff-ce2ae222be15,Control
45027f59-0867-4dfd-b4d0-d6e1521d23d5,Control
30842779-bf65-4c88-9d29-e974a177ee60,Control
086e9ab0-60f4-4e56-bb22-766a66485c1e,Control
9138956c-30ac-4b94-80c8-21c03966718e,Control
d58e3b39-c805-41eb-b35f-a79619c75177,Control
a6e2587c-2540-4b45-9ccb-1a38c7888b9b,Control
b02bdc99-7be0-495c-9bf3-125c63e0d26e,Control
6f162ede-bd81-479e-810a-3b5b8ee61955,Control
342e89db-2cf1-4a93-ac46-d2b7989a1aef,Control
427912ba-6cc9-4dae-947c-6501dab4767a,Control
c20c18a5-8cf1-4021-9e97-d94eefe1be36,Control
cc05d3bf-a020-4fc3-8cb2-ecdbeb48f343,Control
a6d5d77e-9609-4040-b8d3-5e1028f7ec67,Control
49936578-e0cb-4a95-940e-7ea4cb1801b2,Control
848681bd-ba73-4db4-bba8-20f4e233ca58,Control
cb27393b-9ddf-4528-8e43-c157cf124c35,Control
8ad664fb-b111-4f9d-8d8f-156064d28a12,Control
6feb2555-59dc-49f1-a9de-5dcd3aca9b14,Control
8f023a1d-7729-4b67-822a-77d37a853735,Control
b3b85f5c-4896-43c7-abec-cf4e42fce6eb,Control
cb774fb8-05ab-41e7-a691-4dc94d106135,Control
d8acb38b-7906-4a5e-871b-1bf808c8e87b,Control
992c600c-90a4-486b-9579-7f748b8b93b4,Control
ab0b6be6-53e2-4eb9-99d2-b2d7c5e55f49,Control
22bec87b-7deb-485b-8c30-00d3f6717e8d,Control
c1e12a31-a252-4e36-9888-fb600bc46ee4,Control
bbceac1f-a580-4401-96fe-ae21a13744d0,Control
eaa91a93-a6f2-45ea-a407-cdadf064f409,Control
cee75e26-0e2e-4af4-85a9-5d245d68f886,Control
6739dd31-18e0-4b65-b7aa-daa781679cb5,Control
51e8f825-6158-4634-bc16-a86b0f6cf61d,Control
d60d75f4-cb10-4715-8afb-a916c0b1492b,Control
9cdc1572-4f31-42f7-b36d-db0fca562eca,Control
f38bba72-c93a-4615-8bb0-56354243df07,Control
fdda194e-f7a3-4d27-a273-b14699c252fc,Control
f3f553c6-f874-4df0-a012-a02b4464b309,Control
cd521db1-53ef-415e-8940-e734e33a4163,Control
d5f92578-bb4a-4640-9d8a-dd3c32478e93,Control
37f4df5c-319d-4999-9d59-f4f82b778a6a,Control
c4eab177-21bb-4111-b45a-14bb8e3a031e,Control
b1dcb883-adbe-4edd-bcf5-be0187bddca3,Control
7f7c8f05-f7ec-4393-8939-a44cf8ebd60b,Control
2e2e6451-71bd-421e-9400-c78d5982132b,Control
2131d32b-ac52-4838-92ec-14b91c501456,Control
ad106580-4f18-47d9-8c22-62ae2a976d03,Control
ae5f04dd-4f04-4f3b-8de9-94b1a446a685,Control
5997f60f-1046-477c-ad98-58bb50f27422,Control
699bf144-a02b-4dc4-bfe8-12a36a3a0a1f,Control
af4445b5-7195-4412-8e45-2aba565eb9bd,Control
34b1f6dd-9e09-4a90-8961-f35e2a66b3f8,Control
4618ab9c-7217-4448-97ed-214f2f939cbe,Control
2600f88b-8636-4a9d-b260-cdd2ad5c1deb,Control
7c6db33b-40af-415d-b638-a663723b3859,Control
2d44f6b5-7175-44ee-9ba5-36b1ada706fc,Control
b94190b4-143a-4f66-b844-ba09fd295c78,Control
7751cdc5-cc76-4da7-8d63-74f8e5514969,Control
b3d2cd92-9353-4936-bc3c-c4343d0fd40d,Control
7614530c-6a09-4223-8880-6d3632dfb96e,Control
85e6f447-d615-43e7-a8e2-4bca7e7ceb40,Control
84600dca-6e7e-4104-9df0-821c03e1ee82,Control
4fd6b346-0b35-46f3-bba0-5bb1f58f8e39,Control
1d124f7a-ac69-47cb-aaa7-7b928922e096,Control
435f7d1e-c543-49eb-8b96-09d8471ab5b8,Control
57c21cbc-ee1a-4312-9536-4b020fee1903,Control
49e68908-9e71-4aac-95f2-93622e190a7c,Control
63b0260e-d504-4ea3-89f7-e3054625c700,Control
26524097-dcc9-4517-bdec-1f60b7cc08b8,Control
45c051bc-116b-4c4a-84d7-20cd52e9d3d5,Control
2830743b-dfbf-4640-be9f-295137e90bd4,Control
7a9b940a-7527-407a-9d08-dcd4774d6ec4,Control
b540ae94-10dc-40f1-9889-3bf03f9ec3d9,Control
e3b3458d-ce6f-42fa-a629-d8c3bd16c71b,Control
19474946-7ec1-4181-8c8a-ace84a3ee29f,Control
01a8c468-f25d-4067-a9f5-675d9f75d28f,Control
fbfe83cb-83f9-49b3-86bb-9dba2ec77cae,Control
7688ec59-57e0-4e5a-b6a3-f5e6990b2be2,Control
101833ae-f15c-40c9-b1cd-2123dc6be870,Control
9af1114b-9021-4d4e-9dcc-161d032173d8,Control
782db734-6a26-4daa-b9d5-ef2a8286e2be,Control
57fdbfca-fcd3-4651-a389-2ee6f6e9e131,Control
2bb73170-7e67-41dd-92c2-2c7f3535f186,Control
dbaf8fa4-ec35-475e-96b3-b2e2b6568303,Control
87ec4175-4d5d-4d96-952e-bd10c000e7a4,Control
6be1b813-dccf-4eb3-985f-889c7286b3a0,Control
7f6dfa82-64ad-4a0e-a5f7-6f317d99b3aa,Control
0427a6fb-545a-4963-9bb1-bb9cfd1b389d,Control
a491bfdf-b0db-493e-aed4-e72e79d52b35,Control
ce32c0cc-05a6-43d4-94b3-7246444b9a55,Control
e02712d1-7692-4d8e-9ac0-66da96dc837e,Control
adece719-1b4d-4d64-8d41-503db304a509,Control
034acc38-3afe-44d2-8b3b-caebf1e24091,Control
7664b9bd-9870-4794-bef0-9a5cf40c9f84,Control
e78b3861-b8c0-41c3-8a3a-c719046a6daa,Control
da61766e-43e9-4349-acbc-8daeb105d6aa,Control
c1c3608a-7ea9-48ac-b2d2-b81ad7e6e924,Control
36896af5-a82e-4ec6-a514-4aec1af0d867,Control
8a9c677f-fe10-40f3-ac1f-0d6f7d10c2cf,Control
4d4e429e-2b4a-49aa-bc09-5066d336c84d,Control
f63909b2-1744-4eb5-ba4b-aeee070b72c6,Control
fe6041f2-a865-4304-8519-6fc090f7430b,Control
21dddb2d-49fb-455e-b27f-cdf3c0d106ae,Control
646f3dfc-60dd-43a9-8b3c-4cb797095bdf,Control
06b2e13f-a5e2-43be-bc8b-637445b0dc36,Control
f1fe3dfc-cda6-476b-8f08-98617486177d,Control
03d3d49f-a468-4745-b9db-104017cc56e4,Control
232774f9-35eb-44fe-b420-7199b54d28ed,Control
bbc44162-217c-4f2c-9198-b89aa71a27be,Control
cc51be4f-43c6-45b3-a91e-77eaa0c5dc5b,Control
39498a0e-079e-46d1-b979-b44b417b1b63,Control
82379a17-ba6b-4632-aa23-9d6ea06f7c82,Control
5ed5d785-541a-4c3b-a108-98a7745ab4f4,Control
0e6f2a62-e38f-4ab0-a2da-4eec4e7f870f,Control
3dc0f8cf-c567-4fd7-b4c7-bce7da837c58,Control
08a31f66-a76c-4d0d-b132-3f36bb1a9f26,Control
0c5cae50-f462-4a81-b3a2-cca4def0b3e6,Control
a276042b-eb25-4aa7-a89e-68a225a76438,Control
8e04b8e9-fdea-4eb1-85fa-0440eee44ce3,Control
8c95e064-8528-4712-a5f8-8151c7a443fe,Control
88719b5e-a172-4c42-b37f-83de698e2f84,Control
08c0feab-96e0-43b6-9aa7-56d0356d66f0,Control
0f5a689d-6890-48e8-aa53-319213ea45ea,Control
be4988a9-66fc-49dc-acec-14b5921bb5ec,Control
f6d64cc0-b9d1-44cd-9cee-147e00795258,Control
65c9f12f-d946-49b0-9450-db510328a775,Control
d46ff061-4173-4ea7-bc4b-8cf7150784e5,Control
914e5e00-aa16-4557-81d2-0e42274bcee3,Control
5dbca901-909b-4983-a20f-a117153fdf44,Control
99d02545-6cfe-4323-9dbc-c18ff12dcad6,Control
4a20629a-68da-4310-9bcd-885a8c470077,Control
ce3f2a85-21c1-4613-a446-d308df429085,Control
c0017246-4b26-44b3-ac39-3307efc93be4,Control
3e182bef-12ba-4834-bece-47c4337baacc,Control
86f21bcd-4d3a-4b92-b154-3197595e02a8,Control
b376565f-9223-469d-9148-c50db80caef7,Control
21dddc99-a04f-44c5-b317-bdee53f9d421,Control
6db3b607-81b4-4fd2-bc3c-752a0a20c961,Control
b93f7c45-f0b4-4171-afdc-4ef9addbabfd,Control
b80be89e-2f56-4cf1-8a16-2d6e373e0fd8,Control
64c8fb59-2060-47f2-8492-585984018e46,Control
8234e304-10ee-408a-b800-11e81a366344,Control
289d3e3f-4b9a-4899-8a4b-a5c28df17e78,Control
ec772465-bc20-4f2f-b981-24ab4dc1120f,Control
0e3d3793-7016-49c6-a39a-808a30c55569,Control
e9c152ef-79b1-482d-ae01-66750c19e1d3,Control
616363dc-3cd6-4912-a16e-b969427ba055,Control
54db7ff3-ef20-41ae-af47-e3b419eab1bd,Control
e8910d28-6d48-4b54-9f0b-39986b7fbbb6,Control
7f59288b-fdda-40e3-a693-57afbc32bf3b,Control
7d256ed0-b8bd-4e61-a843-1be7f5909858,Control
44e6ccbb-6a9b-42c1-9aff-ee35f4f0f2bf,Control
cff5f930-e106-4f21-b485-d2cf4f518812,Control
e2f4d98c-4bc5-4aab-8945-6ea6d9598401,Control
96647881-2c3f-4bc5-9908-cf0ad7a988c7,Control
e65ffe99-ff73-45f0-9f73-511b84f7a52d,Control
b0928b49-73e7-4806-a80b-c8013f54495e,Control
3ac5d9f4-0d76-4911-891e-3301b43bece8,Control
0db8ecb4-5a65-4112-a042-c87468c2da43,Control
25ab2c97-cb1c-4ceb-a242-362f92b8d4bb,Control
96cce22f-d0b3-412c-8234-2f929cca4128,Control
5c695bad-029d-489f-8697-07af47d4ecf5,Control
c0a9ba3c-0e2a-483e-a01e-58a9d2879d66,Control
f0b80cfd-b72e-4a9d-876b-88e0d2d82e88,Control
1cca3648-b613-453b-a30f-f35cccf63898,Control
eb9775cd-3451-46fc-87eb-af315cdb238e,Control
6736f62b-78ac-4f0b-b650-4c80ece6dc69,Control
e36d0e68-25e4-4c8e-9d39-bd0d254d0bde,Control
22badfe4-bd82-4664-8bee-e419fd3aec6b,Control
ec0782a2-3b90-47c3-8f66-981c9121ce8b,Control
79a3c35b-524e-4d25-a3b1-d1ec4d60aaa9,Control
6e020d23-2647-4a29-a0b0-0ea7cdde9a90,Control
53cd250a-3640-49f2-9217-3245a71f5407,Control
59fbc2b6-bab5-4fc3-8b49-23117a018799,Control
3ee22830-c33e-49cc-8d31-4e5296789d48,Control
0c255fc1-a45d-4a0d-9833-29f5ec639df0,Control
8dd024ab-b47a-44df-806c-2ebb58a65fc0,Control
e38db797-41f8-42cf-be81-335e02390a3a,Control
5dd86012-a2b4-4e8d-9a0d-cc46ab192c2b,Control
5a216857-266e-4eec-8d50-0b753aa161d0,Control
cc499f71-1a87-469f-a7bc-8127b5387637,Control
ab074c46-168a-45a9-9944-a8135f89b556,Control
18b989fb-cdd8-48d7-aad6-2ad6efb06b2c,Control
72adaeee-cdf7-4447-aace-f4295383a910,Control
94ca1499-20a6-4e20-ac75-a22cb2cb646f,Control
7ef4da00-5325-444b-b397-5db0f7beee36,Control
b260b11d-e9bd-4efb-9c70-aeb9263d45e7,Control
0fbf2e9a-56d1-4a80-ae41-821792de27e8,Control
ba801cd8-1db4-4dd4-bfd2-8a8444245eed,Control
58dafeae-d2c4-4365-9f1d-4bf9409af2ec,Control
139b95e0-becc-4b62-8bed-c0954bbda4ad,Control
37378436-2dec-45e9-acf9-16f18d81c1a1,Control
21fd0113-af4f-45ea-a7d9-0412354d7fff,Control
da769e39-5b8a-4fcc-97c3-f5c89b273a7b,Control
e5cf3d97-63c6-438b-b445-347d6bca4d8a,Control
9acf72ef-a80d-4f97-8c61-5edc2f33820f,Control
157b6928-7ff0-456f-9903-f2025daf6d03,Control
2a6948b1-35f7-445f-91f0-57138da442f4,Control
4065ab34-4773-4da2-9d10-e5ec9390c1e8,Control
a0e4e625-675e-49fc-9e8a-fe94bd6f6565,Control
423a975e-ef84-4275-89e2-25ff6435c228,Control
47cb2028-53d3-4b1b-b688-f76ddf3f3732,Control
e3e2854e-3fe5-4b7a-bd4c-e5e087f7ebef,Control
560f01d1-7724-40e7-a773-67745b027787,Control
5ee7da93-45ca-4bb8-97be-23238f58dd1e,Control
5283b95c-c0ab-4135-b92e-85a3826adc92,Control
90ec0938-b9a9-4cde-9a79-8882a34d32a2,Control
b8efc222-bd81-445c-b82f-e2001cca9bd7,Control
1c5f00c8-c5a5-4010-ad67-95ace6431cfe,Control
3b67aef9-1f0f-4295-b6a2-2d071a3c598c,Control
09ddc88c-4fd7-4a6c-a374-87e5c82a60f1,Control
33a99afd-bcd7-4f4c-8193-1eca1ccfaade,Control
0773aa97-0dd7-488a-bde6-a9afea1cd05c,Control
51c22ccc-3a75-4402-840d-bc9e30eb0acd,Control
a77ddd80-1b18-4554-bd1b-083a198c1b9e,Control
9f704cd6-7611-4ce6-94aa-0112bbffabd1,Control
27b76204-e250-4979-ad9d-3d1eb1ffd8c1,Control
5c986b46-1d4c-40a3-b373-32da4a0c4b33,Control
9e2dce57-aae2-4f43-8edf-e2cd8b344356,Control
d51e446e-e04a-44cd-9972-6ea5f299c02e,Control
6732fafa-7d2c-480d-ac10-569904ad82b4,Control
03fbe6d7-1ffe-452b-ae92-e63345ad86ec,Control
0a52e830-1da3-4140-8e93-5f54f6a8640c,Control
1bd904d2-c434-4af8-b46d-4077c5717267,Control
28750610-b6a3-4140-a3bf-90308ef55f7c,Control
7e444d2a-7412-4f8b-9962-920866bd4e73,Control
22d5c908-f761-4428-97d6-87e9b77b79cb,Control
743ed20d-ad51-4992-bd66-0ad75797b1e0,Control
f42af0a6-434e-418a-8acb-e5de5544ab3e,Control
47136114-bca9-4a8d-be97-f12dd3d3946d,Control
801f687f-2dc6-4272-9841-55d01b4e6918,Control
0a97ff66-1f2a-4ea5-a99d-cfa8b5ac205a,Control
d3677670-2bf0-43f7-8140-942d4eed9a7b,Control
917e91c1-8545-4b56-aa6a-9fb407216ad3,Control
4bc5af2a-887f-4c3c-b71d-c924aac46d6c,Control
08ab88a0-ad82-4603-9c68-532c0bb29e77,Control
6da56a08-efbb-4edb-affc-fdf304c1e685,Control
a85cf190-7a18-4ea3-a577-acd093182dfc,Control
461a39d4-2082-4806-aff0-480bf3be8c81,Control
45d499b6-1ff8-48bf-8c92-56d5a6f49c44,Control
ec95627c-3f64-4536-83d1-d222372cffe9,Control
467db7fc-238e-4a2c-86bf-b4c109bef836,Control
41990ab0-be74-42da-a5a2-2e5a12e04a35,Control
1e154218-18f5-4599-8d52-c27b5a3842ae,Control
13f63780-ca8e-4837-a253-74abe4d8bd85,Control
cbd58382-e4f7-4995-a622-944aed6abbdf,Control
66f9b9ce-fb19-4d74-8db3-9bab7c95886b,Control
8713a27b-bb13-498b-b194-283dfebb0ded,Control
ec05a5dc-3371-4cf2-aa11-047ad62a5cb0,Control
c2c421d7-aff9-4449-bac5-efe9462bdc18,Control
7cf43844-f751-465f-af30-9f0d56e4f72d,Control
6bc5caae-f47a-4876-a467-9f827f2dbc13,Control
fed3a201-56ee-4a14-bbe4-ed973c2f19dd,Control
10e0f486-fab4-4474-a72d-7179948d17dd,Control
c9fd3944-bdd5-415e-896c-7cad3f3d8c16,Control
dbb2569b-d01f-42cd-ad82-6fcf1b9c3841,Control
9c569719-ee92-466e-bfdf-2476b9fe0381,Control
0c3c7094-8fbb-492b-8b53-0be770357575,Control
0d1f790d-5d40-4c27-8fca-f756e2047f84,Control
1ebc6a42-9e5b-4f62-97f3-fcd4a3808bb1,Control
3ba8f684-e06a-4c32-8ce9-c1960ff55a92,Control
b9c76820-8241-46da-bb8b-84420c0b5f97,Control
b394ed96-118c-4102-bd77-6f0e450341d6,Control
12f749ec-b503-42ab-8cab-02fa46b83365,Control
e857c4a8-a480-4619-9513-544b3813205a,Control
581cdfd7-9fc7-4ca4-b806-330462d66849,Control
47b3261a-901f-4f56-9141-efd7b7c54e9d,Control
20ad84a7-1e32-4863-a9e8-71a7effe8d0d,Control
18e05f66-bbf6-432c-aad8-f7b323244c86,Control
e1ef5286-ab20-47a0-b998-8555d897ecbc,Control
fc72ad7e-beea-47c6-ad32-2525065d634e,Control
c4485ddd-87a7-4d5c-98eb-3a4094b55296,Control
0c115bcb-73e2-4cf3-9b02-019c196e63be,Control
4996ede0-3f17-4bc1-8d98-167df14fa0b3,Control
3e4dba16-aec8-42b0-8a1a-85b01e82d826,Control
607b87e4-2ffd-4bf2-b487-b9002527b2c8,Control
236ca85f-cd1a-4ef7-ac91-5d9646e17666,Control
b6a4b186-1040-4f15-9809-5b35b03e9b2e,Control
ab4f28d6-9f7b-44b9-a257-24df185de843,Control
90492273-7344-428c-9df0-543431693aee,Control
439242b3-0e34-44d5-b0bd-de08574cf62b,Control
371a1749-408f-4847-8216-1e036ed1360f,Control
96cbaf90-8502-4a82-a404-a71afabed6e5,Control
6daedd9a-ad84-406a-8098-4fb88b86d19f,Control
a4abbe75-bb48-44f1-869c-f4406c6baa1e,Control
955dc242-c2bb-4cc1-bdb8-31d4a5b0d74d,Control
564913ad-d4a6-434b-b061-10ee9bb88950,Control
369d1d78-d0aa-4255-93b8-e4df91650e58,Control
71c3e9e0-990d-4c82-9edc-da7f7ca1e161,Control
bbb11f66-1da4-48c0-8ecc-a13c40cc0e10,Control
a7b18556-6be1-49c5-9acf-cdba3a41b32c,Control
a33c9ad9-5ced-45e9-93ea-e2cb5969d6a5,Control
d6063920-f389-4d57-bd86-c3c0605f1bee,Control
3255016f-248b-4412-af94-b70161bcd10f,Control
6526d4bd-316f-430b-8feb-197b57ca4ac9,Control
ae5de11e-2f49-41ee-8935-15a29d79aef7,Control
9cd0d48b-08f8-4d74-a718-1ab6559c22e5,Control
c67d619c-f2a5-46a5-a2bc-d11e2adf579e,Control
74c1cebd-85b4-48e1-9415-f5970affbbee,Control
139b7a8f-523a-4554-802c-8c92211ae6ea,Control
0cc5e08f-7deb-4cbc-9470-146fa52ac868,Control
7ff10d29-2bb1-4144-9233-c649fea34e60,Control
83c53258-fded-4b74-8835-8feac9df23d8,Control
5c894dde-c400-431b-a0c7-ad5319114b3d,Control
e9b6d838-b055-4ded-bab6-a89e9090561a,Control
8e27ff89-acad-46e5-a485-9f8dec110f4b,Control
9ced1d84-64a5-457a-b610-3d0ca45fa130,Control
fb83c314-81c5-4512-9ae8-d454920541d0,Control
00b293f2-9bda-4727-b998-ca9b7be0ee12,Control
dc88f2ea-4c1b-4c2b-88d8-62d80e3535df,Control
3a074752-8754-4ec8-9957-68f1662fdc75,Control
6e02a335-9fd1-45f7-a5bd-17776c8bc938,Control
01acb659-1334-4e18-a35a-916453ad4c4e,Control
7912a9d9-f3ee-4e6e-990e-3ad3555704e2,Control
593e3234-4785-44e1-a1b0-3ce53ff0a88b,Control
4ea397a9-eee0-4ad3-8997-2b2d3ec691bf,Control
6132a98f-092c-428b-b1cd-72b4753fb063,Control
a3bec59b-e6bd-4206-8002-f8edf182ec36,Control
4ed42299-6fb1-404a-ac9e-cc317e5a18ec,Control
5580722a-8a65-486e-b5f9-caf9939a9798,Control
2cabbb69-13b8-4702-b58e-b27c9aa358d4,Control
a792466e-1acb-4b4a-948b-0fd6cb07251d,Control
6211f5a9-bca2-4f2a-be89-ec9358f7c39b,Control
98a56c24-1aff-446c-a6cb-6227bb5e975a,Control
6d38d592-5394-40d0-a77c-607c2e21fa7a,Control
1dfc4b91-497d-4be6-9367-63edb9775550,Control
0aad6346-a4d5-4321-9d20-748bda4d3fbd,Control
85b28a0b-5de3-470d-91cb-216f9115a654,Control
2b114a4a-246f-4168-bbc7-ff4b82ddc846,Control
4f6bc75b-fe2f-4114-b58a-12033df41ada,Control
0ac8c27a-8c15-4529-9330-d50db85e7db8,Control
83e3edb7-0d64-4643-abf7-f956b5285806,Control
5980e3a7-3759-45fb-8bf2-df5026935574,Control
8f7ad8ff-e942-4ec3-b096-acfc37eb206f,Control
673bc92b-71ea-4c1f-a8b0-d477623205b5,Control
7ab771c6-2b5f-4bba-8dd9-cfb1f27408ba,Control
51f790bc-3ddf-43c4-994d-75c1b3a7620e,Control
e203a4fc-d39f-43b8-b24e-d5002df641c4,Control
2de0e1e8-585e-4f98-a81a-1e5ddde5ee30,Control
e85ba3bf-a434-4b64-a415-d2f6744313d9,Control
a97a4ea7-e630-44fe-9ae3-d18addfd81a9,Control
efe75b39-f0d6-4931-8ba8-f4d45c6d7808,Control
0497def4-c7fa-44a5-b262-cab687b3d49f,Control
1341451e-4c3d-437a-9ec0-a19a5feb2bf0,Control
c5c3aadb-0552-4c8b-8d33-01bde238fcfd,Control
fb9b293b-a6c8-4a25-8ef8-695cb91139a6,Control
ed8fc7cf-8701-4d6d-8194-e1d39ff03f4c,Control
556d6ce8-b79a-4c86-8522-09255fd0a329,Control
755d3be6-f876-4b0f-bc43-81650eb3c3b6,Control
fc1ab570-b9ac-43a3-99c3-662949342c15,Control
4f305897-8ed1-4847-a693-6addd912be79,Control
083ecf4b-f2b9-4652-9567-f46a8c18f9b0,Control
c9b84c13-2e42-47e0-b211-3dacf72f2bcf,Control
45a9ef13-d0c2-4729-b33d-44b34770034c,Control
95ea6deb-33a7-4cc5-8b10-cdd57dbb36d6,Control
f8e027ff-f773-4ce1-aa38-81a75219ced3,Control
2b347d73-2ca5-48c0-996d-1f95b0ebbf69,Control
94dee62b-c822-4670-adeb-36e991c3af42,Control
c77ac710-0df1-48b7-b025-f52c622cab98,Control
5d63424b-9917-4cfc-81b1-f72b9a61103e,Control
11cebb2b-4a4e-4e6a-9b3b-510e0d6bb018,Control
5c825fa6-2ff0-48f9-8a44-988172cba0ce,Control
823271a6-bd29-4c59-82bc-4b92e0876495,Control
3a9cb80b-1c20-4d1d-9fa3-fe7753ff01bf,Control
86c4bdb4-b8d3-465a-a055-0a43986e3efa,Control
b577fe02-7fe7-406a-8b25-aeebe198067a,Control
25883d86-5d0e-4b00-a3a5-9a9490099823,Control
9ada7ef8-c30f-4bb1-bdcf-e7211c3579fc,Control
90066e96-b51d-4777-89b7-55a464ec9c59,Control
eb32cfa2-d765-4505-93fe-b0edf6c9faf2,Control
963a2da7-9a25-48dd-9705-8416bbe37bd8,Control
6d6877f9-f0d3-4287-ad4e-082afddfbec6,Control
8c70a09a-00ce-49f4-9fe2-a412ce4f7442,Control
cf3d3900-4854-446a-b3e2-2af26408b048,Control
8abc886c-b6ca-4242-ab83-5e1cafa2981c,Control
ff164f56-90f0-453a-bd47-65ec295c36f0,Control
a6426461-9ed8-44b7-abb4-bec58e53a372,Control
9728b173-3e03-4055-9540-88d056e3e7ae,Control
782c927d-7ba3-4ef0-859f-592808ac047b,Control
eb4ffb2c-89e2-45ba-829f-77d75d661db2,Control
2798e762-6188-4631-87cd-df0ce41287ed,Control
3c937be0-3f5b-4502-9847-9c8598018734,Control
b826aa4d-3fb4-45f7-bec8-5b5ea3de80a6,Control
d8c0ab17-37b0-46a0-b225-3d595ae9a9ed,Control
db51dfed-7084-4121-8e76-3b8b93e961d7,Control
69cbceb1-8d44-4e97-9e1d-80c12112dbab,Control
d534aad5-3e22-40e5-8766-3ba8e6e5200c,Control
5c35dd20-cc80-4adc-b275-5ea1216e8d7c,Control
ee48aedb-5e9f-42b7-9a01-529ef65f92ff,Control
9d10c9af-a675-4c79-9e24-56b3fa475808,Control
848531b5-68f2-4f08-9888-ef12d568d7ea,Control
d73c57fe-c7c5-4f77-8de6-cccaeeacc3ce,Control
3e1c4ef8-c53f-4e8e-920a-394476fba73c,Control
9e8ed5c3-960c-4311-91a8-3194d3512b40,Control
0a4362d2-bf37-4a63-be6d-e8c06e9a96ee,Control
5b3b8322-ad45-4b50-ad28-06da232178a0,Control
f2df7df1-a8d4-4dc2-b590-98b8f270a2e0,Control
c0c9399b-5e55-46f9-9e59-4b1e52b27fee,Control
116d62fe-befd-40ab-9db1-01a050abda25,Control
76df25f3-b1a1-4fa6-a0c3-df3200b3dce3,Control
bc028038-3cc7-4717-919a-fec90f94e3e5,Control
bbabadb0-03a7-41db-a235-d0e03d35734b,Control
b9eea13e-2a6d-4020-8937-bc2c3026a31e,Control
5bc8288d-8cd7-45e7-840c-6b44bcca8084,Control
bedf19f0-90c9-4ee2-b03e-ab6d68080491,Control
683233d4-f773-4305-9394-4ae0401b3938,Control
50209d89-dcba-4d24-ac61-e4c2eacad31f,Control
bc66c574-e6d6-4f6b-83b6-bd944153284d,Control
0acf7cc5-0dc9-4038-91c3-5ff0b0767b77,Control
b7133e0c-c8d2-4f1e-a42d-5f4e5b434109,Control
5c6a6593-02d5-4ea8-8ab4-3c1f22fe3b04,Control
6a1ee57b-5e3c-4401-acea-e7646d1aa7c5,Control
1ecc50e2-cff6-4ee0-bc74-f45c55915afb,Control
b0686abe-1040-4f62-a5e6-b39f9f4f59e3,Control
2e9c8eab-452c-470e-ad3c-8884a323f899,Control
f7fde028-52d4-444b-8c9a-de32543840f7,Control
640ede83-70c5-4e9f-8650-cb4837c21368,Control
5bd74dcf-11c8-46dc-bace-c0e567929170,Control
e72bf446-89a8-4440-ad92-322d6a2609a2,Control
d7f3840e-e2a8-4250-afc0-7d9ad0241ea2,Control
a81a29ed-b689-4f40-89c7-d0cc6e69b808,Control
ada8f063-0290-43c0-b6a5-21b987d4f1b3,Control
915c3cf4-c6f1-4444-a213-b249d7ab2ac4,Control
eb14f9e2-1e11-4ccf-bfe3-eb08de074539,Control
23bdda05-9502-4c2c-818b-7335729b3879,Control
63607378-6574-4f39-95d3-599950bc836a,Control
a9561627-afa3-452d-ae58-f24670546305,Control
17703fe1-1959-4221-82b3-6beaef96b727,Control
50a1feb5-a00e-4bde-9196-12ca45f1321f,Control
473960bb-11bf-4837-88d7-af27122f22af,Control
cc0d6546-715a-493b-a52e-7800ac243eca,Control
79124f1f-0d9b-4561-bbfe-91ecb41e22aa,Control
0b2fabe5-718d-499a-ad1c-94f5fda94dd9,Control
63e4f01b-9598-48d3-9e21-dd6f610c0c5b,Control
75ddaf02-9475-4e44-8991-502974ced476,Control
4a6792be-e631-42fb-902e-21ce7e107ff8,Control
cd5eb3cc-1180-4f5d-aecc-4b1e0d8197af,Control
8cc222df-d06d-4235-a36a-8dcc3146fd35,Control
8549b9db-aacf-42a1-a603-10fdbac7ffdf,Control
f78224c9-e94c-412d-804f-5a6fc9e8f356,Control
623b7e85-4ecd-45fb-80ad-19010046ed7b,Control
cd78fb29-1ace-42fb-898a-255ad3dd50dc,Control
7588c036-5833-4ac3-a5dc-c8246c0b0088,Control
fa3f3c51-2d01-468b-8374-a48128a411b1,Control
0f1a9043-a96b-4da2-b039-3c26c6015caf,Control
60c70ad5-5796-4e07-b5ac-0d846f87f36a,Control
8c1486c6-9ea5-4f9f-acd9-326d4b7450da,Control
6ccdb7ed-48a0-4bd5-9200-0f7239f4e9ee,Control
0c373104-7bb8-4c44-aecc-2c5d26fc8053,Control
d973bfeb-f131-4f2a-ae66-d4987dae5a5c,Control
60f63270-6fd4-49e8-a30e-bba20154d9b8,Control
19b9bb6c-cab9-49b2-a504-a1c8d3d9514a,Control
d2ad1587-d649-406b-817b-296644dacb45,Control
3a730c59-b714-4002-ab59-074f28a74773,Control
1ea2d5df-dd8e-49f7-bf09-d524ee7dc918,Control
fbc2ff56-6df1-4f6a-b0e4-cb5176eb1d21,Control
efc2493a-de55-416c-af34-7aecfeb9ba43,Control
749f8e2a-1bea-49f4-a107-0a384500c40c,Control
56ff7281-9c78-4256-8a9e-10133c36f832,Control
fb8ac76e-55e0-4671-97dd-ad6a4da3c533,Control
54ac0223-d947-4533-8362-19831c293de7,Control
a13a377a-40cd-47f2-b7b7-869168a07e38,Control
96f0082f-6a4f-48a8-bb89-1df7d8129e9a,Control
33b09fc5-4144-4c97-94e2-36ef3f2be590,Control
f664444a-e647-4e87-87a6-dab8acc90dd8,Control
5490768d-d0ac-45ba-b02e-9caaacca9c8f,Control
91c015fa-9d82-481e-83de-58a0d03bdeae,Control
d60f9fbd-c33f-42e2-a7e9-83445e405b5d,Control
e01513a4-82f3-4a5e-9e0d-d400fb7c016c,Control
745283c9-aa4d-413a-9a08-872da8c2d2df,Control
700bfb9c-ccd9-46c3-8a3c-f91d4608ed74,Control
d9bbae23-dba6-480e-ab21-97a484bbe660,Control
48fa4386-b2c4-4cbf-aac9-1933dad88b35,Control
bde3e682-6690-4604-9b9d-8711ba6d8ae3,Control
92231f93-0307-420c-a614-3c626604b31a,Control
605f024d-6abb-4b44-808a-95fef5a0f906,Control
6a872b9e-4291-4c6a-b131-ac538f2b4246,Control
d892ee6f-3f0e-428d-bffb-f3ab26f196ba,Control
449a4c63-506b-44fe-9777-4c3d225e5432,Control
9c976945-d194-4efa-afed-8656f52d5c0d,Control
c51a8d18-c85c-462d-afc1-d6e8692f615e,Control
4899d3ba-cee3-4aa4-baef-338f23ffcbba,Control
3d8687ae-1cd2-43ac-903f-11668ce58729,Control
cdef41e9-8194-41fc-b63a-c8f0675132cf,Control
58063591-02cb-44d8-9e4c-f12bc30370d1,Control
5f35d263-27b2-4576-9a80-8c1cbe3220f5,Control
911bdbad-3497-4dcc-88ab-cf8a4beb81e2,Control
362c3f61-3cd3-4a3e-b51b-d127301ae5c6,Control
7cfa5bf3-ddc8-4d61-b36c-3d5542edb116,Control
c10435e4-364d-43b8-aa4e-d31a03018fc8,Control
31b190f1-ab9e-4eac-a4dd-a7433f2d2d4d,Control
178922f5-b786-43ed-b476-5f54cbeb8a31,Control
5e5dda9a-e22e-483e-8220-c2e897cfd0dc,Control
ec2a3da0-72f4-4080-9182-b25bb6082c78,Control
8d12f755-fecf-405b-bb56-01aeba95070d,Control
c3d1fbaf-b866-4402-adb5-fe551df2478d,Control
49c4a68b-b28b-4c61-8071-79e7cc118db0,Control
eac56a6e-3fdb-4e0d-9b49-78e1a15d8523,Control
80499be4-69f6-4730-aa7f-b16bde383cc0,Control
9058a081-fd86-41d8-a2d4-3db1f4c2e9d3,Control
96d1ce4a-36d5-43a9-945a-c5c10982b536,Control
d6280796-3bf1-476a-b684-74728d1bfbd9,Control
738656f0-3a95-4e29-8811-3b29bf49dffb,Control
c86d7bf5-5630-44a1-9d47-746011b48996,Control
007edfb8-9c85-48cf-b60b-3f231498558b,Control
3de516b1-8388-4f95-a247-3724e0299000,Control
4cd75e87-ed40-4189-8010-f56daee804e8,Control
3036ce1e-0508-4c39-adbb-f7a77232b875,Control
699269a7-b3e0-4e72-a6db-af8f991adfbc,Control
dd153135-881c-4057-9f92-26664a65e365,Control
22d4e991-0f6d-4ee6-a0c7-485a2a1506f5,Control
9274d814-4695-4128-8caf-160461fba5e7,Control
bae71fd8-15a0-4f58-841c-6e0ba44d6c52,Control
1a044e12-1178-42af-9de0-bfafbb1ea117,Control
f61a90e2-430a-4033-9f4e-2db1d11546b1,Control
a9a79bec-a471-4dd8-8b26-1440b7338ffc,Control
97b81e43-fc35-4493-af26-797b0dc9f928,Control
94783962-b020-490b-acdb-fba4f6c15375,Control
35755481-aa64-410f-9e51-3e25e2daac4c,Control
f59abb81-287c-48bb-b42f-8c0e1e6bdb91,Control
3546398b-0c8a-454b-b370-ec759c53642e,Control
2f1c0bdb-8b76-4f1b-986b-2ab582ea5432,Control
bee969e7-0c22-44e8-88f9-86a9b0433e6d,Control
3639d228-461c-448d-8672-89f7b80dd51a,Control
0174df2a-3f32-4912-aa61-8cfa5c146e16,Control
7d414762-362a-441e-9fa7-43feed4ea108,Control
a839e127-b0b0-4193-96a4-b52d4934be37,Control
b2543a32-47c8-45b6-91d6-a50f8a7214f8,Control
07ea9cdf-5f32-4efe-b1e6-39735de8820b,Control
3cb64994-22e5-473c-8126-f366382db272,Control
25988042-4de5-4897-8fef-cdd735394c42,Control
9721653b-8842-4c95-87d9-06056f53677f,Control
cf698cb2-8278-4554-a8c0-ab1450f42084,Control
5961bad5-1282-474a-88b0-8750edab074c,Control
997da2d8-77e5-4123-8dc0-b0517f0d26a7,Control
b97db32f-3906-44c4-9051-4a8163df266c,Control
77af8738-cbdb-4385-8f22-087105577306,Control
3212a001-ad15-4bc8-9f80-beba57c404d7,Control
b4d6bea4-fa27-4739-b62d-42b9c204ae4b,Control
c8935b63-497d-478b-b738-196d2af14941,Control
0fe23e5b-c013-4a5b-9cfa-8bf0f46e9b2a,Control
bcad65dc-9c85-40a6-8f6a-cc4d660dc9da,Control
e2701797-ef3e-41bd-a94e-274d5077a517,Control
ea4bc70c-169f-4945-b8b1-a1e75fad1851,Control
f51cdc5a-0a8f-4e54-94f3-ce86e3922882,Control
1ea0ba30-832b-4944-9be4-eedecf9bc06f,Control
4a149f7d-9f08-4f2a-9d75-60930c0bb425,Control
634b09b4-5573-420b-9fe7-eb5c70ddc313,Control
ac4d1115-c409-43f6-947e-14b968ecb978,Control
ba60dae3-f373-4e07-94f6-77b2eb2a3100,Control
6f903364-688f-4b46-9b11-b312ffc8aaa1,Control
073a24d8-4f45-4d4d-8bd7-e9f8e31ea2fe,Control
b5fd9717-cd24-4748-ac40-f338d72c078c,Control
962ebd93-2e0b-4e3f-bb98-085286ed67cb,Control
bf60c71d-b856-411c-a4db-b5a2945e96e2,Control
7237b3a5-a3e3-4dbc-80b2-1892813d605c,Control
990bb77e-5598-4386-9821-a0974fddfd92,Control
e298e5b3-8554-435d-b402-f49d81b34b59,Control
8adf075a-fd54-49d0-8cf3-26218f0aedde,Control
f5c13a37-04f3-441a-ba98-7633abea0122,Control
b2683d7a-01bc-417c-822e-c5cce51cfd51,Control
1b8df0f1-e3ed-4c20-bfe4-a1d25f474073,Control
6ae1af08-4e32-4eec-8006-9fec8f952c38,Control
7daffc40-bd34-4952-9ed0-beb9aad321ea,Control
026af717-b640-4391-a433-f06b1c5cbd48,Control
3eb41e08-9f96-40e7-adfa-4c6ac3d79ac9,Control
92b07042-7941-45ed-b491-22fc8b7844b6,Control
e42d407d-7787-48c8-adc1-1392af96d02b,Control
afeaba4a-01ee-47dd-afbd-e78de4118928,Control
71cc5f04-a94d-4c60-87fd-59478f1ee427,Control
6bdc805d-2707-4ee1-8809-150fe0df6eaa,Control
e703b855-b00f-40e0-82c4-204a9df735ae,Control
f6f28b58-7bbe-4c9c-94f0-40c4228fc617,Control
b928ef3f-d013-45ad-9d6b-d479849364e2,Control
3f2d5363-7cec-4aba-b798-f8f3efe24160,Control
038a3740-754d-4102-80f7-6ae5579fdc77,Control
1910a5cd-29ba-4199-88af-19b3c36d2a47,Control
57c76045-8934-4b60-9317-54adbdde3ac9,Control
dc292332-9b32-425f-bcfc-87595beedc79,Control
725975c1-22bd-420e-9ec1-9c06cb09ba27,Control
4fa10168-6511-42fd-b82f-3c63c922c79f,Control
f1775f99-d00f-4d93-b268-69f69c40dd0a,Control
bb5b6326-9d0d-447a-a2db-bd726f139213,Control
22624946-df73-4f14-98cc-674f2c5c37bd,Control
fb40646d-2157-499d-b304-b2f1f54103f0,Control
eb9014f0-f21d-4ff6-b0c9-437ded5abbdc,Control
a0493f2b-19a3-4883-921d-8f2c2da8c805,Control
f3c54f32-b3e6-4524-ad29-6156e448eda1,Control
4a903028-82c1-420f-8222-2353870589e5,Control
55d457cd-98a8-43ff-b757-0b10b3853a1a,Control
3f7d59f5-e5fa-4511-a171-e70d426b3c9a,Control
2604d362-86e3-497b-a3a6-b75e74d70d37,Control
11ac8430-cc3c-4434-bbe5-48a5180e55b7,Control
79c323ca-7ab2-4ea8-9736-ffcf0c14f355,Control
a83a3b85-c421-4588-afcb-8a410dd565aa,Control
29caca21-a52e-4886-8742-75de2b9ce69b,Control
2f24fa98-533d-4beb-8fc6-f2997de31732,Control
6d49c0a7-6cb9-4680-abd2-7b769ec9e82f,Control
5ee82954-9ef7-46e0-9b02-2c4253c05e8d,Control
1669f895-4653-43df-a872-d6b9fe30f5ad,Control
364360f8-0256-48a3-931d-82ddfa0450ce,Control
af6a0660-4ba7-4b89-b8e3-02320cc7aa66,Control
1cb7093e-3dc0-463b-8f1d-5b9f58471e32,Control
f76149c0-67f2-4d45-be48-08883971f252,Control
033a0aac-d606-470f-b6c4-266f91192aa8,Control
d8206854-878d-4dcd-a357-bc61da3fe4b1,Control
072453a2-c575-45d0-97e4-67770708c89c,Control
3d68de84-6fd0-4472-a1f5-20eec833cc7e,Control
5bdaa2a9-b26c-4f43-8b69-0580a9ac396e,Control
f104b2ff-8035-45f3-b795-2e94bbc62683,Control
716bdc93-acb1-4150-ac60-78f03bed289d,Control
bd47de28-1e0c-4cab-b7c3-c90445413b04,Control
382e46b1-4731-488f-b97b-bff3327b059b,Control
904e7380-8483-48d4-9236-0d2a5217feda,Control
f9c32085-da2d-402b-85a8-44cace28fe40,Control
20ee93fa-d06a-40dc-8032-e374356b5690,Control
bfca7320-da91-4f4b-b8a6-66d670c6a062,Control
403baefd-975c-4448-9370-e544f3b47b6d,Control
9cd49a46-5eac-4556-98f9-9574d2e75bed,Control
57800702-1b2c-4254-b38c-0c351081f939,Control
797b6a57-6704-4e8e-921d-229e981a07ce,Control
044bc2f6-4f42-4cdc-bf6e-c29d93cb460a,Control
60b5ea5f-cbe9-4840-bf73-3189f79944f1,Control
18353e2c-af25-4bce-a57d-5c06e92ad7d1,Control
50ffe811-170d-4c0c-a215-23dbcbc8afac,Control
cafdd990-841e-4f0e-beaa-9194193eb145,Control
7be994e5-a99f-4e65-b21e-8b5e570c28d5,Control
dd49b617-1b0a-4662-875b-add89394cd09,Control
9da1dde3-74d0-4d5a-980f-ddc8297358e7,Control
5e9b2709-0caf-4ae3-b172-25fbb8a434cc,Control
c4bc59f9-9454-41ef-b1bc-47034df4839f,Control
51d5249b-bf82-4128-9664-36c0ac0cd61e,Control
e6e3c23f-9589-4271-920c-1a2062413879,Control
31dd58d7-0d9b-482a-9107-4afbea8cafed,Control
fee85946-ee45-4663-9f6c-b816a4fccf3a,Control
6d3ed34c-2f53-487c-ad7e-19ee3bbf1327,Control
80d5b7d1-c004-4954-922c-c464b40ccd29,Control
797ff9ef-6d2e-40ba-90c4-aac5b7fd01ce,Control
609c27c7-ac5e-4415-b3db-c97561550a07,Control
45080dc5-c4c3-4819-a095-3afce828e6c3,Control
d25d1766-2cf2-4cdf-9df4-5922738340d5,Control
50de1309-3435-47ca-82e3-ba961cf31673,Control
df6f45f7-8a8e-44d5-b27b-6b5abc508798,Control
7e5a00b2-424d-468d-aaaf-4f458d3e6ecb,Control
975fc2b5-61ae-44b7-9e71-8665fd7419df,Control
b860a6ba-4af2-4c68-ad0f-8bbe4ccacd61,Control
6dcc9d4c-5c3f-4a25-9746-2c7291d172d5,Control
aac575bc-9f8d-4900-92d7-ca5ed8e9c3f2,Control
e677162d-ba78-4250-8517-50c285c33aee,Control
df98ca4f-db0b-43f2-80d7-b00fed5446f6,Control
5ed80957-e277-40c9-a3c9-398cc1e1f2b3,Control
ae06bb7a-d0cd-4ac2-9535-4e3c68b01c23,Control
ae1fe9ed-80cc-41fe-a638-3e5887aab4af,Control
2aec5112-7e87-4426-8707-0c88dcb9b10e,Control
7afe8a10-4945-4d50-bc2e-7ffbe6df8154,Control
df92d0fc-09b5-4d1b-83b7-a8f395acaaa8,Control
b9d688a4-025a-40c6-af33-0e3dcc624882,Control
df822121-ab52-4df8-971e-b5ed4306707a,Control
72088d40-fe8d-4fe0-9a52-c7e75f3829ef,Control
9169ce1a-1d09-44c5-931a-a77ae153db48,Control
5b9eed36-99f3-449c-830b-c6a33be16e98,Control
6424fa8b-a849-4242-bb45-99e380845d99,Control
7f5eaf4d-062f-4b98-b769-65dcbb39ef24,Control
33b8208d-f960-4578-bb51-44ff03f6d7da,Control
55b1ccce-7538-4b80-84bc-4948d6b458c2,Control
469060bf-652b-468e-a8e9-96dcd17614f4,Control
a2350343-6d44-4b65-97d7-014b4acfa572,Control
890fdcba-2067-4845-96c4-03c77396babe,Control
7d6e9eb6-720b-4f68-8a13-fa1f0ffb9213,Control
e7253137-a6d3-4c14-8a89-af545df343ba,Control
2018b428-b931-4f35-8bb5-ff7419c191e8,Control
6df2ae88-19ec-4913-b8b0-6f79ee4f282b,Control
f39aeda6-e244-46e2-927e-2e7c43aacdf5,Control
34497bec-97a4-4d6c-ba76-13e1eaac7901,Control
cba65bec-eb26-42bb-be75-8f605cb7db32,Control
ed21c0e1-0355-4668-a298-5d676f008ec5,Control
c8b9c741-7693-4f21-8920-6499ed95388f,Control
55f53df5-e391-46a2-82da-6aba818e3af5,Control
5c76b3e6-1385-4006-804c-2e388d01b91e,Control
ab444afe-bffd-474b-8e83-15050338d6de,Control
8a19e0f4-7e9b-4ccb-9fd2-e1f6ff9e6154,Control
7e0c8f58-dd8f-4457-ad33-77008af27d2b,Control
61a6213a-5e24-4c76-8214-8a7655529ffd,Control
f39e6be9-0394-4a2b-a769-f4a186dd7987,Control
eafb0951-167a-4342-8689-f838cbea2145,Control
4fcdf8d5-f833-4280-90c7-5c5014dc0fbf,Control
1acb072d-562a-4fc9-8e27-0eeeeb8897eb,Control
1cd354ab-e246-4325-8be1-5887fb074d40,Control
090b0f16-a693-4512-812c-20a690986a25,Control
5a89e684-e64d-4581-895a-1151ae9efded,Control
994d565f-dc38-4ad1-8ae1-0bb07c71c337,Control
3eb067ed-a20c-4c72-9bf4-58fce63c3e2b,Control
869a1c02-0204-49ae-948d-ede663a2bbf5,Control
03c72198-e497-4aa7-9c03-410f9429c0a4,Control
250a4b79-4542-418e-acdd-332500a5110d,Control
3deffbe8-fa1e-4696-bb3e-65354510d1aa,Control
de65665f-101a-43f9-af4b-479da2f1d069,Control
f6cf8f90-be80-4387-9fe9-7e2505e0fe64,Control
1a74ce82-a0a1-43b5-aa3d-089c65884e27,Control
2c32045b-355c-4224-b114-833407f9ed80,Control
9695f124-eee0-458f-bdf7-d962420eca90,Control
9ca70b78-1e53-4162-83df-b1776a04cc28,Control
96632a08-753b-4d68-8a1a-4c738f6676fe,Control
7d684f11-df07-4494-beb1-25dfed6234a5,Control
c7638c5e-d86b-4ac7-8a05-f4e9095cb059,Control
199852b3-9838-4509-9c60-b266e42843e8,Control
5629c4f7-757e-4209-b130-4c4bc70018ab,Control
62a2cdd5-dbf5-45c8-84a8-8dad408c2704,Control
5bc7f8a1-d91f-4fce-a8a8-57de72161ea3,Control
b55f74df-8c92-471d-ae3e-65adcab4c501,Control
32622c9a-2570-415e-bdae-6e9751307bdd,Control
70eb8059-4576-4bb3-b849-8649addf39c2,Control
96e2b9b9-98fc-4307-b286-09b165d26296,Control
9d77b56d-0bae-425b-96e4-885710fd9181,Control
1043b0cb-3db5-4cc7-bcc1-ee9aab12894f,Control
27af1e12-d08a-4d17-b968-34b0ae4c5f8f,Control
41b4e335-0354-40de-9313-d7ccaeab6b37,Control
57df8b29-37c4-4fb9-886b-44caa9b80d14,Control
29fe2bdf-e748-4e7e-a20d-1bfbc8440bd3,Control
4950330a-e67c-4503-a73f-766d29a00e83,Control
e9933501-705e-49a5-9156-0e9b2d1339db,Control
da69b434-7e78-427d-bd62-393d094496b3,Control
c57f5867-9973-439a-a44e-7ae9f79a52e7,Control
db01e67f-e115-4632-b584-420f135e8861,Control
ff3200ae-4b07-42f8-81c9-96e5fc535402,Control
df457671-4977-4107-8d2e-e1fd1476a152,Control
0cbc866f-fb71-4e86-9d2b-174900dfd0e3,Control
7087aa3c-1e09-4e99-ae2b-f0cd1d427a03,Control
84238bb6-17db-474a-a153-32821e4da720,Control
a76df15c-e2bf-4872-8aa3-be15329391bc,Control
5fcc0cbe-6161-4bbc-bf43-04bb6fee02fa,Control
dcd91b53-d909-44ba-9564-8538d25951bc,Control
6bf940a5-9fbe-4123-a19c-6f674524002f,Control
626709fd-2ed2-4e97-97c0-f4230ac6cb6b,Control
5a92ac73-6373-4581-bbf0-f031c8576f1c,Control
3edd7643-e0b6-4e42-8222-f99f76240378,Control
c78a7ece-f7a9-4d12-a37d-9ad5b0f77404,Control
8f6245d9-acd5-4e02-8ccf-f346981f96c8,Control
6654fed6-d3f6-4d36-8d58-aba3372fec1a,Control
8f96e7fc-d3a5-429d-9193-6b65d0fc5cf0,Control
3488b9a5-50cd-418b-8507-a613e4ccac31,Control
9bebca67-8df1-4751-91cd-72980638d2ad,Control
3b2d427d-b160-4a3f-a091-4ee9cedbdda3,Control
ace658f7-4c6a-43fb-9851-f08d846f42c8,Control
990d2726-fb91-4fa1-a358-a54c92aa084b,Control
fe9ef906-a1ce-49b2-80c8-9318da8d7753,Control
2690e68d-e560-4838-9ddc-f50511241a15,Control
24eda1e3-40e1-478d-a233-514c8bb479aa,Control
aec38849-c76c-4933-b6f2-e04e4f46d56f,Control
b11336ed-531c-48dc-b1b3-962a45a9d6c3,Control
3bfb0908-b366-4a0a-b937-69f04111dac1,Control
0789b925-423b-4468-9f2f-890405ede2cd,Control
3fa561db-bd28-4e26-8b65-fce2b300881c,Control
ff2e5621-801b-491d-9dd4-68c9d4698591,Control
dad89943-ed0f-49af-9dc4-f4690857ea5d,Control
e9ac6cfc-890f-4dae-94f2-a10519430b60,Control
7a366a39-daeb-457e-a56a-ec16c0c43a8d,Control
2827c154-c01f-47a5-b506-4d704cf5abbe,Control
3c69874f-326d-437a-8be1-2ee4530bd026,Control
a8eca05f-2363-49f8-aa60-7b0a4a6c1b9e,Control
e19cc921-b340-483b-aba3-90313e5da300,Control
1a17a16f-4a46-4b3a-aa93-09ffc3885edf,Control
8e7fb1b4-79bc-4649-87f6-7307f931cca5,Control
44ab65df-03f5-412c-beb4-6e17cbcdfe24,Control
551e269c-4a95-4465-8e50-1ad71fcc0868,Control
edf12a7b-2f9d-46a3-af66-45be0243deba,Control
a5ed01bd-80d7-49a6-91d8-6d8bfa2e82b2,Control
46021d2a-6b76-4d00-8f3d-b0a6e55db27a,Control
28111046-e75a-4b3c-8d25-9c27a9b75351,Control
8965f621-373f-4344-a2a0-2607f0725310,Control
b31e179d-ae04-4f5e-8ca0-dac6e3e75b96,Control
e005e786-877a-42d7-adfc-7704ff6aeee9,Control
dea6b3ce-3daf-4aea-9772-15902356d389,Control
b0cd6e0f-70c9-48c5-994b-a702a3a4d27d,Control
224679eb-307c-43df-8fdb-df5344beba3d,Control
5f07112d-2b14-4edd-bcda-1d5eec35c2e7,Control
cde3bac5-499e-4f95-b0cc-326fb998a230,Control
a6fb6aeb-2e18-4214-a6cd-1a30967f90a3,Control
2fcc8b09-7a4f-4c4b-827c-08b82f53ba64,Control
c728dfd0-8685-4c2a-b75f-4c364d4b604b,Control
c206bf9f-c584-4da9-b2ae-a9d9fb0eb347,Control
dafcd49a-1288-40dc-aa2d-e7b4f56747c6,Control
6e4df39b-d061-487c-bc36-ff971bd4a0e3,Control
4ac25313-40d9-4270-9d40-438ae251bf04,Control
5627e6d6-8f9e-4998-acb8-f03bfc6037cd,Control
79d616f6-ad64-42a3-9efd-07a4783e3bae,Control
260022c1-188e-4b11-bce2-5dc29bb2676b,Control
7d5d6b22-dc1c-4808-928d-b94e2ec751a6,Control
7d8e7acd-6226-4fe2-a50a-d047dee5c600,Control
e1be829c-4b2f-4988-bc2f-53e418d68a58,Control
641b5508-59e7-408e-a35c-47f29a68e677,Control
35cf4f53-6730-45d5-9099-0c7f8c6536bd,Control
285052e3-3c29-4029-b8c0-c136fc44b846,Control
02eb7089-bde9-464b-957e-7a18907238e3,Control
39398415-7a46-4634-9aec-fa0fa6d22575,Control
c9069f0c-9aeb-4389-83a6-2c9ee0f75114,Control
c7480efc-56d6-4cd4-8395-51ad2ce31905,Control
56185bd5-5ee3-4e76-8937-2776b6f7fb0e,Control
6c1a92f1-afbf-46a0-abc9-b2ab13c03b18,Control
3210e9c2-4bd5-4189-b57b-9bf7effbebb1,Control
53c4530d-d30a-42c4-87ca-44dc3b75a377,Control
d6f6dc41-c5e9-4da0-8dcb-c256700317b8,Control
da493408-ab91-4525-b183-c8f63d5c110b,Control
54b209db-b60b-43cf-ab72-d07e8efc77ca,Control
9feced2c-d8ed-4d1d-a873-f72191b2cc3b,Control
e417c7db-f932-49ec-9cc0-57000106f9ef,Control
c12258e8-3e32-48e1-8b2f-f927e703152a,Control
79b6453c-d8cc-47ef-a95b-2fe728eff11e,Control
a34ccb3e-3515-4d47-99c5-e46c57056863,Control
32a515d0-2b6b-4e97-b144-c933bd900d8b,Control
2c8a032f-a797-4e66-a7a7-3463096b23d4,Control
221465b7-c99a-4b0a-bba4-be0d77ebedc6,Control
dbd7a1d7-86df-413d-b2f8-e3842928faa6,Control
683647ab-1a9c-4e4d-acf3-307b635220a2,Control
2e94d06b-7cd5-41ee-bcea-afc6fe2df415,Control
225eeda0-c800-4bad-9ffd-bc5af04e705f,Control
b77e72ee-75c0-4521-96ef-1c39048dcd64,Control
6aa1f876-5ce2-46be-8bee-91d6b1c61861,Control
e3524672-4c94-43e4-94f4-f888a4521e62,Control
9a57c1e4-910d-4db1-afce-a3986273353b,Control
ba1d490d-65dc-43d7-b9e7-46e70f85c50d,Control
f1371670-1196-499b-bc31-ec09d3d111c2,Control
6cb6942b-07b1-4e68-b7fa-e40ca7954a7c,Control
e1372150-79fc-457e-b7bc-842222fc3bb7,Control
aaa23485-188f-4b0b-9a0c-8967eed39136,Control
b2038cb3-a697-4a91-bd70-4a51c0628415,Control
ea7fb769-a99c-4ac5-b80c-50924a74f92e,Control
9427a41a-bf29-464e-aeb7-429ab9223905,Control
1b9777fb-5cee-4038-9db7-0aed917cdf78,Control
026b0b9e-4231-4f4e-b968-4d8f105fcd09,Control
7d5336d8-ca06-4cf0-9e3c-f3cf06c51492,Control
b99f332b-c173-4476-ac8d-251468369dfd,Control
78d0cb8b-bfe4-4d75-a3af-8e409e26f48b,Control
85866861-7bbc-454c-bdfd-d1facdb61de8,Control
7b6139db-d22b-4400-b0a3-4dbafa137f93,Control
cc3b5851-9d4b-427b-abbc-dad40a7dac68,Control
1725d46a-7b41-4ef8-b0d3-0b67d786b5e6,Control
ba6dc464-91ca-47d2-9189-aadb5a9d3b04,Control
4db0ad97-3cd8-4f7a-bba8-056a63dd2b7d,Control
a26911f7-7a6e-4ab8-aa0c-1eeeaf278c1c,Control
024c05cf-68e3-4b9e-bfd3-c74109490cf6,Control
6eddaee9-aca6-468f-b9fa-62a227196259,Control
daf96553-ba5a-4496-964e-a0697665537b,Control
02cf1d50-ff8a-4120-b73b-077adf68eeb2,Control
6ed224ce-9fd0-49a5-aad7-ba6cecefe2b5,Control
3174473e-1c16-443b-988a-6d03ef8402f5,Control
1742a92f-c60b-4908-81b9-04d7771b55bc,Control
84c68e9a-4796-4fd5-9649-4a1c752ac821,Control
40549eb6-f143-443a-a175-020413a3db54,Control
b2d75b09-fd2d-4d10-a113-c4bf373c5af6,Control
89ceacc1-5be0-4b8a-bd87-47d4998670b6,Control
426dd90a-9376-4d79-b265-e7a4cb8f794b,Control
a9139141-151f-424c-8a3a-5973079e2886,Control
c1c30039-54a5-4890-817a-93a8b6033e3b,Control
1664cbe2-6f84-48ea-ae24-d43f136a834b,Control
8eb4a98c-ef8c-461b-b45e-c342944236fd,Control
ceb8f206-d77c-4020-9330-e8d6b0e44390,Control
1e5df486-194c-4f65-9610-d8ecfb5518cd,Control
96b36cdc-7e74-4a6d-9233-7763da1f5177,Control
688631d0-73d4-4439-80ec-7fb4006648f9,Control
e04c2f1b-9fdd-46f0-94bc-00f8a121aded,Control
898b99c6-adfb-4085-bdcf-c805122bc5eb,Control
5b2ee64a-8bb0-43a7-af37-465b36bc5894,Control
0924e814-b553-4f25-bccc-6fe6e5eb2969,Control
565ab2a3-7f26-4b91-9c98-2923425b3ad1,Control
2031f0a1-62ea-40e9-a918-b1fa6c968d54,Control
01806d36-2400-4599-8420-3911a6ca468f,Control
df04206c-133a-4c72-a688-7e9a7e81e3be,Control
595b6075-b8e2-48b5-b7f6-0537eabf4b34,Control
ed4077b4-d251-4ffb-a784-7174de7fc99e,Control
45921232-fe50-4c17-b37c-d54789809b6e,Control
632b0b7d-8bd5-4973-be85-389d554bfaa4,Control
168ed6b9-5f5b-46dd-b34b-4276c439cfa7,Control
dcd17f04-ced9-4c72-a665-11b4c006e521,Control
ff6fda20-61cc-46dc-b6e6-6b8f174fd1f6,Control
159b70ca-35d4-4d27-9611-fd3e1f455b56,Control
a65da54a-8360-4951-bfe7-c2880571e33e,Control
c05a9d04-1728-4872-b69b-8340eb6a4d90,Control
13dbc736-dc38-4f50-9b84-dcbb84f90561,Control
75d97fe9-3c8b-4364-a43d-7af067ff0420,Control
0d6a8c16-5e35-4bd3-b6ea-2e0f61d3e2bb,Control
8ffc0db2-1d5f-4220-b082-c28e883e6915,Control
9091f2d5-013b-4151-bb5e-217aa87b362a,Control
2b022f25-f189-4fc6-8c0b-6fc78cbb33b0,Control
ba3da282-f9b8-4351-9d56-732599d0ac61,Control
292fe2bd-3bc1-499f-b74d-eec9cd4dc605,Control
10cfaeba-a56f-4138-88c0-7c7e16583ea1,Control
67f92efd-6269-4cd3-9be8-ddb20d25d061,Control
df9b860b-777b-4811-9ef7-f35fc1b5e408,Control
509e54f0-814b-43b5-9867-30bd3d6d34e3,Control
e9b69c0d-b4fc-4c4f-bc7e-ef0188d2bdda,Control
347dcfef-b579-4358-b47c-2e60458874ba,Control
48818f05-5c9d-43b6-bef0-d4c496de528b,Control
f839b768-2cae-460f-a2f5-3aba6f2af28f,Control
729bcdbe-cbfd-465b-8b0c-222aa46b8189,Control
9dceed01-2176-4d3f-9163-1f8069e92c93,Control
cc22bb9b-07b8-41ff-9df0-d27cad3d1685,Control
66ee7095-1b72-443d-9a9f-f4c0e2eb05bc,Control
45df5b07-89fa-4994-8922-f686379875e1,Control
2380fa7b-3ea6-4fe0-98b9-6f302ed3b1ba,Control
8258a898-2a53-408b-be4c-4b3d7093fe1d,Control
da8e97d6-772d-4ffc-b1fe-900ed1161c95,Control
4e9a9827-c8b1-4794-8bb8-93194cfd3726,Control
db625caa-a57a-4433-ab5e-d141153f155c,Control
428bf30d-8d2f-4893-926e-b6309a8f3647,Control
6b454961-2632-42ef-8617-633601925bfe,Control
9462a8c0-4737-493e-be91-6927298d8e66,Control
d4e07fbf-1439-4467-ba3a-27d01a4876e7,Control
6e2b0b94-6883-48ff-82cc-53102b4cbddf,Control
283fdb35-11a6-4692-8d68-d54762f23571,Control
7dc4fe1b-c99a-4c72-84ae-30a7f60e44b1,Control
9621b40b-c090-46e8-902f-71a1cdae6677,Control
394b14ab-f51d-43a6-a57d-9327f632b94b,Control
0880d72a-eb17-4de7-b5a7-3b14fddcf312,Control
f6d87a75-ad83-460c-b7be-b7672fab2ee7,Control
9a2c06c2-ca8a-469b-9a0c-0688792bae16,Control
5bdfdc22-65e7-4ede-9d8b-f93b9c7b3dc2,Control
41afa61a-dc5f-4df9-99c9-99c0d401da2a,Control
4157f8da-4dec-4d11-88ae-c7a67220c969,Control
6fa366ac-05f5-44c2-9c7a-71cbba5599ee,Control
027ad1bd-3649-48a8-9ee6-da670864022f,Control
2ae4615f-2c9c-4d49-b493-b411e2c764b2,Control
e5f20701-3f69-49d8-9e58-c1d31c7f7535,Control
72561fc6-3146-45f2-bd8b-5b66440cee29,Control
4aafb247-fb80-4419-bc48-1601616b46a0,Control
c1877358-7229-4e4a-b067-a7a2feb4264a,Control
19ac4d08-8cf8-4612-8087-e5d4fec6cf54,Control
d8b98ae5-cbcf-4a53-8d1d-cba224678fe2,Control
e24e80cb-0241-42ad-bf3d-e3f85f90bbd2,Control
87bd90cb-3ddd-4f83-846e-c617429b3e6f,Control
78d87030-b424-469d-91cd-3dfa685c9b61,Control
3a51e6c9-d6b0-4af9-b163-6356d2f80a1e,Control
c65ddd5f-e5da-46f3-9498-647d3734004b,Control
1b005213-bd47-4715-874a-59c2d3a55ab6,Control
62bd7fe3-c3f2-4bcd-97fb-e901bfa37714,Control
47ce00a9-dc04-4c52-bcbb-0e1029af9018,Control
bddd9843-b7c9-42da-911d-f6f9ab27f54b,Control
c574e762-8591-48de-9d1f-460eb8a18ac4,Control
4c69e522-0d30-4acc-a1c2-180edde47a21,Control
c64e774d-ef74-455f-a3ca-d7d6fefcd55f,Control
647497d5-2291-45e4-aa4f-ef0ab512e1b0,Control
6618211f-7fca-4652-9319-d82dcad5566c,Control
ed6e1445-9291-4981-a34e-4b6ad9cc5b16,Control
d30c30cd-5037-454e-b992-b5e91d6b47ba,Control
4279d7a3-4b33-4bed-b047-7f8dd7a33d07,Control
062b5aac-aebf-4447-8e06-d3dbd55753a4,Control
10a4796d-9703-4796-bc9a-b6dd47b10ce0,Control
80c2c5ea-06a9-48a1-ace6-8ac0f43cf160,Control
b48c01e8-39ba-4f2e-a81b-29795e969d85,Control
0ce80b14-0c54-49e6-9986-20e825250978,Control
c68ecdcb-8dd4-474f-b899-b9d71dee0bd9,Control
38dd9c3f-7206-4574-aeac-0fa308c8c51e,Control
8136ef82-875b-494c-af2a-27b2077b7774,Control
e30874ed-d998-4625-bf34-0f69a176c7bb,Control
1bd9e5c5-330c-402d-ad0e-589fae5b75cd,Control
754add6a-1bf6-46ec-9053-a35680d93cac,Control
6fbce444-00a4-43de-837a-72ec00dfca98,Control
2cb58147-113f-496e-b809-ff98758fe5a0,Control
943d785a-e886-4a2f-a9e5-3977257d528c,Control
f7dba545-b580-4418-b086-827bd0d07180,Control
6941be97-a1c6-42f5-a0aa-0490e9901160,Control
d01ae155-3adc-4048-84f7-8223d2a453fe,Control
86eaefe4-6ce2-49e0-99ae-721a27e2747b,Control
c914daaf-3956-48a2-a032-b8c104bf2147,Control
d44a7b26-d5f4-4cda-a195-a0a2589d4314,Control
a089c49e-50ac-4d62-9127-676e71e3c003,Control
3ead3b49-ebc9-4c8a-b236-f659d3fca403,Control
94d05dce-b361-475c-999a-ab1e789dbbaa,Control
6ed88736-5725-413a-aa26-bc6bbdd927ed,Control
5b2a1475-2ad1-4d72-b0d4-20a96b731f81,Control
c2c9c9af-b98b-4fea-8895-f5084e499b66,Control
95322425-ebf7-47c0-a2b8-779389b41de8,Control
dfa48e48-8c6e-484b-a86b-933b8d7e1a06,Control
f372bde3-e5ec-434f-816a-5b4716010700,Control
eea75b0a-de59-4003-b083-761162c001f7,Control
b74cc8b1-dae2-4684-a67c-da6db735dce3,Control
d26b4f8a-e036-41b0-a5b4-a458201a37f3,Control
77d18274-afac-4f14-b9bb-4ca1648bf078,Control
524c5a08-ee17-4188-9145-fb27c6bcc5f9,Control
ee3258d3-0a2d-4b8a-9a0d-0b6bedb2ab20,Control
5ed5f3eb-c390-4f7d-9120-d986cac42299,Control
4fc26302-4cba-4aa8-bf7d-7afe62bafe28,Control
0fa95db1-5ebc-460d-8a1f-b12fe5bd92d0,Control
68bd997f-1ecc-4f64-84dd-4a87eca78726,Control
e37c969a-efa4-46a1-a818-46f1eefecc25,Control
c089803a-a3ab-4cb6-ae42-0801806102cb,Control
2523a41c-4b01-4ff8-915a-b123a805c69e,Control
6467f326-76f5-4ac6-b97b-9f779ed997ab,Control
5bf38f3e-2db3-4a30-9c3e-fe4771b3aa0e,Control
7a35ca69-6646-4c29-a94d-7c7e531e5834,Control
99acf3a2-9fdf-4a29-9b46-bee9ec6dd3dc,Control
91316a4c-5832-4aa7-8f4b-39d6dc710406,Control
7a5233cd-b84c-46b8-bd63-0da25aeb1813,Control
f1ecdc5e-528b-482a-be8a-75052ff0327d,Control
9b2488d4-128a-465b-bc67-5f137038f6ba,Control
d99f4d54-413c-48f2-8da4-89581a0e1d17,Control
ad0bafc8-a94c-490e-8d18-43f1b451400e,Control
bd2fa854-ed0b-4461-8e83-3d34a646ef47,Control
813c0c0b-7e21-484f-807e-aa1d190fe6ac,Control
f4a700eb-8f81-423c-91bb-f2c9d0270003,Control
fd82ef96-98b0-486b-821a-c799a5d01755,Control
8b8f5f43-4ae8-4185-8da8-0d8a4116cb53,Control
6e8f7020-03b6-478c-9583-616dab663c27,Control
8c0cb40a-6511-40a4-9ae3-f0c2149797b0,Control
8675c2be-387a-4269-8b71-4667d0237e9d,Control
5e55f24a-492a-42d3-882a-37cbb9696f7f,Control
d0062f16-2d54-428f-8fed-9f7a0fd93dd8,Control
ec55ab23-d096-44ee-8057-1a0261dbdf3a,Control
1e2ff3f3-e410-46b0-afb1-a35f929c4fec,Control
740e7e37-e5d6-4acb-8824-c9970c474f4c,Control
ada3da75-cf1b-46c4-b2c8-d22a59689dcb,Control
dc53b0e5-ca4a-48fa-9b60-65a140ad03ef,Control
cd4f9405-1c6b-4303-8dd1-898a23f18f5b,Control
0d805747-48c2-40d8-ae74-925675ab5cc8,Control
7323ea6a-2f39-4b10-ae10-119cbf729b11,Control
3cd87d1b-67fa-400e-aeb3-75fdcb480114,Control
9b579cb7-76e0-4a1a-a619-d0f3cead81cc,Control
d63e11ff-405d-472d-a118-6ec79ee5feca,Control
ecc775e5-c036-4df1-a105-cc7945d4745b,Control
40b27554-b3c1-4faf-924c-36330e05e478,Control
f7fdaf3d-4a96-45bf-9b01-620ffc1ba9e3,Control
b339b950-6de0-4d64-880e-beaff54565f3,Control
67c05358-97e8-483a-91b1-563dee665f62,Control
e4ddafe5-9ca9-4d3c-8563-31973ee2920d,Control
4cb57916-aa16-4d4d-9ccd-b591df2286e5,Control
e0afaf4d-dd60-4d74-a264-21c1e60eb973,Control
753588d3-4b99-44be-804f-1c08967af464,Control
db0a69f3-fd82-4213-942c-5d31fb77f0dd,Control
2e118f7d-4d24-4a73-a095-506dfddfe08b,Control
325aef10-fc06-42f9-b74c-3e439f5cf91e,Control
3c654577-79d0-4966-a4c3-d2df1aafda6f,Control
ece82719-da0c-4d80-b2af-400f9ee48e47,Control
653dbe75-1884-46b3-88dd-49a0f03f932e,Control
4d85915a-9c1c-42f8-ac96-319cca932d57,Control
0d2b1377-e296-4e04-a353-5105452649f3,Control
2887655c-2675-4f50-8299-a05f8296dc6d,Control
ada453b2-3427-4f16-b659-12ddd3fd690b,Control
f4273faa-120f-4be3-8211-7cf9f077b14a,Control
aa72730c-8c16-4324-b9c4-24aba299911d,Control
7ee33728-0adc-4cd5-8b54-9244e951d4ba,Control
2eb3597d-f4c6-4901-a8ce-42c1f192de4a,Control
01b09bf1-9680-421b-ab2d-8ad3940f1edd,Control
3c03cd65-1370-462d-b76e-ff35d9e5073a,Control
9fd958ba-d686-4045-9f7e-36b3a331c6db,Control
f16c3df4-b953-4f68-9ddd-5ba4497a6470,Control
e48f7be2-98ed-418c-b8da-0ecb5bc9e048,Control
d568e800-39a5-4068-b771-1640890ba25f,Control
0d0415ea-04dd-418e-a0a8-e8856b5ff216,Control
de669ddb-ad4c-47ad-a72b-0744203b7f33,Control
6a8b34f6-e7b8-423d-bfb9-ede83294a115,Control
709ba53e-9c76-49cf-a9f6-01b1dd5f69f0,Control
a63e2fa5-bd87-44a9-a8ae-0d7c16e78209,Control
d197accb-a93c-4f81-aead-b43edcc1fb6e,Control
84052ca4-e9cd-48ef-a731-f813d6e17c01,Control
30749447-748f-4811-948d-c3dd52d88bcc,Control
b17527bd-6141-4d1c-9b84-04b65f1b22b5,Control
5327bb3f-220a-41c0-a046-12fcd182dc35,Control
2353d507-ad6a-4668-9a2b-2855b7e255cf,Control
934f1298-ebfe-4836-9981-ffbd9cdefe6f,Control
2a4fc0c1-3f6c-4d1f-b9e2-aef2b9721e50,Control
cfcdfabc-7811-40c4-83d0-d61a424a6968,Control
ce175390-8326-4275-83a5-e9f32f85bb8b,Control
bd7eef3b-e7eb-4674-aebd-6925a2fae09a,Control
f1f5589e-3fc3-417a-ad1a-1505d21444b5,Control
6ca577a7-c1c6-4110-9deb-f84fd225cd0b,Control
04ec698a-b52f-4f7c-bab4-a6844ce51cf6,Control
2f215fad-0cfb-4279-a190-b8c372139cbc,Control
12d7b127-62e5-47d3-a238-7825a4d91763,Control
4744089d-cb57-4dd1-9a8d-801cbdeafdd6,Control
460c0616-50c6-46ba-aacc-45fb59780014,Control
22c9cffa-2510-4090-b43f-4d35e6610e24,Control
05ed4659-9f31-4cda-ba78-c6bed96c5185,Control
2b3cb3e0-b45e-4bda-b50d-9a670aea72bb,Control
e77d4c8b-38ad-4ed0-8c75-f4fc23dce9b7,Control
0e250954-9910-4581-aa0d-f44f93b57081,Control
9e0b4dcd-b3a2-4c7d-8812-53d15af56719,Control
07117e3a-43b8-4aed-8cd4-d6dd525f2344,Control
f6cce24d-facd-47c9-bf1d-353e341ed727,Control
bcf45b37-9d5a-4be8-aaab-96ed54ec4549,Control
59637d2b-07c5-4c3c-994f-1717c6d26afa,Control
e75dd5c4-9c5e-42c8-a9af-8cdd6fea5e3f,Control
bae00d36-f99d-4c3d-912f-0631b7bec402,Control
d471f9df-6439-4219-8d27-1ed930389324,Control
a5136d1c-3156-4d56-a8ad-0abc7274aa43,Control
fc1e8a01-86c3-46db-9aae-962ed114bbac,Control
31aa0588-1258-4087-902a-36adcefe74cd,Control
42d6b0ff-a6d8-4f3d-90e3-4072222da1a2,Control
96f482f0-b408-4ddb-89c5-6893c713b134,Control
0d4df172-d3c5-440e-984e-1aeea31472a7,Control
4634e803-8ee0-42d8-a5b6-91c52fad5cb9,Control
61445260-521a-4ae7-a999-68d53de2c990,Control
3d0190df-476d-41c8-8fbf-acb717ad029c,Control
ecd61316-e116-43e6-bc3a-fa7b2aba7b43,Control
a8ef817a-8f8c-45ab-b8d8-3cbceaf30cd6,Control
79d0573e-1d5f-4925-a567-55f410e47af5,Control
69a14ef8-c204-493c-bd45-7db68d059190,Control
b3b30719-61df-40cf-8fcc-b33be465914a,Control
ff014352-a878-445c-b844-c88903f4ad4d,Control
6e449d4a-7754-45ab-a964-00e0d57be240,Control
770247db-c49b-4889-829f-bacc79ef8a71,Control
cf5d2371-5550-45dc-b3d6-df41e4fbacc4,Control
12a7d21b-93ab-4662-a6c3-48e18425ff0b,Control
b87d683b-1741-480a-8885-8fc937c2c15b,Control
cf481d88-af74-49c4-bc57-f9a989f659fb,Control
962f1616-12f5-49b6-978c-a07cdb044d17,Control
d1e35bbf-5c0d-4398-b764-e38b8affd911,Control
c4d4329b-5b3d-4547-bed9-54955a872e9a,Control
342356a0-ab53-44e0-af7e-e58bb90f0876,Control
df5858ce-ab90-4d53-9c5b-336e799fb2fa,Control
27cf3a3d-3878-4e79-b910-343f2b2301cd,Control
af427a24-05f3-4233-9cea-b40b45fd61b9,Control
36e3e4d9-1379-4a67-a46a-5dad8f318e65,Control
76e558cd-077d-49d4-acea-cebd120aaa7d,Control
d005da1b-8a42-436c-877d-1f13bcbb14aa,Control
6de34bfe-8ce6-4e08-b918-02137cf856c9,Control
7f8681e1-2a5c-41cb-bfcc-b47a1adbde56,Control
62ecba2d-7fb2-4fc2-84c3-1d0de2bc1691,Control
899b8121-9684-4d22-ba77-1ce23418d60d,Control
0898de0f-69ed-49d8-a952-464b32ccfa0c,Control
7c0af50c-105b-455f-a8d0-d89fd4f8c17a,Control
790f5a71-2cea-4bba-b227-68e3cc551f63,Control
92f93f42-fee9-4f0b-86ca-267d7aa41f85,Control
a33723e8-1607-4149-b9ea-fd2cc84fb112,Control
eb4f7d57-cefa-4c2a-95c9-cf391724acb5,Control
3ffc3337-6256-4404-814c-31fb37e0c8c2,Control
34af1372-5333-482b-9061-90d35859c844,Control
e6bf3832-9876-4ff9-ac62-ef4e07eb25ce,Control
9f5790a7-9c64-41f6-abda-34aaa3ea1b6b,Control
b010e3f9-48df-4bac-97d2-f3ff67d0ff5b,Control
e6aa5223-71ae-4a3a-9532-5c13af508784,Control
548831b5-2a62-48ca-802c-e737b914a1a4,Control
14102c7f-43c2-4804-9d7e-0538954f95b6,Control
9eebf317-934a-483a-8974-f61daa613757,Control
dc2ac129-fd6b-42b5-a2d3-ed0b91d1df99,Control
03a6858c-4898-4c0d-b69a-3c8027acfe4e,Control
eeef43b9-ad35-4832-927f-c9e2fb997d1a,Control
469400fc-3ddd-4982-b4c7-888a55249814,Control
6d8e64b8-f94d-48cb-9af1-45569bdebbb6,Control
7b0c24c7-44d6-45a0-9e77-1d7ef270ff62,Control
e6acfd4d-f086-46c0-95d9-296a5a889c53,Control
882b0c02-199f-4cc0-b460-2206bb89fc52,Control
0fc1c8d2-ed6a-4b76-a26e-9d09df1cca10,Control
200cfd33-35e3-428e-9b05-7000457ddfcf,Control
a3560207-fbf5-49d4-817b-8a5e5f8868e8,Control
a922496d-c6b8-4403-9256-a404d0da1478,Control
6bab5b55-0505-4fc9-8b1c-df6223bd7101,Control
2de96c3d-d924-47d4-8a81-4ae729d366c9,Control
4927fd0b-9a19-4dfc-a243-59d69ed59b79,Control
438fdcba-6511-4d32-b2f5-bf56c6caad5c,Control
852238c2-71ad-4dcf-8f41-f36072749bb0,Control
d8dd0a96-8479-406f-acb9-acee044495b9,Control
605a2f88-1599-4f2e-b383-1fa66757c99a,Control
b66adcbb-7457-411c-9f8a-660469554c31,Control
eb96f1c0-f827-46dc-b8f2-6bac4e42c1ae,Control
0e8c9bf3-c15d-4be2-befd-09a47917efaa,Control
bbb8082b-51fa-4e5b-84d0-c107b05ff23e,Control
2c452c52-69b6-45d4-b227-feded2d6ebea,Control
b0a14519-32c3-4ffb-90ea-18a524409845,Control
c10d91a1-5a1d-41a2-941e-30f0198cd1d9,Control
d070534a-efa3-4fe2-b216-d4c4c5f5c13d,Control
834612e3-77f7-4fe5-a5b9-78c781dd6222,Control
072f07c7-2f77-4fa8-8127-6e1ca01140f8,Control
e611aa5a-540a-4698-9643-a2604197da9b,Control
b6cb5592-54f2-4dbb-b1ed-3b0a161bdf9d,Control
43305e6c-22bc-422f-ba35-6cc16d854970,Control
e0bf6271-5cb9-45a1-9b29-81e9bfe52674,Control
51e139ee-4336-4bd1-b583-d1338e472ca7,Control
3ab4d816-dab2-43bc-872d-b5afe0f19c48,Control
fd5918de-1986-4df2-b99d-90da203ab897,Control
62dd7c93-05c0-4237-bc25-df1cde3d328b,Control
73f5a4e1-d78b-4c83-953c-f96bd309e1ea,Control
6bf5981c-d9e6-476b-9757-556d64b80c25,Control
ec86cb0c-bb8f-4294-9f03-1e7b5268596e,Control
d96f7bcd-84b3-461c-a7e7-dbedb962fdbb,Control
85802780-41e0-44fe-bc08-075b93cdabed,Control
05ade86e-6bc1-4145-b5a9-fcfe5967f1ed,Control
47494cf5-377d-44c4-8b91-c6a6f85a10f4,Control
1cb44ec3-0cba-4e7c-91a5-8ab3ee28cede,Control
4312046b-9183-4aaa-8e3b-e96a3257aaf7,Control
4afd6035-0e51-4f38-ab9e-a033284ad825,Control
0e884ec1-e1c1-46c4-997b-fe6457983ca4,Control
8bf02416-3ae6-4f3e-a7b7-91f828fa62e5,Control
0e061f4f-9d19-494b-9b56-8e1c558323c5,Control
530e4df2-7cae-4371-a529-6abd16b83c2e,Control
e65f3a3f-817b-4349-b3e9-ca5b558d0a86,Control
51b232ff-ffbe-4365-beb7-5032fa217af0,Control
e7526580-bd85-4c12-9d8d-9041af76c863,Control
baec6c68-055e-4f42-a5da-16b51b1f3e54,Control
0cd77943-de5e-4276-98b7-7e5fe981e60b,Control
5437b493-896c-4a4a-9ab9-c09006b1075c,Control
125ed5e7-b539-49dd-9763-ee792df78295,Control
fb4d763f-070e-4646-ab2b-cf3346ae6fac,Control
a5c32691-eeb4-4f48-8e4c-c24cb6deb39f,Control
7dfac7e2-5877-44cf-8860-614aa0a10fad,Control
597452ad-40f0-4695-9c94-3c676f6eed1a,Control
e85b078b-cc84-4252-9050-1099c6d54b66,Control
d0ad923f-f799-48b8-8cfd-6bf81b9c00f5,Control
2cfb27f6-1509-4019-98bc-2375a8584fd5,Control
9d7915e1-5364-400e-b0cb-4e11e89c2b37,Control
c07f8c19-d71f-45ec-af11-3127be365b87,Control
c1db21b6-0339-42eb-a61b-221283d10078,Control
5eba791f-d3ce-494a-9ace-5ec26320ddb4,Control
b72f7f45-0fa5-4b0c-9f40-3f390005e890,Control
e4b021d8-59cb-45b1-8f7b-3bbdf43923d8,Control
8276b72d-d972-4637-9c8c-2838416aec57,Control
05de7235-c4c3-4e89-a620-92405255913c,Control
abedd877-9748-44a7-8d9b-366e53e90276,Control
dab74e9e-8e65-440f-ae09-f99ac0f06989,Control
2422c415-2898-48e4-878d-4cb0b6fd5d82,Control
4ecc5094-51f7-4115-9bc2-bfb3585af6d2,Control
69991555-db28-4676-8583-086e26ed2089,Control
1dc54729-3a38-4ef5-b960-6e5ab9dad651,Control
771931fd-10a2-41b5-a71a-d6b73f22aaf3,Control
ab06f03e-230d-4142-ad39-16dd43520a38,Control
b38a4e6d-0b55-4f11-81ab-35b779102431,Control
ff2dc6ad-66b2-47f9-ae0a-867539dd5915,Control
cdfb16c7-6692-4fae-a3b2-7876f9ed6c1d,Control
d92e8b31-af43-4341-950f-69c250d7b742,Control
8223548e-9627-4957-ad11-4303023a58d2,Control
61b493ec-be2c-4a3d-8981-7e62ba4c0b26,Control
a762cb5a-b40f-4237-b8d4-92de5c66d7ad,Control
a5160141-6a1b-42be-ad2c-eacb97256b62,Control
187efcda-2f16-4c7b-977f-947c7eb20052,Control
9e001f7d-3e8f-4b2a-9f6d-d29a7006db7c,Control
12e7ee7f-e2b9-49e3-92ff-93e571607d68,Control
f72d016d-00ac-4c53-b893-9823a2f140aa,Control
05585c81-aa25-42b4-8dda-df4579b1c479,Control
9a23336e-4144-44e5-ba31-ed99a03fccab,Control
e1e7f0a2-84e2-468e-9870-4061d72c1480,Control
641e8895-cb5c-4e47-ad91-f56117011c40,Control
96a5d1d4-ae3c-4ca6-8ec0-03e7fb505948,Control
eb87bbf9-b100-4a47-a8ef-f5bf8655059e,Control
afcd726f-7075-4c8f-822e-0e732930de08,Control
6ba16b59-a4a3-4fcd-9156-4902618ffd38,Control
30ac761e-6274-4d37-80ea-92f35fc21494,Control
2825981c-39d9-4c89-b883-7d4186beefe2,Control
db958d37-1d93-4c7b-90a3-6bec10c69397,Control
81d2343c-6356-49d7-ab7c-33843844a5f1,Control
99f46078-e4a1-4a85-bb9a-037bd7f6fde5,Control
99617dfe-0ea1-40cd-807a-e1f15e91bded,Control
1ae63ca8-a67e-4df6-a0c9-2de69188c0dd,Control
ce239a5e-e4ff-4df1-a942-fec7dcdc9c5f,Control
1c4ca396-8dea-4c84-aa83-bc0aca7ecac9,Control
7baea6ef-bef1-40fd-82cd-50726cd1ef42,Control
a5bec502-d1b0-48ef-b653-ccbf842c148d,Control
95382666-2ef0-45e0-b773-339082833523,Control
de61e6de-2b4b-4931-824f-177f7b680b70,Control
0207905e-318c-4034-a979-7f20f30d496c,Control
4978105d-3de3-4a8a-a716-9851d4450307,Control
c5988156-5f33-4a4c-9d39-b9cb4ae0a897,Control
8bac9557-9130-4b81-bf75-d70102ef8969,Control
03f848c2-65eb-42d3-83a0-7a455901edf0,Control
05cface9-c256-4e01-97e3-b56322f9f325,Control
0dd4f713-28b6-424d-82bd-670a9cf82439,Control
6d03ca62-bfee-4891-8e84-8f0cc7cfe854,Control
3c4e7080-4968-41aa-8f6e-a19b34957c35,Control
77945b2d-fa7c-449d-afd4-3d3065e32f30,Control
35e53fe0-83b0-4ef2-a8e1-dd9276ce18ec,Control
29cbb299-d7fe-4746-b6dd-a2b1624b5379,Control
902cbbea-05b1-4593-9af6-7addab93ccba,Control
6613e12b-a6d3-401e-a05a-6314771133c7,Control
1a98abcf-c72f-4625-94d1-72de3b7da792,Control
7f666433-2696-441f-b62f-4ad45c62335b,Control
37eb1216-8389-4939-9f06-d289f4161f39,Control
51d9c14b-d421-4f06-9d7c-d561f8104303,Control
461a4ac5-a24b-4e9b-92af-09a72259085a,Control
2902f55e-f057-459b-91f3-19bbcfe080a5,Control
d7a08c36-04cc-41b3-a038-385110c9e761,Control
8ca15226-3515-4dda-875a-2f2f564293e9,Control
c1f0f0b8-f739-4bfa-86e7-18b8b1affb98,Control
ccc0bac6-0320-42db-bcae-24a7af8690e0,Control
1e866d4f-442b-4a5c-a45d-c68584c5ad9c,Control
e3173b13-cfc4-45ae-bac7-0f335c4e3e20,Control
c0bf2731-4f13-46d3-9cda-1e0d09271713,Control
d4944397-48b0-49ee-9953-ad8d47365491,Control
3667b80a-c007-48c1-b8d9-18bcf1fd3c3d,Control
7344a833-383e-460c-9174-27f7d50beaf0,Control
12df02c8-e789-4a3b-aa06-c3ef7899879e,Control
667bfd97-94e7-40f1-bef3-f3b2edb1f153,Control
26ca28d3-097e-490f-ae95-126d5659c01e,Control
05dbf832-01bf-4108-927d-23be7b106d9f,Control
495d8590-d11b-4a94-bdbe-11b91a6c3990,Control
aeec0a5f-fffe-451c-8f84-6a06d6c840ad,Control
990f6f58-6371-450e-ba46-6aac48c1ffa6,Control
aef62b7c-0065-46ac-91e1-635ab455640f,Control
94772666-89a6-418f-96d4-af7b779c9aed,Control
60ecdecd-3ace-4696-83b6-de1e6a2719c1,Control
3d49d6d3-ce8b-4628-9321-5dc5062b80a2,Control
a5b5db26-2361-4241-b1b2-74de842602dc,Control
05772851-15dc-47ae-ac0b-af1807740014,Control
807cc3ed-62c9-496c-83c0-2dbf379815e6,Control
bafb43ab-01cd-4637-9ea3-5fc0c0f491ff,Control
6a8ad831-9267-4308-8c05-9b72b5863b1d,Control
216413a7-9879-46c3-8bfa-93bb6b0a0d87,Control
eaeade60-3a0c-4277-ac56-dfe58e8b00d2,Control
8e624e40-262a-4045-87a0-b41c4cfd9dd3,Control
f2d4c6c2-2060-44b4-938b-9f59514463be,Control
60e787ab-8dc7-4ec3-8b4d-75bc124c5a03,Control
a9394331-eff2-4c7a-9dfd-3f51e2756aa4,Control
20d9c0be-7164-42b5-806a-9ae2f66aac12,Control
4609e3ac-cde3-4825-9471-f482826b3093,Control
2d059e2d-f036-450a-9819-5634c063e2b3,Control
c7d3d0f8-a8ad-4105-b4d2-d7c95f488472,Control
2d403cae-8d44-4f65-913a-6b1f1b6380dd,Control
f37ded5c-9fb5-4b88-8515-79501558e332,Control
65f4501e-e72c-46eb-bf1a-6c6b3f80d170,Control
6ebecb02-864b-48f3-869f-2ac7fde97729,Control
1fcf1a06-e90d-4c57-aecb-7c922191adb3,Control
dabafb10-cfdd-4440-b6ba-3ed18deb3cf7,Control
34b60cc5-f36a-4ea4-a64f-f172cfefd875,Control
f63222bb-cac4-4440-a76c-066d0c56c19b,Control
cf320a92-191e-4039-aaf5-ceebc0820815,Control
55f894c2-3589-46ef-a9fc-ec1fda112739,Control
23d64b16-90e4-4f98-a98e-2232e2141c68,Control
37b9de67-2a23-4e8a-8cef-1644733b41a2,Control
feb47ada-dcd4-4261-92c4-473144ea51bf,Control
cc6c2063-8320-4cf8-b456-97bb46f754b0,Control
81b90776-4806-4ded-95a4-2e933be92012,Control
fb9953de-cd99-4c62-9059-cd63a1b32283,Control
7be76ff8-a8f3-43cd-aa0e-73568f88914c,Control
aaa1b8af-3ca4-4b04-a318-bdabe685931d,Control
245a0316-99a1-40d6-8edf-7b2a62efc266,Control
323ee576-1f21-440d-be62-66ad255071e4,Control
58c8bfcc-9986-4e0d-b242-74b1f59f5e8e,Control
b9dc4695-ce76-4620-81fd-63dc3908b347,Control
89a1e767-c8fb-4787-acd6-c14a1180873b,Control
16ad3535-a369-47da-a82f-faedd034ca0e,Control
352a688f-b1ea-4062-8225-0d077bea1633,Control
af421bb9-d269-49cf-b3b0-43ca92bc68ca,Control
9722d35c-0034-49ee-a812-ecd9b4237af1,Control
db21d304-c741-4f61-b806-df72e6a2e267,Control
2dcb36ae-879f-42be-a719-275d6b73bb59,Control
a9b9903c-1fd3-4a26-a01a-5232013fe489,Control
ad4643b7-937e-4d59-a275-ab6744c694fa,Control
b832a105-dbf8-4df4-a239-90887a19d2de,Control
7d63869e-a796-4a9f-be60-383751e52bda,Control
5d32f0ee-ae8f-414f-ace5-73fb4e5ab4a3,Control
a9e6b3d7-5240-40c2-b272-a62b29e7bc05,Control
e1f73e31-32ee-4dff-a846-8cd3b6197c99,Control
767077aa-cd45-41d9-9b6c-2c2a092a4ed6,Control
435c1d1c-b186-43a8-a7df-993f9c90251d,Control
7274eb29-7d1c-4ad8-b66d-f666a86a96f8,Control
e32744c0-bcb9-4df2-8201-3d84bbf91366,Control
8f805a7e-6250-45da-b091-51c4832bf557,Control
92617eb7-b485-4a0b-9f5d-145c9e956ca4,Control
e682e2ff-e126-4732-96ee-371bf307281b,Control
666da7a0-4550-4842-bbd4-a8dc7c3ec556,Control
0958d2e2-3343-4cef-b8b6-eb93416916ca,Control
6335aa0e-400b-479d-a545-915df493d858,Control
b5542aac-53f0-4e02-943c-3d13cbcddb94,Control
0cb9d52c-1c5a-4005-a2bc-f206928f3432,Control
5d151f5c-0e3b-4b81-977c-c258d9f7472a,Control
3d310ddd-646d-434a-9def-20457db5f03b,Control
0c07f4c2-9500-4ddf-9919-2daf4865dd61,Control
3ceb34e2-6280-4381-a196-61af4632aaf4,Control
313deceb-1ca5-4613-aad8-2c0e69521102,Control
4e87df68-69d1-4e57-a103-a1739e62277f,Control
95da7a4b-fa2a-4f6b-ba43-b1870306945a,Control
4363f2cc-ac90-47f0-957f-57c2c20d2095,Control
202af27c-c4e3-43f5-9dc5-19a13c912f6c,Control
95755a76-4c23-422d-bd0f-c5c33c04f423,Control
81a8a72a-734d-4a69-8e9b-623f05125785,Control
fd884784-5026-4692-bd3a-629918f063b5,Control
6776cb36-6558-4386-9f46-61ab8f2d2b51,Control
5aab599d-c666-4a35-8ecd-d66a9b30a4ae,Control
5cad32df-c6d0-4382-b3ba-1ecad99e8b40,Control
e80b5428-8268-46e4-a0a7-7aee075910d3,Control
027615e4-8919-4ccf-8de8-2caaa28e5645,Control
83556e1c-0c2f-4f3a-a541-98448d85a810,Control
e5daf4c2-5adf-44b8-a67a-ed19d7ab42b5,Control
3f236ac4-32c6-4da7-b08e-2d5bea431ffd,Control
4169d96c-0ff6-4a95-8b8d-608f999c6efb,Control
2e4e89c3-dc64-406f-96dd-88ae3a3d668d,Control
c2c0fd43-ab5e-4681-8cd5-7a9f440c1c2f,Control
62ee150f-5377-44f5-be3d-6cb0f14153a5,Control
c914dcbe-698a-446b-801b-7a97f72ed90a,Control
426634d8-e25f-4898-8690-6de8f81b4796,Control
be18e86f-dbba-46e4-bdfd-bffcf6c0754b,Control
e3cc1c0e-7bbe-4ce0-8b19-d6750d2053a5,Control
0f31fc3f-ce42-4861-9122-5d2f65be523a,Control
5e075211-4bfb-4ab7-8427-873e16d00eb7,Control
107583a6-a80c-48b5-8708-c74516f55fb8,Control
cfcc16e1-8aaa-4596-a915-db23c829f81d,Control
1a3485cf-8284-4a25-9038-8a1f65be2879,Control
d7f822c5-8edc-492e-9bab-0ca1164d131c,Control
57c15738-3d0c-43b7-a000-0940647d3051,Control
897c4114-c1f3-4fba-8dae-292d7f7a09fe,Control
13869bd0-0941-42ae-8c73-9c0a01594bab,Control
c9a6e0ea-ba8b-4c8b-98cf-31dafacbd0d1,Control
7839acc0-cb57-42a8-88b1-9fb2012ab335,Control
3d72f780-4c20-4b86-a68a-9880608dcfba,Control
00ac26fa-6dae-4b87-bbe7-06771ba9de7e,Control
f8ef8497-6bce-4978-94ec-5db4e8289941,Control
5f1a3dce-ed55-46c0-acdd-ca722f6757d6,Control
2fafb913-627a-4416-b2ae-1d6ef72d8136,Control
bd38231f-d7b7-4557-b686-8a8c31da6750,Control
602a35fa-ce29-4ec1-8263-7b93906fa91b,Control
47d2fb7a-c846-482c-bb6d-7c68365c68c7,Control
47d76898-4eed-4fb4-9b2e-a9bd03520e71,Control
6357d458-c14c-4e0b-a055-0b9516dd99c0,Control
3607fc19-d91e-434f-b341-e2a502bba929,Control
af5dda38-0531-463a-b803-30b231d96061,Control
5145ef0c-1272-43df-a8dd-e7a997a1d41f,Control
a9c9c6cb-58b6-4930-a1ac-d68799b036f6,Control
f8ece74b-d49f-4352-bd25-6cdfd971adf6,Control
c40c6cee-82a8-4426-90d7-4928362c355c,Control
968104fd-b1ee-4061-b0c4-5fc52655c296,Control
57d8b5d5-124b-4959-bb78-4fb87c7609ce,Control
14a2d2a1-61ab-4c43-adae-2c1c205bae33,Control
08cb8fb8-c6fe-4727-98dd-9e2b5f6741b8,Control
a7158f97-10d5-4ac1-b1bb-17f560c6035c,Control
0e54d6a4-f115-4d7b-b8fd-9d95c422b06b,Control
c07f420a-cec2-4296-bf79-2401265c7ec2,Control
4f8ed839-581f-4b74-af47-d7dbcee4d648,Control
60b0f0e9-d68c-48c5-b4be-7f782ba26aea,Control
20506f62-833d-4cf5-aa57-c7a6c9012535,Control
0fefa6d3-843f-4990-897c-ee87c3cb02dc,Control
0909a0cb-3392-41c1-a599-ff07ab9e44ec,Control
7615a065-4e13-4887-a553-ce7499b057e5,Control
3428a0b4-1992-410e-92ff-aa15927de207,Control
72affc70-3d72-4677-ae7d-d1b8b95c359c,Control
ef111e0f-33a2-4cf4-ab10-af78bb329e36,Control
f42f8091-54bf-4037-9399-1ba85f0a7056,Control
d1fe53d8-0449-4820-9093-0cc69219cfd6,Control
b4ad2f70-3099-4ef3-b3db-dd5ece43008f,Control
738da676-9b97-45a4-889d-ad572ceb71dd,Control
e2fd1280-896b-40d5-ada7-321143e649f4,Control
2eb0f48a-7d20-46dc-ac03-62d2c789e467,Control
3f1d86ff-8e5f-4f27-b71f-90f7ee0f8a3a,Control
5a312e22-593f-47df-93b6-f8f4cc319f4c,Control
a45cc39f-8f67-46c2-af09-308c9e7b7629,Control
9f308292-b09d-488e-8dec-8daea82dd26b,Control
c4dd1a2b-a5c6-400c-8bfe-77a257770eb3,Control
b718b36d-fcb5-4ed0-96bb-8cfd1a0d43ed,Control
2f22289d-cfc6-463d-bc80-27006dc7ce08,Control
b4b42bed-db6d-4354-a3bb-5ee3502be33d,Control
0932a1b5-04d1-47b9-9722-feb9c06be8ec,Control
3993a718-e564-46c1-829e-e0ff193063df,Control
f448b0dd-8f3f-4155-8ad5-019eb6d81385,Control
bac29480-f28d-40ef-a72f-5a58bbd82d3e,Control
9d456d13-3d80-48c1-ad3d-b91a6cd862bc,Control
a484adea-ca0f-433e-a760-ecafac15fbf1,Control
46ae908d-0e8f-4edd-bf4c-331b89dd8d7d,Control
384be4df-32b8-483e-8fb2-2c7e75ce194d,Control
6e7613e5-06ef-42bf-b975-58248b79c8b1,Control
6a317f8e-e45a-42a4-ab2d-31930a84130a,Control
fa5abcb6-f42a-4671-bfd3-fcf43897d483,Control
7f06e223-2f52-4e7e-8735-e399fa53e13b,Control
eb402d26-a0d4-44bf-97db-33046f9ccfda,Control
b5c6d277-192e-436a-a062-0f805e5d8583,Control
ce238dd4-7783-49c5-bbe2-5ab02aa55de9,Control
16878375-06ac-444d-8b7f-8d88fa7d8f92,Control
0d718222-c4f5-426d-adcd-8f3affb1a8a7,Control
836e25b0-5581-41a0-b2a4-2f0b376967d7,Control
a8ef1493-a541-4ab3-89ef-de9e1b13a9d0,Control
eb43ae0e-e1fe-4f45-932f-388f7243393e,Control
b1b9cde3-28f5-4c32-9335-e2e735bce5fe,Control
1504480c-dc47-4b62-9a36-88b1a189731f,Control
3d0fc0d7-6a88-44ce-887c-b5ed3100593b,Control
e791545a-fafc-4a14-9825-1ae5a856bbb3,Control
662076ef-a65f-4d07-8e91-259bd6fc37e8,Control
151e40fc-ad98-4b5a-95a0-d03f98fe7db9,Control
1e352960-089b-4afe-97b0-820e33a41f87,Control
f4487a15-765e-4dfa-b1cb-19f33d5766e1,Control
bb0032dc-4c15-4f22-bb06-7d57785dab05,Control
0be8bd34-b069-4dfc-bb0e-91963f7d5e2c,Control
22ea690a-6a46-489e-b999-85aac75843d2,Control
e448d4b9-19c8-4520-8b68-1a0d97e7f598,Control
95ad14f6-0500-43fc-8af8-5be15ee523ce,Control
a2347239-e9d2-4b01-90da-90164f758187,Control
af137b16-ed5a-4c30-8108-5500936c2ac5,Control
3171a91d-a683-4485-b352-9568f4631737,Control
ba228ceb-76bf-48c9-bf43-987a8f040c28,Control
b1023b65-1ee0-4ad4-b64e-78ecbb0dc653,Control
e5b606d7-e530-4dc7-94c4-ce1cd2a61f7b,Control
d1504d2f-032e-43ad-ab28-1d3f2b79fbf5,Control
151a62d9-ed4c-4706-9ff8-8560cea871a1,Control
674cb6f9-ceeb-4ca4-b560-4295b2168c41,Control
10ddb24b-9eb6-4386-a659-432a261c5b1a,Control
66c3f388-169e-426a-91c5-85a847f0719a,Control
da817da8-dfb8-4366-b364-f9d07aec8887,Control
3cb00c1c-57f4-4e49-a6a1-0723988b286e,Control
99fc8f5a-165a-40ed-a453-5289fa715ea3,Control
4084611d-7edd-4cbd-8579-214b6c1f02d3,Control
c239a1aa-28aa-4f60-b85f-0758bdc44c81,Control
7a6fae90-1716-4acd-8053-2a583b584e30,Control
f8fa941a-0548-4641-8323-d56cfc73ea13,Control
559b7a75-afe1-403e-a003-c481d14973cf,Control
27504327-0fad-4221-9bde-b992f314dc1e,Control
dbd9d0d1-d6e0-434c-a569-1fb4eb8390d8,Control
6d626cce-ec68-4e5a-b39f-a1d0b06030c0,Control
9de304ff-0e52-4720-8b3b-69e30f139c84,Control
58ee7001-a271-4410-a449-0dc0dce122e0,Control
2994fad1-7bca-4ce9-8d89-dae62f2134fe,Control
26486c85-c0c5-441f-b852-e56b453c0bde,Control
caf58234-eea9-44ff-a4d3-d6d0f79d5321,Control
d2c71ed9-5a03-42ad-901d-ceb658698f43,Control
1c457670-eca0-4e91-82be-fdec3e74c2ee,Control
250c9058-c806-4e3d-8cd0-5476cc4d0022,Control
33e27070-d9a8-4024-80fc-2115662ca8fe,Control
5d3370ca-36cd-48bf-b016-adaa2327ff22,Control
550a3832-4466-41b1-956b-23328bb2ee91,Control
81b8d234-52cb-4912-bd5b-c4daa89e30df,Control
81e26607-b9df-47bb-ae0b-8e3e8ccff9f0,Control
c2377dae-304f-47eb-8fd0-84d9116a0490,Control
9c64a657-7165-4ad8-af2a-415f154d6f48,Control
00d6ec37-aaa8-4a07-899b-9648f4940e0e,Control
c09f7186-2cfd-43ed-be7e-847474e8a494,Control
6720f5f0-d92b-45a6-842b-d4e3b5e5d636,Control
bfc6ee02-c68b-4156-a055-294599cc587e,Control
5990f97a-df7a-46bb-9dec-085c462530b0,Control
15a7a3f4-8380-4a67-8f28-874b00e309b3,Control
b445fdb8-1ee4-4d57-ad8e-626864fcf9b1,Control
dba79a9e-fbe2-4b34-b344-3ff61f7a02b7,Control
1ede465b-b656-4660-bc30-56d96f3961ad,Control
e88aa194-bb3b-4233-987f-010d21f35314,Control
490fe1c7-c5ee-441c-a2ac-812afab1f21c,Control
bef04ca3-c840-4e89-88b5-7b1d12eb999f,Control
0240d538-ff54-4ea6-a08f-c402890f724f,Control
3fd2fc3e-d0eb-409b-99bd-808f47d2ca2c,Control
0c3e1876-be90-4ac0-88a5-7e2e23732585,Control
7c49a6f6-f9dd-4674-b160-f1343a8c3546,Control
84279c4c-c018-4e17-9d07-94f36d6c882f,Control
d238dcd6-88ac-4c15-bde6-deac0225f7da,Control
140af90f-06a2-48f1-a904-dc7724849ac1,Control
bd49344a-1cde-428b-96dc-9f096b0e3c87,Control
b096af5d-2710-43a8-87ba-565232d099d6,Control
32268ea7-8b8d-4909-9856-c125380ddaaf,Control
38f3fba6-24ac-498b-8d5c-0dfd366ef0a9,Control
343edd60-34b2-4d16-af57-c67e7e626356,Control
4249df86-44c5-41ab-b175-815f3eca8a47,Control
b57a7890-405b-48cc-9d75-8193723aa9bc,Control
d1d59d0b-fcc0-41b8-8a32-b7870952ff90,Control
4a360a09-770c-4a25-8168-815f390a210c,Control
1fe9ca6c-2c13-4d57-849a-9475fbfd3120,Control
c3481733-926d-4638-913d-c4a6efca527b,Control
57bae4d2-afae-47ff-960e-b3a12ea85171,Control
92cd1312-6266-4bbc-b54c-6aa316a1776b,Control
f5c0dc69-96ad-4c62-8249-ae20cd31cc4c,Control
51342839-dff1-45cb-8817-33a13c6ba03e,Control
47f70e0b-1d22-4953-87e0-add5c4417c53,Control
388611fd-286d-473a-98fa-a60f8f73ff0b,Control
4440f620-cb3f-45b1-866c-261f3a30c70d,Control
4e4167c0-6292-4cff-94d1-8f1a688c2238,Control
2b72081c-1819-465f-9799-9ffe5cda2e92,Control
a63e3159-834a-415b-aead-2533e11d86a7,Control
e91cc748-306c-4a9e-86b7-1d71e91f1bf2,Control
2a43200b-58b8-4a0c-bda5-17cd152641b3,Control
68b20540-26f5-4e36-b45d-5016b8117719,Control
50f412eb-7b3a-41ea-a734-c982ff1425fe,Control
289e5a93-d6e4-47e0-80d5-ca748b759923,Control
e8004808-5edd-42d3-96d7-a2f8d4728a92,Control
0493c5ae-bd62-4240-8ef4-5409453a343f,Control
6270d114-46ef-4924-be0e-1df53aa4819e,Control
a1d674c6-cab8-4233-9952-5521253cc88d,Control
5af82305-b395-4fcd-9ef3-c930e6b2327a,Control
68da0db3-c62f-4550-b736-f4ad20993051,Control
ef24497d-eac2-4a1a-9028-0fa31f95be7f,Control
d428f41c-0a8a-47f1-a71e-dea23eccb42f,Control
4777cc5f-e243-4312-b8f2-3be0d67d2f5d,Control
8c71608e-ed09-4bbd-9b51-8a2ce2e7592f,Control
960c22e3-6079-4ab9-b042-4fd1180a10b1,Control
ed21bea4-8038-4ab4-a375-5bc547900860,Control
8cda89e4-c32d-4b17-ad4f-8c591a0a536b,Control
8b340199-261b-4406-8afa-40a450217cfc,Control
589681ca-485e-4e62-ba71-6506f5423356,Control
2e42c6bf-92a8-4ab3-9135-a1d9efae7290,Control
8618b53d-7115-4118-a975-f4d5724c557e,Control
c23494ff-bff1-4547-9eec-a4856fa4d177,Control
d350c759-ec4a-473e-99b7-17333814c770,Control
3f66cffd-466f-473b-9ca7-a4e62654c7db,Control
fdcd0fd3-378f-46e4-843f-2d8cfa3ee953,Control
07648a3e-7d7b-4fef-a486-70d2e90604ae,Control
8f15bb4c-5461-4c44-8968-b97d54ef768c,Control
ab3cea6f-598a-4590-b23d-3f65764ff759,Control
8506c3aa-551d-4ebe-8f49-f93a1753e0c3,Control
0fe8f3ab-1473-4835-a756-af938786346a,Control
fb2a503d-d8df-4815-9339-831153e85735,Control
ef8bd75d-b300-4b89-a638-e5d07822a39b,Control
a7e3730f-a892-449f-b5a7-1457e98c4eb2,Control
2dcf44a5-20ff-4e6a-ad73-f7c0917a4e8c,Control
53c06948-ad0e-4e51-81ca-cc92cf46dcb1,Control
5dbfffd3-2782-4fef-8138-f7029ff61de8,Control
55ba8021-85bc-4659-9dfa-80a5c5f1eb3e,Control
8eb597d2-0868-4e20-8bab-0a81d726360d,Control
f3b617a0-4117-45c5-8398-c61ff03a6400,Control
f65f6d58-e45f-45cd-b647-071aa244285f,Control
0adab2ee-943e-4627-b256-0965ff6db726,Control
9cdbf751-259f-49d4-9f5b-8b5ac8d0d4c0,Control
7ac93d98-0a0f-4b5d-80cb-613a71b715f8,Control
cb888e8d-4b61-40ef-ab44-1682e0ee6aed,Control
5dbdedee-4a7b-4b0e-935d-44fce2d3aba1,Control
11dd8ed1-0ee1-44ba-be31-8a954fa5652e,Control
30414b4c-5cae-40bf-b94e-011669682768,Control
6056f522-3c8e-49cf-9e57-381532ef1229,Control
1ddd973c-53bc-4542-ad2e-778adee54703,Control
6acd9b19-6bcd-4872-8474-492ac7491218,Control
cf2a8c19-7715-4c81-a89b-71a715f23899,Control
491ee3fb-80a2-4032-a5b4-77841d8b1988,Control
949afc8d-89ad-4bd3-90c5-c1f9ab6692ae,Control
7f70b9b7-6a63-4cf3-bcaf-2f1e607a3b79,Control
396144f6-7237-44ab-a988-7a57007dcfb9,Control
8576ece8-cc77-4c2d-bd00-f402e9165cc4,Control
c247a6d6-500e-453e-baa3-0c08548405af,Control
d2ceb865-3373-4a52-b809-9694c34f10e4,Control
6e4b5add-a351-4de6-a489-43b8d66deca7,Control
1b53d402-dcc6-468c-84d5-c1451ae03e4b,Control
691169d8-0c15-4a8e-b478-be5ebaf2e480,Control
9e5a1900-8162-4566-a2ef-c61b780c59c4,Control
680db6f8-6b5d-45f3-85b1-cff0f90c149b,Control
815e4ceb-b71e-4634-a665-0140fd8bced6,Control
1f70c640-e927-4750-8554-03ca65327290,Control
c75ad13a-1eff-40a9-9d73-f0449c46b42e,Control
2d35c6bb-f3f6-47f7-9fa5-cd7375df86fd,Control
2c84863f-2c2d-4068-b957-42eb2b6ea6cb,Control
d4fff6bf-c562-4b0c-8451-10350048dcaa,Control
a5bac144-bbe0-49dc-8be8-fcd6e600abba,Control
a51dec8c-5ad4-4d16-ae35-8cc7b8619a73,Control
2630adcd-c7c5-4885-890b-0406bbc1233d,Control
1418ea21-8a9b-4456-9a6f-eefb2a49c2aa,Control
98e44626-3231-4fc2-af6b-d1d8a8949fcf,Control
1e26a68f-1111-4a73-a4e4-0ec0c99652b8,Control
e4654452-ff71-4c0e-bc90-d0e29ed5e892,Control
c3e637f9-2a5b-441e-aadd-980dd2b2db28,Control
25cb8127-2aa3-4b4c-80f3-668c2014daea,Control
2288bc31-9583-4dd5-9bcf-3f3148f8c577,Control
5fece769-28b7-47a4-88ac-e8e79b708534,Control
c776e745-ea95-42d0-a601-d247b03f4a97,Control
fb416362-58be-43d8-837d-d04b92e609da,Control
3127ab99-8a53-4bab-87a5-241d0c314f70,Control
ff1d0131-0f1a-433b-a118-1ba275f3a01c,Control
9dbe1cc0-b9bf-4574-bd9a-8ad9bd59d4dc,Control
410130ab-e8a3-4abf-8835-dff00456c9d2,Control
fb82a299-c5d5-4a86-89f3-44b17ce4a850,Control
1a78ae7b-87d8-43a3-bacc-784282999195,Control
2edfb808-a149-4790-b6a9-c6b51549bc84,Control
157c76ad-e6e4-46fe-a1c6-9432b84dadf8,Control
536e9b60-9136-4b95-9249-b140661f5099,Control
c8eb368d-0524-4485-9399-b5205a9f8666,Control
ad4f483d-d510-4bc8-80ce-3379125078b5,Control
e69730fe-7f21-4a9d-b5c8-f28b5d32d190,Control
2f9322eb-dfb9-4bbe-9f3d-cd7edf36e656,Control
8a7001c6-9bc3-4674-acd8-cd69ef322b02,Control
0c4bce3a-25d1-49b5-ac06-63bf1b0ea06f,Control
59aca756-3d5e-4b39-88c0-faee4342453e,Control
5ae7ab77-0596-4173-bfad-2e490ea3c0cf,Control
219c43d4-22cd-44a4-ba3d-5c07f21d8e9f,Control
0b9c5eb2-eab6-43b4-90d5-58eb5002d875,Control
781a0c3c-612c-4358-92d9-1bdf1056759f,Control
3e472e8e-ebae-468f-9a53-d84ac9ba080b,Control
ae2baa8d-3e95-48ab-8c56-d9a54040ebb6,Control
89eae75e-13aa-4e58-ab8d-f31f7dcaa3de,Control
a71b0d7a-5ab8-4575-8215-8350b27a6efe,Control
9e5ce987-abe9-44c9-8e77-6125b24ead79,Control
5a165106-1c51-41a1-aeed-528abf66a822,Control
9130b7c9-7fb4-4f0f-9eda-80da129dd1c4,Control
f1300301-dca5-492b-8335-554ca89578bb,Control
c23483aa-88b9-4e60-b9ae-11573aa43fda,Control
70257779-8fe4-4347-a438-7f74dd96a68b,Control
2a3503b2-958a-4895-94a8-862361380ee0,Control
f5117960-f2c1-4fd3-a10a-d013439651fe,Control
d713ab1e-9b66-4511-95a8-afb00ebf7e8b,Control
b82920a6-afa6-458c-9dac-5109719ae453,Control
64299034-5ec1-4f60-9bd9-2d82a4f8aa52,Control
574bc426-14cd-48b4-94f6-ffd1331e9936,Control
7f26ca09-1ed7-4ed7-ad82-76349840a1cb,Control
095a0072-9778-46eb-ac8d-c0b0f1b46dd3,Control
0484a32e-b7bf-43d5-a3da-34656a4ec76b,Control
0ea9c29a-bce6-4f15-bef5-e10fbd8e498d,Control
e9dcf855-fce6-4879-8f01-828d46ca0358,Control
81b5956e-61ca-4f4d-ab6b-6aea4a3152c6,Control
e950b308-8a41-4e9e-9990-f54427e880a9,Control
570cf1b8-d39e-4420-be2d-9f2873dd6419,Control
6e1933ae-48ec-4528-915b-36af6c02f307,Control
5f0e564c-4bd7-46e1-ae35-b861d8e62965,Control
7392b274-f6d4-478d-a658-6a00a4231224,Control
b95e523c-892a-410a-90f5-4c9b619440b6,Control
0027df7e-8b61-4588-96f5-9751c04dbacb,Control
86cdc979-8053-4757-a83a-f2122d51dd57,Control
d6e786dc-f259-464f-ba2e-380d35a0c1eb,Control
05e7901d-f41b-438a-8df0-ccbbe4d29f01,Control
313af420-3e9a-4d60-8b46-c99d61519a12,Control
1ced4349-ad38-4887-8176-8065d758ab05,Control
c762cf9c-fac6-4b7d-a3e1-533b4e3116b2,Control
45c0ffde-fd08-45a1-9559-ead0c6576fc8,Control
c93626af-529e-4a82-afd5-0051faeb1030,Control
374927ab-c44b-4031-ac75-2024cac1bd03,Control
97f981e5-546d-4d03-8cb6-a6cd72410051,Control
b458a09f-bf6e-4c89-93db-2ed13e5352f7,Control
aed42036-ab71-41e4-9660-9fe0e26234da,Control
df7fdaaa-d5e5-4398-ab73-d72024a45f9f,Control
b305d97a-c749-4438-88d0-ccbfd3feb26d,Control
881600ae-fc7d-490e-9fdf-daf6db68e4f5,Control
d328face-dd3f-467f-b536-5dba13a6fb6f,Control
c42ef153-7274-444c-9995-dff600ac2026,Control
d41850d3-27a1-4848-a8f2-7fed68067805,Control
c8cff332-20fc-4eac-9952-21b2a5af1a07,Control
fb7076d1-7b13-4412-b975-4c2a05322dca,Control
57a4e7d6-e6cd-45a7-993f-986b6e175df2,Control
886c8f1e-6624-4cc1-a39d-ed477d62ead6,Control
13a3b490-8e4c-4c7c-8649-e8783b7eb771,Control
8c2cca06-b0d3-466c-b34d-e91f08ba6778,Control
eb8622c5-0ef0-4ab6-954a-617553a4d34e,Control
261f416a-8f16-471b-a193-9cf478f61bf8,Control
8a51b4c0-f66f-435c-99eb-474cc1962780,Control
e912e847-2556-4eb7-8c23-90315a8e8410,Control
02610048-a2d3-4b03-91e9-877ea2488bd7,Control
61a0ae99-7970-4c4e-b09f-0da8dfc3ca43,Control
1b499495-7552-4c7e-b753-6fd309835364,Control
7bca2f37-8309-4027-b64c-6f2a630fef81,Control
15fc77b5-c40a-450b-b703-9ae38eecd0f3,Control
31df48ee-9074-4787-b0e0-58b433becfb4,Control
136777c6-0918-43e3-822e-3fe634c92765,Control
4a99b0b0-7024-43ef-8ccd-eaf007980197,Control
678d6a44-1993-46f9-ba6f-13819701e9ac,Control
a876cb35-e36e-48ae-a8d5-c139b01ddd43,Control
ef0a1011-f9d6-4ee4-b385-9032197ac75a,Control
d782238f-3b19-4998-ac7a-06d6e4a019f2,Control
130fb44e-2d4e-488d-b741-7ccd8389b07f,Control
fce4b223-10e6-4c8f-bd78-745eb4b10467,Control
0391657b-1b77-4356-9c17-c67354bf990c,Control
dc665033-cabe-4703-b812-30092096d850,Control
cecaa37e-706e-42cd-a21c-63e4216763e3,Control
79867252-d706-445f-831b-5a57cfa1a952,Control
ec5a5d9c-f16d-4cc4-9b21-d6823ab0b7c6,Control
5203380c-84d4-43ba-9ebf-3e1692326cdb,Control
63784c27-b59c-47af-bac4-46319befc9c0,Control
37cfb47e-fd74-48f2-a89d-21169c5ef84f,Control
d783b727-074f-469c-930d-521d62a34d6b,Control
8550e2e7-33d9-4a8e-a814-55c3ffce1d21,Control
cfcbd74f-6f40-44a0-9a4a-567b29441746,Control
c6d4e741-e194-4405-b891-f54c03dcb446,Control
a0fdbf8a-d83c-4edd-a5aa-1ee45ea498c3,Control
d1f14c1c-86bc-440b-8508-5a7ae754430c,Control
a7c58144-14b1-4e07-8f61-b0fb9efe50a0,Control
a6555436-786b-4716-93cf-6ceaa7cee4aa,Control
97668562-6b62-434a-a489-6d8f07fad135,Control
c09b82c3-4d88-4705-8e7a-7bb31600f6e1,Control
0c698446-5a44-4dcd-93ae-ae45641536fa,Control
23af6ea2-fee9-4bdc-8fb0-4e5f786204f7,Control
466634b7-abaf-4348-a12a-2f8ab60231cb,Control
6b23b71b-e1cf-483e-9dbd-83e5d14316b7,Control
500db95a-9103-493a-a752-f62e498ce0c1,Control
89d322f1-ca6a-42ef-bf21-814dc8a06092,Control
f2328c67-8fbb-498d-ae2a-7970e23233ca,Control
54f446ab-5b3f-45b5-8f98-debd3327aa34,Control
a2a58b37-295a-4225-8b5c-b3596a103b78,Control
ff8991b8-7646-4352-b78f-e66d020161e5,Control
f292d173-51a8-4b3a-9f82-7504ed3cc14b,Control
a977a25d-6615-48d6-aa0d-415024c8fa3b,Control
b2292888-435a-4b3d-b2b6-66a4bd11d35a,Control
138d9491-01f7-4f93-b7ff-c75e675d7c12,Control
c474d562-23e8-4c85-a446-694e2c7e534b,Control
7ea64ca3-23fe-4a1e-b701-480b3e5b8a12,Control
fabfe9c0-f3b0-402b-807d-7aeb4b252f95,Control
3bbb5463-55eb-49e7-a92b-45821e5a7c21,Control
2ec19103-862c-4374-98c3-c383e1a5bd57,Control
28578746-01aa-42e2-a929-a28da9e26710,Control
47b45cfb-50ab-4d61-8ae8-e166080c9ba5,Control
17615811-1e2c-4e62-ab7a-ffd5faeb3444,Control
fa22df80-1d1f-4499-9e76-df2c49595b95,Control
9798cef2-0d27-4332-baf7-40f2650a0c38,Control
b2516881-969e-4508-91de-9548227dc9ea,Control
9b0bbb7e-59bc-43b4-a696-11b5a8ff4c08,Control
3b171ea5-7403-4895-8c5c-519ea91970ba,Control
bbd2f9fd-2b55-427e-9d7a-95951dad93d0,Control
351d0e6f-1878-40c9-8544-c295be00736a,Control
31aa0afc-9a0f-4bb7-bd14-b30a6e712f1b,Control
f2dcfab4-3d96-4c1c-bb52-a885e53f3ed1,Control
93f4e852-f0cf-4ac3-a735-bb98506dd567,Control
48254903-cd28-40ad-8575-bce00ffbd8da,Control
af9deae1-c8f9-4eba-936d-9a65d42f953a,Control
143ef4ac-d2dd-4d5b-ab24-d8a7e98ab219,Control
8948f395-c234-4250-b1ed-80e3dd6ce9d8,Control
7cd6327c-36d4-49b3-ae1f-5ae478879d76,Control
beb2cabb-f09a-4673-95e6-7ca20df86630,Control
2f95edf9-b05f-4f8e-a55f-5cb513bb8c53,Control
a50ab702-10de-40b0-96f7-7af463554c29,Control
e9ef4381-17c7-4b4a-929d-faa66874bc00,Control
c6275d2a-5990-4353-abfd-1b3c96db67bf,Control
867be10d-547a-4a35-aba4-e9ce4974dee8,Control
4daad846-52bc-4ae1-a41d-1f854f87aca4,Control
25306ab2-9427-4674-b051-5cf5fb5857d6,Control
aaf3ad69-a8e1-4a8e-96ff-cdd959a5febc,Control
031d31d2-d8a8-44a5-bf69-ac37c0dd4b54,Control
c0a518ab-d011-47fe-a3ce-3b3e5d10b7aa,Control
295d9b4d-b2dc-4111-824f-928b70c747a6,Control
6f45a151-33ab-40a8-bd55-b11bd9f36149,Control
fd8157d8-40f1-477f-b582-ded0118c7478,Control
dd63dd0a-00bd-4494-aba6-fbd92adb5fc7,Control
4bf924c7-dc00-4ea5-ac41-f3e00ba14241,Control
2b61b73e-e117-4d41-b00c-a0c68db2ee43,Control
afb3ded1-6146-4cf6-ad10-f08bd44b9bdb,Control
56872edf-d3e2-42d1-a79d-c38f511327ff,Control
fb9590ce-4b57-48a8-b56f-8d7b71a7c14f,Control
edf4ff41-a65f-4420-95cc-d12b72233931,Control
6644ae21-e8a3-45f4-b07d-600f0191e048,Control
40c804a6-f6bb-4ea0-bbf7-2eb6b22f9b88,Control
008f861d-12f0-45fe-9078-7a5cc72e324e,Control
c631a945-3f5a-4b1f-8d0e-96c876308f26,Control
9087e64b-7265-4e9e-8eef-a93dcd0daf71,Control
0159dbf4-dd69-462f-9cfd-c7bc1c60e636,Control
52498383-8193-4f54-aa4b-1649404bb958,Control
2be35377-b96d-4e89-8f81-5c696e1a12e9,Control
fffc1d80-500e-410b-b1ec-6c824905e336,Control
16410ad4-f007-40a6-a4a2-65d22d804d23,Control
b44b55ca-8359-4184-8905-0d3c4419e1d4,Control
78f36392-2b97-472e-89ea-9e7db12ec5df,Control
3530605e-9fa3-43bc-ad31-d0b91789eceb,Control
ed705ede-6fd1-4ec7-9ee0-d602094843de,Control
d6a11102-5c29-4eb9-9b36-4f8293e29de1,Control
6f79c420-5a79-4791-8540-037f9acb7177,Control
353b3a11-db1c-40ed-9947-e18c8bde5cb1,Control
c30ff409-7ee3-48f1-9787-742e72ec957b,Control
95e36010-c670-4e2f-bd11-481919e9320c,Control
56ec1059-8d9b-463d-ad50-02dca0e6720b,Control
a2292bbf-d370-44aa-9545-2c94a6f75a1c,Control
ee639e82-6c7c-44cf-8616-4f16408fd065,Control
b4dd3689-652c-434e-a4a7-c3f1018fef59,Control
03f58d6e-debd-4ffe-8fbc-d996d2828454,Control
da7fb1fd-6ad0-49af-89f8-34bc12bf70f9,Control
3c58cffa-5ccc-4df8-9659-2fd4f67d4489,Control
0378e34e-3dde-4687-9a09-086774de5a76,Control
d62de039-ad98-4561-af7a-b374d685df12,Control
2e3e8143-0b06-4f96-88d6-077f6a9963d7,Control
39072a18-3d6b-463c-a14c-c36cb5fc6d0c,Control
2d0895fc-9dca-4d59-ac19-690656fce2ad,Control
6be4905d-60b7-4d68-8a51-30dd335c79bb,Control
ea284aa4-6f43-41d0-84cc-3a8990976216,Control
3910b66e-e509-4cbf-af27-c730ab092739,Control
fe738dd6-991b-4baa-9aa9-dbcc79524316,Control
f4d48721-e4c9-44cf-9988-07dd2883f189,Control
0ce36230-3bd5-40ab-a4d3-f4a72c4a22cd,Control
4bb5a23f-03d0-4858-9aca-27f6216e0019,Control
56b56907-e561-4f6a-b6db-66caa753578b,Control
8e9a9c7d-59d9-45b5-9d8a-c783757341a2,Control
188b3216-18f8-43d0-85b7-86aa6c2caa5d,Control
d7d82961-145b-4dbb-91aa-487af598d0db,Control
46569876-5177-4b06-85d8-f4bfd56045bf,Control
fe46adfd-e219-404a-98c1-832628cd24e0,Control
581d7cd5-74a9-4992-ac1f-41d4f05bdb74,Control
35fba800-aaa6-4566-a185-2eaf3216d074,Control
4c9d2103-00f1-43af-a6c2-fc5497b1ed16,Control
258f29cf-4518-4676-89c0-5c9d15b6c2e3,Control
1c0b9dfa-7436-4ddc-a7f8-2ffea8956f85,Control
7b5e2a92-9168-4188-9654-cf72690febf6,Control
5575a2a5-ce99-4f28-82d0-a88f9a1ccba7,Control
fe8b21f0-f7da-482c-974b-36222cd56454,Control
8b173947-3275-42a7-98e3-d7358e06e7ce,Control
8a57c03d-72d9-4089-a10f-0895be0341af,Control
47b53810-9263-4b08-97fc-7b6a11f5d7bc,Control
a29196cf-feb1-4feb-b8c2-c6a9a1012399,Control
5e51bd4f-0c39-4c0e-b9b9-8b295547b9fc,Control
8cf145fd-2b95-43a9-b4b3-af6b8b97d24f,Control
62fe5617-f64a-4b5c-a0cd-fce522ebe0eb,Control
0bf78786-8359-41a9-9d2d-9d1be2a118fe,Control
4032a31f-e50c-440f-a708-338a4b3d234d,Control
045acb56-ec83-43e0-9bc8-59108a6ba24c,Control
f7ff0d77-0edc-44bf-8997-3b131904c4c9,Control
03c04f6d-4a4a-4b77-b167-b26fca9cd783,Control
c792462b-fcc1-4330-a03b-b36cd95535fb,Control
31497359-5af1-49f2-966a-25ec104fd8ae,Control
c25f34f4-4164-401e-843f-2ca0e0251b41,Control
2adc24ab-9165-4843-aac3-0ff3f129156d,Control
88d8f619-0823-467b-8960-f855474e8ee0,Control
9cf63e06-b94e-4e1d-83db-112d51de0b6b,Control
d1b09de2-02d3-4fb7-8d12-692cf81376ee,Control
81102657-513b-4e25-aded-4e19153219bc,Control
1d8bd4d7-49d0-4634-a2c3-fc78903aaeeb,Control
f124ef28-ed5a-44e5-a18a-9fadc55c9fe7,Control
50a09490-0c89-49b6-b99d-721d74a06b90,Control
7f423afc-c6d9-48a8-9e40-387c82bdcc9b,Control
d63ef3bf-6f34-4c81-a65a-cf4d3697f670,Control
df7fd30b-68bd-4c9e-93c1-f4115f4b5595,Control
bbf9d8d3-02f3-4807-a8c5-ca47b4e6fb8b,Control
9c375180-c58d-443a-bd99-61b105584c8f,Control
f29ad825-dda8-4c5e-a363-35ce1db6cb57,Control
b4c073a7-d9ec-4f32-9e81-5dce8c9c4515,Control
f9bd4dd5-8905-43ce-bca7-54f930b57254,Control
26143e31-d93f-4398-a99e-a17f698ba3a2,Control
4848436b-b32d-4709-bcc2-a435180e25ce,Control
e6cb0b4c-79ed-4e48-b82b-387c51467c4e,Control
70b639ed-0e85-4dd5-ad1c-c8c93dd1a676,Control
16d87ade-bb91-4e9b-8a20-f33644ec5d5f,Control
8bce0f1c-9f0e-4b2c-acf8-77ec03068b34,Control
8da72798-255c-4f3b-acb5-70fbf0296280,Control
8b292d29-406d-47c1-8f7f-a89232f58e08,Control
73f8c713-4b14-4c31-8297-d4e7bd751ff9,Control
33e2159d-9815-4cfc-86ea-42db4120c0bc,Control
fddba387-73a9-4e81-9ca9-9fc234a5cd2f,Control
30079be9-be26-49aa-9d9d-f78983f98bab,Control
e7374ed8-f109-479d-8d65-c80e719dc345,Control
706da397-ca65-4eab-8dfb-0c710a85cb4a,Control
e0bf2e00-0967-42f9-9228-da80dfb287a7,Control
7955ba5c-867e-480e-a195-4020bf6e8975,Control
2cb8adfa-a0f1-4de7-82a2-3c227e9b5e07,Control
6363a901-7ff7-4618-9252-2c25ea37e222,Control
10cf8b23-d9d9-4ca0-b9a1-572759556fc4,Control
6bfca9bf-34e6-4567-8ddf-c99411e604e5,Control
01621f75-def9-4c94-b141-4f7c116e7465,Control
277a3dee-09d7-4fc7-99b0-50bb9fdce143,Control
5f29430c-2b15-48ad-9771-bbc4daa6c516,Control
89fc74b8-800d-4025-85bb-76f739c7bd99,Control
75eb3ccc-050b-413b-a8ea-24c971bbf500,Control
d0864377-88e7-4426-8a6e-05038aa6c56a,Control
b3c6fffa-ea01-437c-9a15-ae68d67442ef,Control
c6b5b2d6-4651-4250-8ed9-155814d04fcd,Control
1b14b033-4611-411e-babb-b34100498c37,Control
ff0c7f76-77c9-4c4b-b912-5184aa19a263,Control
02e41f13-a02d-4c8d-bebb-014e7a0f2fd5,Control
3c196ff9-b7b8-4cfe-8924-6090747f18dd,Control
aa2a8e91-f5b4-42c2-9f41-3c986c308abb,Control
1d6aeebb-17c7-4ad3-88dd-212c45f7ade2,Control
bcbe1246-6d3b-4652-a9ba-a1f2a4af29c7,Control
88397462-d319-45ed-9e99-2690df772a52,Control
d290659d-8e76-451a-8a04-fcdf857cfdf3,Control
0a615215-99d9-4d62-bbfe-55122588582d,Control
2a29e4b9-219e-433e-94e5-0fcf31b0e907,Control
ca23a678-1573-4f06-98d5-a5715d0685e9,Control
819b6669-3852-45d4-913d-8389c0b8fc46,Control
0d459c4c-6bd6-47a6-9c9d-21c819751281,Control
8987e5ed-58c3-43b7-8183-752500b5cb71,Control
a90d41a5-1950-430f-b9b5-aea63ba3dc34,Control
098d89ce-5eaa-48a1-b8d2-9864ca77f26a,Control
6f9e4560-1f3f-454f-92c3-35d62ff6ce53,Control
d4620ec2-f661-430e-ab04-a914e459ffea,Control
8f10df2c-ee05-49f6-92f5-df538c1314fb,Control
15dd8d4f-34db-4973-9931-946c14b546cb,Control
b1f89a22-59d8-4b0d-ab57-64e318de1b2a,Control
676f92e8-9e10-4758-a42a-fc0ef88792c8,Control
ab3030ce-3dad-46d8-9acc-5a9155a975ce,Control
5146ee82-aa0a-448f-bfdd-ce0b57e4a9b1,Control
87c09799-232c-4eb7-b1a6-48b82acb553a,Control
05e975ba-0f27-49ed-9d33-e0036f651ed8,Control
55bf1289-532a-48d3-af74-457b76dc40b6,Control
cdc1de4d-15c9-41c2-a1b8-b6ce1574381b,Control
8a30f2a9-7b52-42a9-9b15-c04247f91645,Control
9861040c-345b-429c-aa74-28a5e2e12145,Control
3a2e2538-521c-4bc7-a082-b83a4eba4591,Control
d1ae0439-9193-4116-a6c3-e75e0afcfc9f,Control
a10adb89-86dd-479b-b05c-cde798d52d26,Control
69a0f8d9-0d74-4545-a3bf-184910878e0c,Control
b79821ce-cea6-482f-bccc-1b4345e0c548,Control
6e1a79f4-85a6-43ca-b859-4b7b612637c3,Control
1d615a76-d315-4a29-aa9b-c22122eec519,Control
a43ffcca-e02f-4770-8770-908cadf350d9,Control
c6c3846e-4310-41f8-a448-c32ecc82a765,Control
977bc8fa-b73c-4e13-a035-d32bffd89ab4,Control
086354e6-92b4-4be3-a352-41f338383248,Control
88f5f32f-efd2-4c11-8d04-f3dbdd85cbdb,Control
2c6ec302-9073-40b9-96bb-54f6fb25cba7,Control
98eb6596-cf9c-4a9a-97a4-81c406c6b8d8,Control
c23af0f8-afb5-425f-873c-6c749ff39ecf,Control
906564c5-259c-4823-8f14-be480c29df42,Control
b6c9baea-13ef-4eba-8dbf-6c99bfef7566,Control
b4b09a19-65bc-4be3-93b5-49ab6f5471a0,Control
76de2315-9873-47fd-8e25-7b0c5337c9e1,Control
04b50248-ce04-49e9-a226-8e60854bc4b7,Control
4cc0324c-694b-4c40-878f-da4e7daa4a8c,Control
d9615660-4684-4794-a076-ce3263ceeda6,Control
b5cf3208-aa4c-4d11-8530-a74e22bf541a,Control
c3b22534-bb48-469c-b529-71ea57c91d3f,Control
6581fb3f-ffc5-4686-b32a-9127ed87efe6,Control
9b5f9f5f-be50-490b-87e0-0eaeb3a596a8,Control
646dafe4-72e7-4762-b204-4b40039fdb6a,Control
02b7755a-3bca-4d87-a192-51225d30e10c,Control
99bff3d9-e22c-4705-a00e-94b2d3b3fd08,Control
a60b38ff-4d9f-46fe-8c68-0ad8f498afcc,Control
badd3913-0e1e-432c-b939-dfece76d96bb,Control
0c68bb95-3103-4234-812e-fd2bfea19743,Control
d9f680c1-76fe-424d-a712-b071194d15fc,Control
90339c06-4b5c-421f-bb75-bbaf51cfb528,Control
e582e910-5acd-4cfe-a185-2caf7c7475a3,Control
df4b9658-db44-4638-85cb-6cc98e0a0a34,Control
780e6776-d823-4dc3-812a-0d0f2af50b77,Control
5797e709-eca9-4f69-a49d-94d8a3a64027,Control
a6d911c6-7b87-4bf2-b711-2b6c2af35bda,Control
8cb69714-a089-452f-b84e-789b02cb0c79,Control
12352971-1a58-4f10-82fb-1c1cc1b5b5c3,Control
66e66f7a-ecfb-466d-9b14-946af8f829c7,Control
de00f832-dc69-4eb6-9c27-256c784d181b,Control
5952b6d2-4982-4067-8113-d21c156a8775,Control
5407e67a-2552-43c8-bd2d-b5087296ffca,Control
c622015d-f248-44e8-9f6c-5f455c7989af,Control
642243d9-6f97-4678-92ef-9a8245ff9520,Control
51110c5a-5da3-41cf-937b-60340cb11937,Control
840e130d-372d-414e-b43f-eef13942c993,Control
df0ed06d-b853-4ebf-a7a4-a1d4f4b37115,Control
fc27f0f9-d04b-46aa-be4e-e58ed6939823,Control
2791b0ed-d918-4dae-9d9d-751af7c4d3d4,Control
2702d340-a1b7-433d-be05-fd64b062b442,Control
6255419d-e947-48ed-a13a-429047df9ddd,Control
546ccac1-7783-4bdd-a576-8c9edda7f9f2,Control
a89f90f6-a44a-4955-914a-402497a63677,Control
ec35bc68-93f2-4564-9fe3-0483b1b7ad8b,Control
5497a8a4-65f8-4f79-ac06-60d1620b4ef8,Control
4dac9d87-5564-41c1-beda-f2b80851fda2,Control
ddafacb8-d9de-4cf3-8de0-38460311671a,Control
69d8424d-aaa6-47c5-a6b3-f9cbbf6e1b89,Control
c9d5c476-efbf-4bd4-a4f3-6b417af85381,Control
b776b68e-c823-4465-bbbb-0369735a150f,Control
bcff16bc-75c3-42df-975b-ff6b3cfd19c5,Control
7eb7eed5-8734-45ee-bff4-4ab94e82c317,Control
fd044b56-ffe5-49cd-9588-d529c0eecb31,Control
a4cddcbe-185b-4efe-9163-4dec5ffabd7e,Control
125ac7e4-a4a8-4c0a-acb9-1f6c5fc66159,Control
1f18b78b-6b80-4565-9637-e7c536db45fe,Control
af87b9ff-b85b-4654-a54a-24bfd61d4225,Control
272e8669-3845-4a66-95de-35b32ff7c14d,Control
90418475-7dbc-4cff-a729-54aa34b7a02b,Control
ab1c668e-bd52-4da5-9686-f742c6d7f154,Control
691144a5-9421-42b2-9cc8-e48aabe7e80e,Control
d1c9aae8-4b88-479a-bff9-0544a8ed264d,Control
a70ef5ee-41ef-4483-be6b-9151c880de6f,Control
ccb6cabe-1f31-40b2-9b28-74c08751f1c6,Control
59d5e0d0-c903-4526-93de-5baa9e3a843a,Control
5edb2b84-c8e0-4116-93e2-160fdc8a047b,Control
445f3b52-1853-4ad0-ae27-d0caafb98548,Control
ec3a351a-f48b-4959-aa50-b73602b58622,Control
740b4654-9a02-46f6-842b-efb810a517f5,Control
a4f6c70b-eaa5-4324-b9f1-fad7bdfaf958,Control
e3c2d162-366c-4325-922a-cfd1d211a1b6,Control
861ac5e8-f2d6-4ae9-9edd-f0cb15b171a7,Control
be457bdd-ef76-4633-86ae-d6694786e9fb,Control
aa5ce3d5-ea19-4ec8-ac63-6717af8e073e,Control
85679ba0-5afe-499a-bdc2-53f7e4da1887,Control
eaa281c2-9ae5-495e-94d3-9abc32d5db76,Control
e73c2a62-7f02-42e4-9e5b-2ec3f962e844,Control
fd430d1c-53df-4315-813b-e231dcf1c8e3,Control
173944f2-7adc-47b1-988f-1dba994b82f3,Control
3ec5b475-b893-4665-ae05-23b89afb4fb6,Control
cb04a16c-3a7c-437a-b71b-4b66d81520c9,Control
6b266e78-2692-4c80-a601-b03f2525fd19,Control
a4baa79c-7022-4d79-aa2c-61985d399e81,Control
3c9bfe19-574e-47d0-95e5-cbe6056bdc4b,Control
82633eea-7fc1-4209-8adc-77e86576e12b,Control
3e6b919d-465f-4926-b83f-91ed1701f2ae,Control
6eb94102-058a-4007-a55a-d2dd6d8a7a2c,Control
8a6f0a5e-83eb-4c45-a463-13a99572ac82,Control
e85fb8fc-5eae-447a-b81e-f1df68c5a029,Control
01bab030-5e17-4f30-859a-183bc0b53d7a,Control
c028b135-9499-45e8-bcb4-46f5ba3ab9d9,Control
e9ac29bf-c905-4352-88b0-ea1b170634bc,Control
e2c9cb60-5e0f-4e56-925c-36630f427d24,Control
5bce3768-c970-4fb3-8f9d-f5bcd7be2f54,Control
b36e82b1-a723-4ac2-91c0-7381a83fe718,Control
05e06cc9-a99a-4f35-acc8-e9472da0e746,Control
edb9dbf0-754a-48cd-9150-22609c24d4c2,Control
0faf1f9d-a8b8-4235-abdb-dc532dbae2e6,Control
c720a187-1489-4568-9a3a-50bf51a56b56,Control
2aeaf3d5-2eba-4a26-8697-d055ab0153b8,Control
119a4ad6-0e65-498f-9e6d-ad1960ff7519,Control
6541162e-1b40-408b-922c-a4db832120cb,Control
571915ea-471c-49e1-9024-ed272fd4b0fa,Control
b27f0df6-20f7-4453-af10-0874d592e688,Control
f07e4e42-5f3f-496a-b9da-974d2d0f9809,Control
4bac386f-9bcd-4adc-83d3-f448b9c6f0bd,Control
d5a9e854-cbe8-4c88-8e06-62d690aa64a1,Control
d02fb7a8-031c-4623-a79b-a446d83a9212,Control
18f097c2-4947-4a57-a04f-fc292f9ba750,Control
36f49674-6901-414c-968f-5b47e724f807,Control
02a935f9-1736-44d9-a414-2d2f5156cd8e,Control
1dd81a09-3f8f-42f7-85fe-87198aecb968,Control
5f96e807-96f7-4a24-abaf-70029c3e9a89,Control
ea14f10e-52a4-41da-a63d-77e0d8f92a91,Control
a83777a0-950c-458b-9916-9fd2ac9f65e4,Control
21bc5537-14ab-4ddb-9f9b-b82dc6b6c6fa,Control
29039e6d-f7bf-4941-9c69-0cf3614026c2,Control
34ff1524-efd4-4faf-a6fe-687e8df3e3c9,Control
82945a9b-69e9-4150-862d-b7db56ee4159,Control
702732e7-3999-403a-8258-54918b081c44,Control
c21a2ad5-1535-4576-9757-7539a357bbaf,Control
3ceb2c88-bb11-4bea-a7c9-8730dc5ba51c,Control
ba803a1b-10ba-4ea0-94c7-96c62fc34be0,Control
ece0765f-41f9-495f-b25e-a7c1d8214ad9,Control
1865dd27-fc11-4a79-9ca6-f5412091ea93,Control
fe0e5294-76ef-42c4-9100-dffca50e8dcd,Control
b849b702-f402-4fb0-a657-bd2a654bf47b,Control
fd91c69c-b37e-41fd-b518-9ce637533ecd,Control
54e2901a-6364-4694-9a13-914fbccb8aff,Control
f7d6620e-c26f-40ca-a7dc-d848ea074a1c,Control
23eee21c-3e36-4b65-8d2a-ca10d7bd0555,Control
42b5b7a3-952f-4370-b340-e9feed78442d,Control
fbd761f3-cd86-4bc1-821a-ff8ecb9ce670,Control
bb66f6b8-bcfb-492b-91b8-1eae5d3f14a0,Control
3cce3f42-63c3-4163-beda-d1803bc87084,Control
0f188d9c-1fb0-4297-8ec6-92548d4aaf8c,Control
7b9a45e6-516c-4554-a807-cf0b93b6d8db,Control
ef0237af-072f-427d-a6c4-8836cd514083,Control
8a2b2270-d1aa-459e-adab-13045b5459ee,Control
4f4fd9b3-2fa2-4909-a6f5-4a4141f11ed8,Control
2c37df3b-fe23-4666-8961-bebfab43d1e5,Control
7ed146c8-1f45-404b-9c17-fae491c05f58,Control
4b5a40b9-aaa5-4a74-a54b-62729746e2a6,Control
dd6740b4-0462-4fe0-b594-ce30a36600dc,Control
1cd29c0f-55d4-46ee-9124-8df1df009341,Control
d760ebd9-d94b-49d7-9a31-0f5eaf2e53be,Control
88a2863a-6606-402a-842f-955a5c1c3fb1,Control
873e8552-1cc6-434c-9677-0888c99e48d8,Control
6ed67aae-ee56-456f-b7fa-63f82fc0341e,Control
724793f7-d2d5-40ff-86fd-1ab1334ab591,Control
defde97f-2989-4969-9a2e-ba1837d37020,Control
91a15b24-d9e1-461a-a250-35d68b7a8cfd,Control
a2107526-0abd-4cc4-892b-0b307eda2f52,Control
8e7cccd2-5882-407e-b594-e728474d4130,Control
c9d07b15-f1f8-48b2-82a9-88be4dd27d60,Control
e81a21a3-bab9-47d1-ba98-003ceeee846e,Control
49608fbb-d8fc-48ee-be45-7aad7cc502ba,Control
8c9d753d-0539-4485-ac51-58fcd38ee437,Control
602d47bb-d99d-43c7-86fc-44c1a4daf66e,Control
d365181c-ff24-4316-9561-fe4288c66e4f,Control
f3f4ca10-5f3a-4f81-9e50-9ea9250eb3c2,Control
facb0b92-0e24-43eb-9dd9-24e06df9b64c,Control
117bcadb-5cd3-4937-8d0a-8f9c765239ca,Control
16f4b778-8cbc-4e35-bd7d-c3becb915d22,Control
e86d38c1-2337-4899-bada-911d9864adfd,Control
79cdef52-13de-44dd-b40f-9584c2f7b888,Control
539dd915-8715-4095-918b-a64652185cfa,Control
eb90445c-0531-491a-8a29-784f43652570,Control
36dc4015-b1a5-479f-8863-9ed7cf2d6a2f,Control
45e6f46c-a50a-4b1d-938d-c2d9a52fb49d,Control
7a43d5af-888b-4f81-91ac-432117c467a7,Control
9e2c8879-95d6-4601-bfbb-be029788f8e4,Control
cfbbe173-377f-47a1-81eb-f4757d72854e,Control
4195cd43-0b5f-4436-b8f7-e55b2fa822d8,Control
876d39a5-2435-43bf-8741-fdc5b100980a,Control
76646588-3393-4581-ae0b-9b7f9f3ff654,Control
9c5f62a6-62cd-435a-9665-65eb2c805c27,Control
0ee4f0f4-8d05-4c5b-b6a1-4dcb05e9b13f,Control
c6c93946-37ab-416c-92da-f718eeb8e6a0,Control
f41f4dc2-659f-4e94-8eb0-bb0d7c94b75f,Control
501d87f2-2450-41dc-8aff-643c5a9ef70c,Control
970dcc90-7bf9-4319-a40c-898acb4a2370,Control
0da3bfff-599d-4d27-89c4-b008a32fa8a2,Control
00a2122c-74bc-44fc-bcdc-2a65f8ac8aa6,Control
79c21feb-d016-45f3-b125-b6c8c6241be4,Control
14d7a14e-6e74-46d6-bad0-6cf60ff507fb,Control
f8a0abe4-dc69-4db1-923c-181f84085134,Control
919108d7-b9ee-47b6-bb2d-7081708a8789,Control
587c8ee9-b517-4db0-acc5-b8952fcde65a,Control
00f33de0-f599-42e4-aeab-45fcf38a1659,Control
4fa6de9a-7ab5-40cc-9bba-a69fac02956c,Control
a1073454-fb5e-4add-bfe1-efad42b11434,Control
1c99ced8-0aec-4402-bc16-562c5e4b0039,Control
0dacf8a1-3f56-414f-ad4d-2fa733f14ed3,Control
90ef6a43-ef35-4c2a-b53b-fae99fee3d63,Control
f8311929-87f1-4f99-bb9a-0c45b75094ca,Control
9cb6772f-287a-4895-91fc-4debe58545f1,Control
00e43393-c5af-47e4-affb-2d15eebd69f1,Control
753e2606-d080-4ed0-8236-1ce70bdcd47a,Control
62aa3684-1b72-4b35-a107-bde017acf069,Control
9c41298e-a05d-48b8-b581-8c2eebe81faf,Control
fbe032ea-cac7-4695-8c33-5be1a3c2ed38,Control
d940f35a-b3df-4710-bf40-65c48d58084d,Control
30c8b636-d351-4f3c-b1e7-f2b9a3e1d042,Control
84650009-2276-4c97-9e6d-b9ac2048ea5d,Control
f951bfa2-b78e-43bd-9906-964b86f7ab4e,Control
bd92af53-ea34-4118-9c5c-dd22a6c5449e,Control
8eb75b56-928e-4c80-8894-744a05a37d11,Control
4320fdd7-bf5b-4581-842f-406ce2ccfd33,Control
cbcecc22-1bb0-48a5-b757-1a71646b0b3f,Control
8a40d10e-0377-4906-a9e9-5ef4dcfaca51,Control
6c2419a4-964a-422d-a124-27414ed4ff34,Control
c2961f1e-3cb6-428b-b0e9-51c85eefca3a,Control
c05163da-f121-4256-b69c-e8464e8ca11a,Control
e82a347f-c31c-40c7-acaf-a60f77ae42e0,Control
7532a45a-6559-4290-b243-d74d2fd44df5,Control
000eb54d-9802-412e-b61f-45a582e92c59,Control
fc9a6931-bbf6-4efb-a192-48dcf5983554,Control
4de9c683-a1ee-428b-a086-7a87051a0164,Control
d5a423f9-623e-4e30-8ef0-cafb8ca2253f,Control
ad495630-5451-4f83-a81f-c282dded48c1,Control
95afc84c-5671-41ba-99db-8324e4004767,Control
899ee290-f285-4088-a57e-ec056374d119,Control
63392196-976a-48bb-915f-adc47c85d8fa,Control
bcef3d6f-20db-4206-a919-cf5e8bba67f1,Control
a1e673c1-566b-4b79-9ac2-d6bcfba1a449,Control
34694c0b-72eb-4532-8732-cb9532ed14ff,Control
13ace5cc-5ded-44d5-ba4e-87407aa5507d,Control
f116c657-b3ce-488a-a16b-52dfa9702c41,Control
ebe16cdc-ac02-4c5d-a897-5798162e00a2,Control
e310ee6f-4d7e-47fc-b445-f959bda65ac8,Control
2b62bf6b-7a46-4cb3-90e1-5c885c7a8dff,Control
c864213d-1c2e-45cb-aed7-b05145e32458,Control
f55b0ee7-f38b-4f42-a3cb-1561a49a2d79,Control
1a88eb93-dd57-43f6-af9a-5eccee0af44f,Control
d6fb3bdb-3200-44d8-8286-fae718478e3a,Control
216c24ab-0816-408c-a999-4c2f3e52a992,Control
290022e7-38f7-4a58-87c0-bbd022fc6370,Control
9e55b62c-3f48-4f02-81f8-a2cc8ce80f45,Control
46d2e5f0-458f-4267-8628-7f0d0f72314c,Control
d7e2081c-9641-4f44-b7c2-a6ccce92b917,Control
30fa4d21-2b9f-42d1-9958-0b1364bdafbe,Control
f2025701-d045-4337-aa4f-d4ffa9a9da49,Control
827da76e-d472-4285-9d0a-762c87c9a7c8,Control
3fcb7106-995e-4054-8538-2c2e4f185008,Control
d8154291-9372-4b5d-83f7-3953f7201a9b,Control
e4e294d2-8549-46fd-ab5f-7a59b0072297,Control
db7f8789-9cab-4eae-b15b-bd5f6dc4abe0,Control
9282b8c4-c6ff-4966-8652-9f212ac3134d,Control
b96d2b59-cdfe-4a23-bd5c-9e546b419f4a,Control
c2541af7-8315-42ef-a10b-208e6acb08fc,Control
f228043a-57e0-44f0-b910-8d089d1d5c62,Control
13b7841d-1cf1-409c-98a8-d9d206f2114c,Control
ede78ebe-1098-4036-8316-14e4c4a8ad3c,Control
357b0777-0e54-4826-a3ab-3f6d7d116cfe,Control
7fa6ce8d-a0aa-4cdb-bc7a-98351c857fb7,Control
7a2163a3-a43a-4d5f-9247-4451288fc679,Control
bd4b42a9-3ba1-4c6a-b51a-e39bcdaed6b3,Control
b6b8840d-1709-4a78-80f8-8aa4a7e3a81e,Control
9cff5646-a670-404c-9535-31f505fae97c,Control
0fc2cd45-8cfb-4637-aceb-aadc32c9f5c5,Control
779303e5-9eb1-4668-82e0-a7d4dcc386cc,Control
62396d3f-0d22-4c55-9859-2f4af5cea5c5,Control
8d3c7c1b-7948-46e4-b9a0-7a2bed982895,Control
ddc2f224-bc18-465a-b10e-712c3a8242fc,Control
175db224-08d1-41bf-919c-42e77de09246,Control
66e643b7-0bd1-4af2-92ec-5dfc451213d6,Control
d8b0a4ee-6668-45c0-b8ec-7cd402121579,Control
a5a8da5e-a511-4db5-8833-153942f09093,Control
aca26535-b340-447b-b5a8-e509817af23d,Control
8d81877a-627e-4682-b3d1-92f418282f13,Control
c1cb0c16-91e8-4518-80c7-798dc0513b95,Control
5fc0906e-37bf-432f-b7f6-4b770d6379fd,Control
7aeea4ca-fdcc-43bf-9457-7d473655ac16,Control
822e5ccd-5636-45eb-a059-6d1c6030ea2e,Control
30f543d2-7923-4738-aa38-4e6045a927b2,Control
c1f5ae35-57f1-458b-87ba-70d9962adb40,Control
ce9c4eda-bb27-404e-ac7d-e94ff768fe56,Control
4109cd6f-0e3a-4406-a6a7-562c64fc79bb,Control
78c27c9a-e2a1-4943-ad43-764dbd6e46aa,Control
07bd1628-266f-4ed6-ba59-a0166c698bf6,Control
a76603ff-d3e4-4258-bd5a-eec85952951a,Control
9a6571b7-e38f-49da-9ee0-566871b7210a,Control
2d3a6cea-0e7c-4f82-ad31-da9df2a847bc,Control
1bbd7d9e-ad02-4ca6-893d-a3f1900861bb,Control
42751332-789f-4864-99ce-ae990cffbe70,Control
c408f4ca-5b8c-4ff3-a7e4-7a632f9197ca,Control
c40121e7-c8a5-4af6-b2a1-774d34401c3c,Control
f7c57539-3708-4a81-8c97-377e8b0f1ace,Control
8c6a1e8f-12ed-4e45-a5c3-7cb2dc0984c5,Control
65b34f9d-ac7c-4018-8586-ca8cd2ae9c5d,Control
b05833ee-16ba-4b6e-98a5-b274988c185f,Control
2111d6e1-c348-4ac2-b4fb-8a5e65e0397e,Control
58d5d73c-22aa-4a27-9454-9339d4b2619c,Control
ee793ccd-e364-4e3f-807c-00c0ec25f378,Control
5aeb35b8-6e91-4c09-b317-6e1d9fad5e6f,Control
68d07b24-24d3-4b40-9e26-47691aefbff8,Control
b41b6d83-da98-49dc-8238-93d7fb653715,Control
330a03ee-0712-4a11-aba8-9941684d1eaa,Control
7f79f2dc-76f0-497a-87e4-9606f44b8fff,Control
fbebb49e-a1e5-45ae-9f2e-070977742883,Control
81aa698f-1926-45b7-8138-9b484e53a900,Control
f121f39a-c038-4ef6-953a-a66dcefc4582,Control
b95e8452-f7b8-42d9-b360-686361e4bff7,Control
3bb0f24e-7802-4dd8-903d-9e97136a449d,Control
7e11778c-36c3-4f4b-af00-f86d3beb75a1,Control
ae4cb47a-3c9b-417c-8043-a258e6ded81c,Control
57b0564a-ca56-45aa-bd91-b4d576a3753a,Control
03e45c60-c044-42a5-bcfa-6072b93c7da6,Control
2b7b3a01-683f-4880-b3c1-dd6eb7417015,Control
2a868bb3-11e9-4d6d-b786-1777a63c9cca,Control
a98c7ef1-a881-4f68-85b7-f2c0853d6400,Control
0a89a0b3-c7a5-467e-9580-046ff6153294,Control
8d258db2-5ccc-4e25-b877-4987469bc6dc,Control
4d0e7e3c-da42-49b1-a4ff-631aec753eb5,Control
f081ec25-3afc-4591-b1fc-983807691775,Control
7da552b6-9744-4657-8448-23bd3876567f,Control
43031645-1b78-4f99-9aba-815fa1f55d37,Control
a4178002-a0f4-441d-b6b9-44aa0522e19c,Control
24d44720-6384-4207-b4b2-4e2aa3c4a455,Control
baf31fd0-e36f-459a-bcae-3005c7e59e2f,Control
c4a99c10-a913-4bec-bd98-e64430aaf82c,Control
0512868e-a677-406b-98c8-896d496e254e,Control
af7e76f8-7acf-43a1-940b-d3cf4a3bfbb3,Control
e6949b7a-4ebb-4b5a-8811-e7fe29281b92,Control
2164a30b-97e0-44dc-95e4-d500c493ec60,Control
b300c484-3086-4e59-a1c9-e49713b3404c,Control
ef19ecae-e5f1-40c0-84b9-7e2b3fbfa28a,Control
76440075-46a1-4cf5-973a-5b22bfef084e,Control
f572be6a-49e3-4380-a8c2-4f419d306db0,Control
91c1408b-25e7-4879-b208-9a0e0e7b02e1,Control
2b2ae4ff-c5ad-4cc4-8ad0-870dccd9a463,Control
b1eef820-e948-44bb-948e-844cc2f63c8d,Control
334cae42-9618-4582-95f5-555485e47045,Control
90381b6a-7288-4653-937b-9b2c43c44363,Control
f275b388-1ee4-4cc7-b5ce-b9a053039a35,Control
3dd254ad-7fb6-4462-847b-20bece730219,Control
39a8a978-a973-470f-ad2d-740b8fefafe9,Control
264cd199-25c1-4095-a7bc-7ec1e50f302a,Control
1a909242-d160-4b4d-8d82-f704b5f4bdb5,Control
102bd3b1-f71f-4241-876c-80a435d45576,Control
c0aa816a-fadc-4c9b-b168-c640c3cb9fb8,Control
c491beea-951b-48eb-a63e-0cc1498cb7de,Control
78cff4b7-be7e-4172-8b40-970cba477ad1,Control
83d73be0-7f17-4ae3-a72e-4d5a0abc20f9,Control
ef6ffd0f-0961-45c1-976c-19f242b20f09,Control
731a6a23-d9de-4036-8bba-91da447a81a2,Control
2f698545-d4c9-42b2-9311-46722374ad90,Control
c37dd5a4-062a-4c35-8e49-c9e0daa7ee23,Control
8bd3787a-b9b8-4f26-9faa-cacbf81b10d8,Control
c23738a8-7c79-46b6-9486-01381bd0b5d0,Control
d1bcc5ad-922e-4705-8181-8c195400f34c,Control
07e4f471-f599-4699-8da9-46c093289423,Control
6a697c32-177c-4f86-abac-cc6e3640291b,Control
72c7727e-d290-4a7f-9c90-bc34e8fad069,Control
2338d6c6-ede5-4deb-bf16-9d03d5757c87,Control
c27d8038-a841-4a89-900f-df13f96ea32b,Control
723fed4b-b593-4ef5-a51b-6bf13583c3b3,Control
f560b8e2-d361-437e-a120-3166edeb3ac4,Control
ba806bc1-0c0e-4698-92a3-d45872227a3d,Control
2d71419d-58fe-40c3-b4bb-9046505a8f83,Control
d53dce1b-400d-439b-83d7-a5fb74d6e5ca,Control
964707a6-7073-4d47-ba68-705e8269c201,Control
81549422-435e-4495-8f6c-a8bd9b08f4c8,Control
0ce3db8a-9c27-477e-9c4b-abd66ae95a48,Control
b2d3635d-8857-47cc-afed-f32edab07c9a,Control
b79f8c25-5e56-4bc2-87f5-9cb8ec70a8ad,Control
00800d24-d16a-48be-afd3-191ed3e0009d,Control
b38e4270-368f-4941-83b9-a95c7ef4ead8,Control
76fde362-7d6a-421d-bff2-2ea35329f2ba,Control
ca4fb40c-263b-4b29-8255-de6be7109608,Control
c23989a4-322d-4672-baa3-67147da077c4,Control
655366b9-7b97-43cd-a3d6-12fd1fe97795,Control
b48dd2e8-1f80-4583-a8d1-62a4d46821a6,Control
9a9fa854-3324-418c-98f0-b8ba328f7163,Control
c2768c77-0c2a-4688-9804-7d1f48a51e84,Control
ac9760ea-bdec-47b3-a39e-d8387902eb81,Control
97bf32c1-d528-41ad-b2dc-02cb4d78fb05,Control
d219bbc8-388c-46af-9027-90f63af6699d,Control
f0c522e2-6eaf-42e7-9166-9b990e32d19a,Control
b834f906-58dd-4776-86b5-74de4dd1a378,Control
cc4f9a66-b028-4e69-ac44-d21dd6388e48,Control
331fa172-0f59-4b47-ba21-ecb879a81522,Control
f19f1985-77c8-4fad-94a5-588ff9883da5,Control
735c8ed1-a639-460d-8ddf-fd6d77c95f2f,Control
1421658f-e5db-4957-84d3-fab78996e4e0,Control
fe1176db-7e5b-48ca-ab94-77772addf1b4,Control
ebcfd164-ff46-4c4d-8b9a-c0e4e6c3987b,Control
a57f215d-e7b5-428b-b5a7-b6f8b053a3e6,Control
affca5c8-277d-4097-98e1-5a3c6a4afb2d,Control
7969e342-4d6e-4d40-bbfd-303cbf9a938b,Control
74a4b908-6cac-4906-b7b3-041a83607b7f,Control
def9cce7-fb34-447a-b173-b69b3b534e89,Control
7ec0442c-33b1-4097-99cc-d55fd0d122b2,Control
bbe57521-f6e6-4e14-bb78-3d1654775ef1,Control
ed9cbe91-3eee-415c-8c4d-dff02feee387,Control
dfcc9134-6068-468a-9fac-0442baf59fed,Control
1e352f6b-5251-4769-a23e-37c4aad46dd6,Control
7c7aa607-89d0-470b-87d3-6c74f624057a,Control
f367422b-849d-49f7-9063-81f04d339bfb,Control
d8fdac29-baff-479c-92f2-e5c97dc95141,Control
dadb93b7-5afb-4f39-96d5-d1fa7887ffb2,Control
43201d3f-d3cc-4100-b1de-7e93e6049fbc,Control
fcd53354-c8e4-445e-94aa-ce70695c2c4c,Control
0d144019-f443-46bc-897c-5c5dbed6bf51,Control
3d26c7af-e663-428f-b168-d02d7719f4ee,Control
6d4d801d-5294-4ab7-972a-c4bbb2c3c8fb,Control
32583e05-b126-4453-a9e1-a04fd3a1a1b7,Control
709d1bba-11b3-4218-9aa8-0040b0c44da8,Control
f9d511d4-8ed5-4ad2-92fe-6bd348000101,Control
d19d17b0-c264-4c5e-bbab-ec1772a1c612,Control
96f5f535-6586-4a7a-8dac-e82ab7632084,Control
8f82c59a-1cc0-42df-98e3-b3fbebe27d44,Control
fdcb4a99-c9db-4df7-9653-ce3d4111b308,Control
9533e098-8164-498d-b5e4-37cda68b17d2,Control
1adab735-61a9-4f59-b3e1-d6c131385368,Control
205c7f55-65cd-4e92-bdee-b767b1970637,Control
df6515e9-33d5-4d74-9ba5-1b50995d628f,Control
150e7b66-0396-428a-bea1-5bba253043f5,Control
6934fc7f-4d88-488a-957a-86f8c9200843,Control
d17ba235-6367-4b17-8b3f-198d16521add,Control
44705861-3923-4aef-a024-ce5ab7c2e896,Control
5525a2b6-fc3b-4f23-ad4f-38aae5547f40,Control
d9d3184f-e6b6-4ec8-b123-619e7e1fc016,Control
d9f4abd4-aeab-4826-baf5-93bae9c886eb,Control
0a68f125-ad22-403a-a470-37217c96ce43,Control
356706ea-f377-4728-a167-4ee8cd289071,Control
5803702a-c048-4004-b297-1b501ab4728a,Control
8ff4792f-4ede-49e0-bba9-4526c45d6397,Control
789ba24a-f4b8-48c2-875d-021cb210fe71,Control
1ba82702-85c7-4ad7-b350-ef1324db368d,Control
90905511-00cb-45f8-885e-628b9ac1949e,Control
9e418eea-26e3-4c1e-9624-61fcf8567080,Control
b1d4c9b4-7658-4546-a3f4-6d6a0a99a144,Control
a30a9773-1ad2-4411-ada2-06b779f0d59f,Control
9cc94a67-a842-49ad-9fc0-7b8bc2aac64a,Control
650d6426-f81e-4465-bc8c-29cf93dccb58,Control
aea4dd11-2e20-4432-a9ed-c39a205ba6ce,Control
c8fde328-5a1e-4ef0-8f97-fece849746a6,Control
d2214da4-f173-46d4-9625-e788156e0f6f,Control
b4b4e8bb-c199-4255-8b48-7f4fba0563d2,Control
21f66942-8f94-4832-a568-94e1382cb100,Control
62f39c3d-3bdf-480c-873c-737f2a77f4eb,Control
90c30079-ab27-4fa5-abe4-894150d0ed17,Control
97e28dc8-66fa-4a30-81b7-e44829353d5b,Control
fc5be628-a57a-4d63-be0d-d04be093a983,Control
96d9bd83-f17e-415f-91de-ab2409d0334c,Control
007b4806-61e7-46e3-ad73-b0fd63cc0ff1,Control
a2c6cd70-4fd3-4559-bf08-fd791bcfc53b,Control
d96cb048-f998-4338-b067-620a07ad93cb,Control
4f001bca-a96f-4500-bb1d-f049ef3a9ee5,Control
bd8a1c59-7d4a-4b88-8826-89086ac1e027,Control
e7d412fd-b663-4f39-af29-10d7b65a612d,Control
e950c6a6-7efd-4c39-baad-88b24089aa59,Control
de99aaea-40a3-48af-b480-3cb823404c09,Control
870e1f57-4725-4f75-948f-4a56a4698e55,Control
6462a98b-db16-496b-b085-7c4cb6950615,Control
8d654a1b-259f-4184-b0bb-4cde24cdf580,Control
498f6c76-aac2-443c-8e5b-73f8323ed42c,Control
1468a64d-7347-48df-8bb6-30e9bc90f4c7,Control
cf3e1da7-ca5d-4a65-b50b-6946282a51a2,Control
1bbeb621-0eac-4d0d-8c50-4f6110840ee2,Control
f52ce86a-2a74-4db0-820f-867af115e7a4,Control
06e6594e-c546-4d3e-ab0c-4511ab60f563,Control
84c93f8c-6fbc-4b10-a220-a14033338dd4,Control
4717835b-c6d1-4961-81ea-9693397beaed,Control
90cf8c8c-f5e1-4aa9-9b96-6f37b305758f,Control
3e5f50a6-e9d9-4334-be4d-cdb77255bd7d,Control
3a1bb9fa-e660-44bd-9bcf-38005da2a368,Control
e2522469-597b-4ccd-8a38-8ef25b88d2fb,Control
3b2e965b-2454-4ada-8da2-f1fb06d2c25d,Control
db755fce-3832-4533-9b3b-ad6fcb003888,Control
5d3e1083-a859-41d3-bfe3-e01c03673550,Control
601485ea-c104-4c7d-a519-3ea677600d41,Control
0dd72252-b0a6-4124-8cba-a42b32dad89a,Control
2972493e-8867-48d8-a9ec-407fb282ac8b,Control
1db0987c-fc19-458b-b057-159818c185a2,Control
668efe20-7c5c-4c9c-9516-dd7f1707d1ae,Control
493e3508-ebd2-43c6-9217-4c79ef67f542,Control
128dc4ab-d0df-4c10-bf14-320d8c3b2d38,Control
82a77ad1-7f8b-41f0-adc5-d573e0ff3f87,Control
64394163-7722-486a-b52f-0d7d9b299dbd,Control
0eaff2f7-3d0f-4a75-aab4-c50d415fb1e4,Control
3f05c4ed-5d8f-4326-b062-089f923b6578,Control
920751b1-ee31-4389-97ff-9326a84751fc,Control
11d5cde6-2f24-473e-bce9-3c473b121020,Control
ff6bf34c-2617-45ae-905a-005c5be16058,Control
fbdae5bf-fba2-41da-9d93-ff133705896e,Control
f1595fc1-9525-499d-a9fc-bf4b12fe6f8b,Control
481ea6c9-6e3c-46eb-a411-64ec156dddf7,Control
af8ff605-0cce-43f2-ae51-e0e70d5efa7a,Control
3c7e759f-f90b-4bd7-8b59-9578ca618ba9,Control
febebbc7-281e-4cab-9bd5-d3dcf757bffd,Control
98ef1d7b-fc1e-440c-8952-0c9a7bc7ed00,Control
cb2f8acc-7362-4eb4-a98d-dd4eb674eb00,Control
623ec80a-5ad0-456c-b6a0-945d901f39b8,Control
aa22c828-627b-4e52-8959-04c05f0e3caa,Control
36c63ac5-296c-4a24-8a76-9a70ea940cad,Control
77a8bd24-444f-485f-a982-92c982ba64fd,Control
db1999ba-c5d9-42a0-bda8-7ba244bbf47d,Control
aed52913-1979-4974-a951-d5e5856cb457,Control
1f03cdb1-58cf-4974-ae0e-9996311628fc,Control
d8cff46e-c4d9-4732-b56e-f3d03773e8ae,Control
83197288-874f-4527-afa7-d5188770ba12,Control
299a00d8-4977-45ca-97c2-0e174710632f,Control
11fb99d2-a59f-4de0-9550-8814e94a6a9a,Control
eca6418a-1fd4-4371-bfe3-8f8a213e367b,Control
59063056-0f38-47da-a8ee-76cca3138759,Control
4d7e7874-e271-4ecd-aaa8-cc866a977ccb,Control
61ad0751-1ba8-48e3-acea-78647946f1cf,Control
b1a059f4-cbb0-44ec-a2ab-1f3a9d1ce58a,Control
65c14e45-1163-48e7-9c9e-7d98a3054d7f,Control
aca0d4cc-d1f4-453c-bdfb-2480592fd943,Control
b6969e33-2804-4d88-a447-58152b0912ba,Control
04941636-946b-4621-a69f-e485ea7c05ff,Control
cc5f6dcc-d04e-4829-94f2-a577e3f5a83d,Control
9a1f0d40-54f2-463f-8941-5915637d0ef5,Control
78ee4f88-d289-456b-b929-4d5549632891,Control
db56f451-3326-48a6-b1ef-8c32ad68107d,Control
3d46b475-e357-44e9-a0d0-d122bbcb7728,Control
3089d4f1-0d0a-4d6c-9325-a804c37676a4,Control
1f226763-abbd-4b5f-b36a-6c73e7759e8a,Control
08681503-0b50-4aa5-a2e6-1e57a2e095b3,Control
d9ebf428-b0b9-4991-b138-333318dd3a47,Control
a35c38d7-8ffe-4970-a77f-e80dbbff10ae,Control
b5ffd2b9-ae23-4009-a885-22046c330040,Control
5b728bb9-e63b-4e7e-9ffa-fd2223e3e875,Control
90a903c8-7db9-4c67-947f-7deaa9da7709,Control
40d42bfc-ed09-4b42-912d-d8414107a14c,Control
88529b05-0674-4627-9703-ad601ca95a53,Control
70a4cf67-9c97-4e29-ae35-1b54b7966b55,Control
af7b49c8-0bab-4b4d-b66f-f692e203198d,Control
52076ed2-7cf2-4bfe-853d-e5a6a931a6fa,Control
00647146-58f3-47c3-90a3-449cb91fb90f,Control
49493c9b-ddc1-42a0-a0b0-d303a6f7ec68,Control
ad21f2e4-6f83-45d5-82e5-f045df3d9e20,Control
f69727f7-3295-4920-93e5-63366356d41f,Control
70c5088d-2a83-40ad-a0d8-a60e1e147d29,Control
a6d5d240-8ac0-4f53-b90b-a7fc7e76deae,Control
e1b99845-075e-4dd7-8705-6a892300c227,Control
04ca7e3e-67a3-4821-948e-5833bf6a50da,Control
e7d96a36-0578-472b-977a-95cd85f532ac,Control
b05acad5-25d2-4da2-84f2-58ff1cc21d63,Control
a8070f21-9975-46af-8856-79fb39dd71a0,Control
7ca6d56b-f92d-437c-9aca-f511e34d7208,Control
f8b8fe79-ac34-4580-ac24-1a12f40b682a,Control
2a2a3940-2801-4f73-b8f9-41a7dfd3d5a6,Control
886950fe-1a62-4757-84b4-18ceebe72fba,Control
27379ad1-e176-4f13-bf16-fd78d6d2012c,Control
db402648-2ad9-4f6c-b8f1-4cb4e0e9b429,Control
4ea21540-f086-4e11-9722-73572230e969,Control
410ae1dc-82dd-4ca2-a38d-776d38630025,Control
b775d140-319a-401f-8a83-106e00feea9d,Control
50ac65aa-6725-474a-a6ea-43b23c12144a,Control
f85f6636-c6c7-4f65-ad88-bba9ac9c1012,Control
d2708884-2e7d-4c5c-bd3c-e9355e0691c0,Control
ea5394eb-b622-4fd6-844e-cd8aabea2265,Control
b350aa1a-ba83-476f-9b88-ae4b1c217479,Control
eb24948c-40e3-4e88-b28e-e63e18223b03,Control
a8db1d44-9f82-47d4-a2bd-5babfc629469,Control
7aa867ed-b8a5-4073-a72e-bf3658a2ccd1,Control
a3b72a4c-d7e0-4de4-8a84-7edf908d242b,Control
552bdb53-1d66-412a-abff-3468f25a5ac0,Control
0263a5ed-0b30-45fd-bac2-88da31f2eeca,Control
45f08dde-a663-49d7-925f-7ad15f937ae2,Control
8fc1235d-d4f7-4f98-9179-f9bec82de729,Control
cd5c25f4-f46a-4fc9-af75-e7882fe1260a,Control
bd719829-3e84-4716-8604-1ff2956b5cf3,Control
ecc574aa-cbc9-48ae-a420-f311266d6e7a,Control
fa6b214f-cc14-45b0-aa6d-dd4995b313be,Control
6ccb68f7-99ca-4b91-8323-60973fae33f9,Control
4bd832f1-0bfc-4503-8ecf-31f24c52f810,Control
74088814-ddec-44d9-8cf5-9c8f649d48f9,Control
851c20c0-bbd7-460c-bcd0-fcdc4087bb98,Control
839525aa-afe5-49de-9adc-0e7ca008c6d8,Control
716a4fd9-c91b-472d-9a1a-dcd034872635,Control
526d717d-aa5f-42a7-94c4-6de6507f8bb4,Control
a7fee5ef-4acc-4d66-9694-4e855fb80105,Control
79f2ad5c-203c-4030-bb41-2400703b2265,Control
3db2d02b-3507-4708-a54e-d8087065197e,Control
2e2c87e7-1a73-419d-8125-a17be964b7d9,Control
612f37c3-878d-493f-930b-c0f1d6a4abcd,Control
d3898be1-2280-4b7e-ad7d-d2696a90d780,Control
4a843e07-64af-4759-967e-54c12d5707cc,Control
7dc5872c-78c0-4adf-b0a0-f6a3c0775e38,Control
6e0ec86e-bfc4-4dc8-94a3-955bd73e4a01,Control
92f80af9-fbaa-4cb3-8ae8-70aab219602e,Control
ea6e595b-fbb1-4451-8a7b-dfb70adcabc0,Control
c83baebd-b1fb-4751-abb2-50a6a336700d,Control
655e5b1c-a7ad-4d82-b2b4-a91b750a303d,Control
f232c570-00b3-4b4d-a1b6-9b0e1abdc931,Control
24bd7156-5b7e-48c9-91d0-64de7ff76589,Control
52837966-cf45-4e60-ae17-fa8c3a7d568b,Control
16a2d649-df44-40a2-b229-7cf7b1588727,Control
28bd5cb5-c250-49f5-b988-a1e073ad6635,Control
828f00f8-cb97-48db-b21f-a1daa45fd823,Control
85b9b330-4794-4b7d-9424-f3275943a9ff,Control
041f0386-4393-4d51-83bc-954d61600a9e,Control
2e87babb-06da-4494-923b-8dca59d8ca3a,Control
105cfd7a-b9ac-4273-885a-87114bbcf90d,Control
ae83d607-271a-409e-b285-af4a322bde51,Control
836697b1-68e6-43dd-9e14-f0fecc9a4bd3,Control
d0010e2e-6a55-4530-ab47-763e9757cefb,Control
7714c976-e068-431b-8d29-c8b8d287e5fe,Control
285e678f-afd8-459d-90b1-a0c3e8751123,Control
abbf099d-d774-42f6-943b-ff57fb4c4e6e,Control
c2a7e9ad-b57c-447d-bc58-dc83afe53ad0,Control
61ff4f6d-2b12-4503-b7e6-1bf9fbe704eb,Control
63af68b0-dff4-420f-b4cf-feebf3c3ef22,Control
242c0097-f869-4cce-a5e6-393a876b1f50,Control
266bb809-603c-4532-9355-84c26cc7968d,Control
e91eb831-b3ab-4556-a164-e5ea2e3ddbcc,Control
c91e9408-74bd-491f-aaab-7205da8a6eed,Control
82f9d35a-c4a3-4b2f-8a73-42412adf3802,Control
c0b737ec-089e-44ac-be33-0724cec1f219,Control
383256dd-7ae6-4bd9-a81b-35e4bd85b7a7,Control
c627f3da-8a52-4803-bbcb-70af2751ef7f,Control
511678e3-cb63-4d10-924a-a6b2797026f5,Control
e89d683b-7316-4126-a957-7cf2978cb741,Control
c45eb356-928f-4fbe-b15e-c1b19f0b1073,Control
c9b7254d-3677-49ae-bf53-16183a00103f,Control
edf7a661-ed57-4f32-aafe-eb2369689ae0,Control
3ac80342-4570-420e-8421-41a078f99be2,Control
b9159e60-f805-4e6b-b8fc-c643d86999cc,Control
08350124-29e7-4a7d-9268-76507055ed06,Control
655e8dee-c573-4c85-a60f-d495f65e5d35,Control
b0f8f126-6ea5-40c3-9349-6674a6eb62a0,Control
14cf49f6-8a55-48ca-9e1f-f7aace83b150,Control
bb9cbc16-5aca-4139-aea3-15c9d29d8b5f,Control
56007244-214c-4f97-9f8c-e1fcf419e4d3,Control
a9f0022d-d920-4167-8dd3-27e3cdd676eb,Control
1f6cdf5a-8aec-4c5f-a340-617ca9736f47,Control
b4aaf21c-b86c-4b99-8e15-0e346082761d,Control
9366e61c-d85f-4e7f-8c33-65f981940f32,Control
46864a40-45a0-4cd5-9ea6-96f7571b5fec,Control
2ac16986-d761-470e-b17d-11c95d876952,Control
b68cafde-717e-4c86-9997-39feb2f567d5,Control
bc046fb1-8aff-4ebb-badf-7268db276391,Control
dfde1ac2-b4a6-4d06-b4b5-b512cb0579d6,Control
cd0abe08-ef8b-4053-b6fb-d3ebdf7c6053,Control
5f856ab7-8314-420f-ba0e-687989e10a42,Control
6380b067-e381-4a75-aa6e-3e27a351a6eb,Control
fa9187d0-7c93-415c-834e-3d81201db702,Control
ab0e0815-aede-453e-ab5e-e8993633caa2,Control
98293f78-f11f-4839-af79-d921673797d6,Control
4a894466-9ca4-4413-a5a0-27c57560257f,Control
784e83df-cd11-46aa-83dd-97ff495ab08e,Control
e0ce2a5f-3555-4f4e-b023-4e8db9427099,Control
8d251791-fd55-4a06-9c05-438243be49c6,Control
a25cecbd-1da0-47ae-af98-cb73e5b93c4b,Control
8b88d233-f88e-4e6a-a510-5c25ee296f4c,Control
1a8c5e1c-1756-4810-b1c9-2e03789a870e,Control
989102b9-0ef4-41d4-9b7b-0fd5300989c5,Control
83d7c1a0-90b9-403f-99be-6387124b0d9f,Control
a5b0e50b-f3da-4350-838f-4f06c6c359f7,Control
10eb32fd-5d55-4940-9c0a-8a7c4c0afd1f,Control
4b626ea5-96e7-4342-a81a-1e4738926711,Control
5739bdd1-ecb6-4233-a575-7a2fcad559bf,Control
b398ba6d-4d04-4bbb-8f70-799027d62018,Control
e6e35225-ba0d-414d-9270-8337596b78cf,Control
5c4d5699-cf43-4e07-9b8b-56079d10de67,Control
a7da12be-125e-4616-a685-eee2f7abf827,Control
b50bf02f-907f-4110-ac49-a83672697dc3,Control
be9a20fb-1fa2-48fb-bd8f-bc80827f1d2a,Control
c7117be7-ca61-4203-aab5-3322ab617145,Control
ba534265-4823-4da4-88e9-f9721a632c6c,Control
c0bfb939-435f-41c0-9d00-0fbf3a31129b,Control
0c5ecd1f-1947-402c-a8bd-d81312b597d5,Control
076ef8f7-b9b1-492e-9c08-4dc2c9345707,Control
c536715c-8a46-4d4a-8159-6ae4d14476ef,Control
c9d8ae44-da01-4016-845f-e8608840231b,Control
fe990f4f-d755-4f2c-ac13-1e823b9c27ae,Control
8ff4ef4d-0fea-4f3d-96df-1e09ff547bb1,Control
c7acadd5-064d-46fe-9f17-200d6c0574f1,Control
4ebbbe1d-76ba-4925-bc11-5207564b60d2,Control
337300c7-265d-435d-9bf1-e8d72877a50f,Control
89f52547-426a-421e-abac-25cdaa12cccd,Control
010d05fd-bfd3-4e65-a862-44c67c4dc0c3,Control
44e239f2-d413-404f-a096-aee6f6884ad0,Control
5b6c8b82-507d-42ac-a0b4-ca6305eb8dd1,Control
59218fd2-d828-47b9-8ede-c1a26aa47057,Control
fb6f6995-6627-4a27-9b51-05b5d804567e,Control
ed1eae65-c317-4ee3-9dfc-641d45d36b98,Control
aa436b46-b73a-44ec-ab64-91d090875649,Control
ecb585b8-bffc-4362-be71-8c81e3537c95,Control
7d8ddad0-181a-4abd-8c46-3cd9fcd43fba,Control
4b54552c-ab1b-47cd-a4e2-4df4e1daa376,Control
6a3995e8-8ab0-403f-806a-597fd5885ef2,Control
7a0a0ea6-0e73-460c-85a5-5ee16b74aee5,Control
15098b40-b665-4708-bb47-de85a5448343,Control
a1fa2bf6-0e83-48ba-9f82-a8833ed1f4ff,Control
d7a4b676-559c-4a0b-97ce-09cc4d4f7b71,Control
b78ebd05-e136-4f6f-a44b-f03d4a2110ce,Control
119d325d-0c30-4772-afe3-a2088f3b8a96,Control
e17f590c-e42a-481a-a17f-beee060360b1,Control
f45da21b-0c69-4c0b-b86b-673385faa990,Control
7509d189-bc42-48f8-aa5a-8892d4e45cd3,Control
d2ee01a8-33cb-49fa-8015-684d28e9f60f,Control
5f345c62-bbc0-40fb-9007-1d22b735af3a,Control
67316b92-feb3-4d71-b2c3-e06414d03865,Control
ed649506-82bb-448a-908c-dacd0ecb065b,Control
9f70cf58-5c1c-436e-9415-fa6d44080758,Control
4fcfe166-9982-4e76-a781-69d56011b0b1,Control
d4b8f9bc-ebd2-45ad-afea-f74a0b6e5556,Control
39601f6d-2e6b-49fa-a659-b8ae48fd021c,Control
2e2fbc7a-67e3-49f7-8656-d5211219ce2f,Control
4885dde6-5217-4893-b044-fdc426cf3a83,Control
42aaaf7e-4e2f-45ba-be89-5de116be48d6,Control
47cc16d9-8076-47a3-81f2-0fd75fefa192,Control
ed3a3611-bc89-4085-8ac0-70816bbc7689,Control
03fe49f7-adb3-4c1e-b146-fd9697d9f01a,Control
cc6d7a56-10fa-4246-8731-af071d0ef3a5,Control
160f8f48-177c-4628-a7c6-a6cc01bcc4c8,Control
3e0f6e46-453c-4ee9-bc77-8982c4936812,Control
f54b2407-bbae-4d35-8bb7-747ddbc8a7da,Control
bcfb54fe-7634-466b-b17d-8b77bc08ed64,Control
874f2d23-b723-4796-b1e9-f3b2dfc649f1,Control
e71ca03e-805f-407f-88a6-641f6ef7303a,Control
33e73300-2de3-45a0-9d80-64d905d148a3,Control
cba48b51-4f7b-4980-86ca-87251b02d048,Control
ebbb418b-421c-4a65-85a1-a8093069f73a,Control
3fd89d58-2669-47d8-a58f-58fd76c6977c,Control
b9cf0a6e-4645-4060-a618-997d932f848d,Control
823cbf1e-32eb-40bf-b8a1-065be62c6642,Control
a23986d7-362f-4b7e-8f1b-7b4ac496fa46,Control
60e40178-8263-4780-95bd-46c82b131ee1,Control
67ee1f6d-2b94-4038-b459-935f32bb6044,Control
e6bc76b5-5410-43a6-9a52-c51c57fe94f2,Control
4dbcddaa-3824-41f9-bb98-fe60b57d2be6,Control
37aaf386-0148-4039-9be3-e25a0f4a8b9b,Control
c8356894-6bd5-4a2e-aa74-74f16878f54b,Control
4dfd815d-96c0-43c0-982b-92ee631b8316,Control
adff22c8-5a42-4089-bea4-03bebf7a9d7b,Control
3baf9e65-2f52-4305-932f-8e2dd3fd1eb1,Control
a8bd4315-3231-4d1c-835a-437d70e7a67a,Control
e35bffdc-d1ce-4c97-9f82-37f8bf1bf039,Control
cc30f928-4e60-4b80-8c71-31f657115436,Control
be28f79a-257e-4257-8439-8d9c38cdc964,Control
51491f2b-d6ed-44f6-94cd-b394791e724d,Control
7a0615da-61aa-4b1f-b69f-96c83633c1de,Control
19c12c9a-e761-4a4a-8cde-41197f0dad49,Control
65355709-9fe2-46f5-9e4b-a0da0b9233e1,Control
8cf4d4fb-e26c-467d-85fb-7676c8a29d0a,Control
52a12e5d-000a-4ec9-830f-87d019d6deda,Control
1367bd17-2240-4b10-a719-7993c0c795e1,Control
c67858cf-cb70-40f6-a4c6-50227f16b74e,Control
29e957ec-a4be-4509-a3ff-67b99a0a523f,Control
ff9526e5-082e-45ac-9e10-d336d6791d23,Control
ca324d37-03cb-4074-965a-cd190632189b,Control
8deede48-0ad6-497b-958b-70d142b0a0eb,Control
6ece5a3d-8370-4051-8b24-c11ed09c6b23,Control
acc5b8be-9234-4d46-9771-8fec4d0afa00,Control
da9c0f67-c0ea-40db-8b44-810caf402266,Control
0149ae36-19b0-42ad-a480-daf2fb806a6a,Control
a8cb48b7-8f4e-4fb0-87d7-b7067dcaa502,Control
9a6e4538-79da-4d4f-aa8b-0b1037bf1481,Control
a84e9ca3-c8e7-446d-8cac-e3c8b8142392,Control
c7efef78-8065-417e-9452-1539f6768583,Control
3923001a-ca70-4810-81be-b3e5c5774f83,Control
62e9b02c-4fcb-44b0-bea1-541e6af388af,Control
f79d8b29-dd6a-4ab0-98e2-7f03bbe56a10,Control
50be2839-8ab3-409e-8662-ee784fed7440,Control
a6a9fc64-5a1c-4aa0-a8d2-188206d041df,Control
5153aa8b-f1b0-44b1-bf64-b390a20d3b4c,Control
c6e2f8a8-3cc9-48e6-9405-fea3c2c5b4aa,Control
eb5466c0-1ac5-4524-a468-a2afcfa68c78,Control
3ce5f5eb-bb06-42bb-8787-2aabd9722477,Control
6ba904ee-f416-497b-91aa-5634a1900559,Control
b91848be-4694-4e86-963b-054b806875dc,Control
91518f21-affb-4e24-a3ca-8608752c5c45,Control
55da51ee-d050-4347-8f52-86a2db03294b,Control
389bf839-5424-4f5c-8103-5548556f4c75,Control
d09c661f-f78a-4a78-adcd-7f6550a862e1,Control
806ccbd6-ecf1-4a8c-9632-8d99cda98ebf,Control
efd21a10-0091-4cd6-8774-b560de287a44,Control
b6e3a91a-cadf-46ec-81d7-f915741d2878,Control
efb19878-629e-4108-b688-5047fbb84847,Control
627eadeb-7907-40e9-a09c-3b3611acd1b3,Control
d1edac52-8905-4887-b80d-97a19b943960,Control
2193f289-33c9-4b86-ba33-9ab7df4fcf4e,Control
572cbf2f-9626-4125-9f39-887b0a507b81,Control
fb178e88-84e1-44dd-bb64-35c6a4713263,Control
ab9cb8d0-5130-4ef1-84c7-c4f2397f5815,Control
e41e37a1-590e-482c-bd5b-fce3af05b62b,Control
f3a1f4e0-3560-4285-a1b5-a93cbea14a03,Control
f866d5b1-5e3e-441c-aa18-01ebe4f82582,Control
9d380fbe-821d-491f-b83e-09319fefe891,Control
3b79c966-cdae-48e7-872a-2b497d9199ed,Control
677f24b3-43b9-48c7-a200-3a6d3d98b834,Control
76cf0363-179d-4430-a790-8613bed02f12,Control
5d2a315d-9b08-48dd-860e-df7a597e61b5,Control
7e4aab10-d04a-49aa-91ff-4544f7f70082,Control
e55711ea-79c4-4576-8f48-f03c67bdc6a5,Control
516a14ce-e65c-44a7-8320-3f2216778962,Control
775b769c-dcc8-49ba-8dfa-1a42942d046d,Control
406efd06-04db-4dec-a523-df13ab606861,Control
44cb3028-8982-4699-8a21-161ab38e5962,Control
152d1995-0151-44d1-a69b-0451e1db38e3,Control
a89e8771-fe22-4a7a-b41d-37f52ed3e3be,Control
a2bd8ce4-a132-4dbf-9028-3e723f1ef510,Control
1d2012df-29f4-44b9-98d7-8674bcd8e01e,Control
a36658ff-e4b1-4316-b269-fc993d03363a,Control
a62b57c4-bf75-422c-b0a0-95e37da6a0b5,Control
d4fd7eef-7f49-4a3a-b866-8b4e05e94197,Control
3bd50618-8071-41f3-b214-495da4e59ce8,Control
f1cba3c3-43d0-47c0-be2d-a72b66754eb9,Control
b9c52fbf-0f6b-4bc1-8eec-6b96e47a9552,Control
5b332a6d-89f5-4a32-b4c4-e3b5bd56dd39,Control
4b0e337c-361f-43d4-9e64-17c481707075,Control
b37b81b2-dd38-4327-8276-92f890f78253,Control
07c9638a-43d7-49bf-abd4-acf4572b1077,Control
5f0edb21-2825-488b-a5ee-1c890db7022b,Control
e8b785df-18a6-4093-b139-738138b38549,Control
c237a636-2a62-4ead-bb61-b417fb409a0c,Control
3be541cc-d2ab-475f-a489-4db141fc6466,Control
e17ec4f7-c011-40ab-896c-75bd87cf5a79,Control
8066f0e1-8330-4b77-9b3e-23f55b581cfb,Control
b39d0c76-a9c3-499e-aaad-02a311aacdb1,Control
13b0d802-f38d-49a4-a13f-8f706607c1f5,Control
c84615fb-fbc7-4172-abe4-0d3abcbdd5dd,Control
15e759ac-4810-49d4-8e93-119eeffd7798,Control
2791a96c-765b-4231-aeb8-89a1ebde5756,Control
68d5d18d-7ea5-4a91-943d-dba06f4c3092,Control
1149d16d-de5f-42c5-a76a-4c7151ea1581,Control
3b56bf5e-7c31-4e47-8c44-e85276682aec,Control
6ee8fdbd-932d-4463-9f9b-6499f27eb6f5,Control
5950e4e3-8f1f-47a3-8510-307a91676a0f,Control
8cfd0426-e04e-42cf-8303-cde0caf2c9d3,Control
8e0c54f8-15e0-4d0f-b7bc-cae263749f9c,Control
8ee72e1f-0598-4605-a706-af549d899abb,Control
c0240964-4960-41f9-90d9-f0f6da99d9d5,Control
23b64842-8f05-488c-8721-8c4913cc6cf6,Control
c44e056a-64e9-4143-b3bc-01f24f610209,Control
4bdb7e77-1f4f-4421-a301-b6541f85c83e,Control
b6d07a28-11b7-497a-86f1-83ae04a83ffe,Control
5e8d8e98-6084-488f-8f52-fcd267f65482,Control
e4397127-839c-463d-9994-999ef79107b5,Control
b946863c-b568-42fd-b838-7b52652e3215,Control
b538333e-e5c7-4fce-8412-00ff36e6c676,Control
14b2db78-764f-4856-9804-848c6c349159,Control
ed77a277-d787-4682-b0e5-2aa27957c995,Control
3d24a6ba-a7c0-47ee-bfaa-66baa2882a48,Control
f1e3d344-54b6-4ef0-8e91-6cc3eff02a41,Control
98ebd3b3-428b-4e6d-af93-802e2d41ae80,Control
5a8956c4-1c56-4546-8f42-bb126b9d4c8d,Control
d725fd6e-cad8-4010-a4a3-1535d42e75a0,Control
800ef97d-aa02-4e64-9a65-a8955022e380,Control
1e0d16c5-ad44-4471-9ada-a81149edb1fe,Control
5fb74f59-4c6d-45c1-a0e0-f6e253a085b4,Control
39511c07-dd48-4c10-bdcd-04a92a2dfe41,Control
b8ace401-8f2b-403f-87ba-0573aa3a2659,Control
7d95c92b-1e2f-4083-85cf-e45e9023e7b3,Control
871a6629-4243-4c18-b3c6-0a749651a894,Control
dccb9152-75a8-4ee5-83af-491c193f0d8e,Control
e81d3b03-b332-411a-a57d-7733aed0491a,Control
8a7d9a14-71ea-4b30-92d7-2e421c44d88f,Control
e6439524-348f-4fc8-9d5a-79de6122462a,Control
9d3cfd71-2daa-4b90-a20b-c2c5eeb44d36,Control
219a864b-465c-409b-bb04-3ce5e5cbfccf,Control
c23cdc90-7619-4d99-aebb-0a0a79e798bc,Control
5dfa5424-fc04-48e8-9b45-0f3bba307466,Control
3ded1355-2906-4132-9ea6-605a7b885fa0,Control
48f60a97-a930-47ee-b38c-5862f2757602,Control
35588ae7-d31d-446c-b05f-63fbf3d46be0,Control
d537ab79-a00a-4524-a9bf-66d1240c4879,Control
cdf6fdad-9e9b-422d-aced-c294ab642460,Control
97dce3c1-e635-4387-b8f3-73500946a185,Control
37f3cc01-1fdc-47d6-a258-0fb12e99592a,Control
f8618342-ce0b-4ffa-9610-9bd20b964ee8,Control
79072e2e-f2b2-45a7-80fc-7d36d65db42a,Control
7e049c81-e19d-4dfc-8c6d-32cfa711e520,Control
2a78caec-4586-43a8-953c-b8762d3d35bf,Control
b6ef4241-d683-43b5-8567-4290faf6ddf6,Control
e769b42e-cb93-4b8e-b9b0-ac61d3793815,Control
b5c10d18-7bd3-468b-b271-2c8d622cea8c,Control
2777193d-3b18-4009-b54b-3edc667032aa,Control
a5e301bb-bb81-453c-9270-271f47ab5a0a,Control
48bcc911-e664-407a-985b-3bb5a428ff38,Control
f672f48d-2ec5-4ede-af91-830fc78c6b44,Control
86c19ed1-821d-405c-a582-d00a23152da5,Control
58ce06da-1e61-4fd5-b0e5-eebf926a93ce,Control
4922ee15-9fd6-4f86-8b00-e5b13ba30b89,Control
7aa25934-d8ed-4731-a952-19f635201989,Control
be8006ba-f9dd-4836-9e6a-c3a12b872126,Control
ae39956c-7657-4803-a58b-08aecae545c3,Control
5480561a-9764-468d-9a4d-ecf5b8d74c2e,Control
309bf955-8099-4f0f-b3f3-56af2d615a3f,Control
90679c1c-88a2-4893-9165-8fea74f8f8c1,Control
efb7ef67-05d8-4517-b70b-652102443338,Control
82144afc-8b98-4202-a597-615e79286d8c,Control
de7779bc-8cf3-4f45-8e15-579c0445f5a3,Control
ba02a5be-aee9-44af-9005-3760e5161b86,Control
a21e59d2-ffb2-4dea-9c96-163fab32c588,Control
b265b092-ee76-40f0-823e-0bc09cbd43ac,Control
735a8ce7-1a0f-4e15-ad4b-cc8064cd820f,Control
4ec005b8-dc7f-41e2-ae69-f08a7a06f52a,Control
9283eb31-bf89-48b7-b8f1-dc532a1a3c78,Control
fe445215-1198-4435-8f37-5bfb53c99851,Control
5715b594-5e66-4bb6-90bc-c8b57b46602c,Control
cf68d59f-7ac2-4dfb-a7a5-e4ff42723554,Control
95e920e5-ae20-47eb-a7ef-f9cf35cd773f,Control
4a181f51-b894-4c90-b1cd-a977af0fd4d2,Control
92558bde-b3f1-4b58-86c1-b4c1d53cada5,Control
0c7de869-b3ab-4478-a4bc-b7fb4005a671,Control
49d5edd0-8aab-47ca-9fa8-8207c8fd261b,Control
3962aa00-4ce7-48da-8bd3-d90734c45b20,Control
223f327e-91de-4c1d-9691-9cdb6d435320,Control
820c03bf-9ac1-4573-81fb-e24c4d9b7e8e,Control
209706bc-23a5-4333-917e-2c5ae715eaba,Control
c44be811-074e-462b-bf52-365f4cb351a7,Control
cb6ba122-b333-46dd-923e-3637fc6e64a6,Control
21f529ef-06f2-41e6-a174-f0d96e1534ac,Control
42ce0225-4a24-4455-a6ff-0effa4ca912b,Control
c502e98e-70c8-4e5f-95eb-8d3077576265,Control
d997d9a4-9f69-4708-a4fd-dd28b5e338cb,Control
c3b9b25b-0b00-4601-b99a-af8897438b7f,Control
015bb95a-8815-42ae-a12f-f46acf68c469,Control
227e49a1-0013-4394-ad33-1b7e0b28e411,Control
8dc38121-8f75-4efc-b84c-a260fff0ed1a,Control
0a887daa-1630-4c49-a16c-9503b8dfd452,Control
7ac865cb-436f-4400-8004-a922ea8dde66,Control
8c8e6271-b3fb-42dd-82a3-e03726aa9b9b,Control
801d9290-28a5-49e9-b82e-43479c0ad665,Control
0214e3fc-0cbd-4384-a6cd-bcd2a815f305,Control
3b056c1f-ae02-4758-a85a-534f8f68737f,Control
b1253765-91de-404e-b54c-c6f3fce677ee,Control
2b3a2709-4790-4b84-b9d1-4466fdcbbb7a,Control
aeaa9c78-5a2d-4cfe-8274-1209d758c0a8,Control
df45a757-b0fe-413c-94a1-1130a7c27ccd,Control
ff682cbe-0333-439f-9ec1-be3848a9dab0,Control
84057f02-009c-45ff-b828-4fb34dc8dbca,Control
f678ad8c-9ce1-4da7-ab14-a154b1a37d84,Control
93bcfd0d-7cf5-4706-87e3-b0c18b083b8c,Control
a8a3f214-7644-493f-b203-9603c5c31929,Control
05d6a6b9-a941-4a76-8deb-2128a0aaf2f2,Control
9a2b31f2-e7c1-46e9-b4d7-10dd89b68efa,Control
ce652903-1e76-47c4-9c49-5f3a1d93ceb9,Control
97ef63d2-2218-4ad6-b109-8fb6fb0473c3,Control
49176f46-352e-4c55-bee2-7fd667b48e93,Control
79773873-76d5-4fb6-a8e4-cc3b20de4377,Control
0acb1486-ad26-402e-b1c0-10448365bdf6,Control
65149ea7-697c-454b-ba7f-cde45597feba,Control
befafdcf-264e-4a01-8e86-92e044ffbd6e,Control
99e53ce4-6f7a-4b44-a04f-65194fff0a3f,Control
40b0fab3-a8cc-448a-9fa9-a907ce379760,Control
cb5821f1-ce50-4422-ae84-0ca067958588,Control
ca909bd2-2541-4efe-ad41-abd8fea3221a,Control
ee0ef120-8e73-430f-8617-d73ab4916c6c,Control
96d296f1-7539-4c5d-90a7-d59be1822f40,Control
7ff10b80-226b-4d58-bed2-771658d4b4b6,Control
434a8907-9e5e-4639-b77f-490b9f2eaa76,Control
a1400ede-bf44-4230-ad0b-7153acae5df7,Control
093def1c-184f-4c74-981e-c539ea2a67aa,Control
00e418a5-7d71-4d95-b238-a3b222c54e4b,Control
8a78269c-de5f-4696-b35d-4d53d066bbe0,Control
e72227c2-ed32-4453-bc35-7afb134b7544,Control
9260e8aa-a601-49a7-a660-29adafaf5fc5,Control
4b2cbdc8-82cf-4bea-bbcc-6acd11448fff,Control
32732a76-6ac7-4f46-bb38-f94ca59e48b1,Control
c5ff74d7-729f-4b8a-bab8-486bf1fe82ee,Control
2a404cac-689f-4c24-8b40-e2e507008b2f,Control
f504d719-9e58-4fd7-a52a-fd98b35f800d,Control
9fbbc311-7e7a-43a7-ab2c-138ecef90c58,Control
c7cec853-3933-41cd-94a3-848afc537214,Control
7a2fd031-f7aa-48f1-b3c7-a9b0d626ffa1,Control
9fe5db7b-13cb-4121-b135-369c16cd906a,Control
6eb94217-d012-4924-b2b1-1b50ead38853,Control
e1d2e59d-78e6-4a60-80e7-4c4f842d4b90,Control
ebbae699-d4a1-4fa8-aea0-d4e9ee2c9bf6,Control
7aeee73a-3ff4-418a-9a91-ffc668e341bf,Control
fe927695-b762-4e91-a98b-4260bd8c1cc5,Control
ccf0c8b3-779d-4faa-8a99-ac8d9317cb44,Control
89e09320-e0d8-4f18-a518-6491e9afdbcf,Control
3c790f6a-f5ba-416f-bd87-ff348db51ddb,Control
628994a8-fd93-4199-9bff-f274e5b384f1,Control
ab33ffb0-c246-4c99-95bf-8a8c65eab863,Control
c9a10379-9751-4013-af0d-f5c4ab3e00a2,Control
885696a4-28bf-446b-b37a-e124a5165e5a,Control
ab2bda01-ec5b-4db6-8acf-05a6bb7551d6,Control
3003347b-dacf-435a-b932-fe162088aec3,Control
ccfa5a42-0d14-44d0-b06c-2525f97eade4,Control
d795f389-8f4d-4c7e-9d1f-31642c3a5f02,Control
904ee4e7-eb5e-476c-b300-a238e64f30d0,Control
6744e413-cad5-48d9-83ac-e8ca270cb091,Control
2a2b4e38-daff-45ca-bf06-307b875d5bd9,Control
7c970da1-dea1-430a-9280-2a1c234c8446,Control
eadc0c8c-e044-430f-ba6f-b1725be6dfa9,Control
82b5854f-1c3c-4fb8-a085-89e40c846898,Control
77748941-72fd-47cc-be19-ae75920d30ce,Control
d5797407-76bb-457d-a143-383a459d251b,Control
23c0f025-79a5-4167-97dd-29c3cdc8f219,Control
02f85365-af1e-4077-9ffc-838c4ba3037b,Control
492ddab3-6339-4c74-a878-b80a0558aeef,Control
f7df8861-438f-4487-ac9c-53439734c5c9,Control
c702b3e3-da41-4327-97f3-b5d484840e9e,Control
421e3a96-5fcc-4b70-97ec-9f0cac586701,Control
3a35a950-cf24-4ca8-81a6-fc1a8c02ac58,Control
df1b346a-fcf6-448e-9ee1-5ef65970f8f5,Control
3909106b-26f2-4e4f-a999-addb63387da2,Control
ed530e06-f0b7-415a-8e0a-702d1cea6c08,Control
1553270d-c433-478b-afcc-c636c721499c,Control
42344449-90f7-4f5e-adbd-4e515eeea69b,Control
5cbd0f28-fa0e-4d04-badc-3fc0e6a608c4,Control
01c1bd95-4834-4a0f-ada7-b7f6c50e961f,Control
8ad17c2a-7bf5-4c9c-b6ae-6c0154135ffa,Control
590a1b6f-a143-45b8-8995-831a02f18939,Control
decab303-7836-49d7-b295-184613ee36b3,Control
78ee340a-1d1e-494b-80e2-bdf758297f5f,Control
938f3d6f-74c9-4ed8-b58d-36adb82dd1d6,Control
c028e0f6-ccfe-4bc9-9001-8e1df5668505,Control
e7cd9989-1700-4b4e-920a-bf95594e81da,Control
3b83436c-ef0b-4bfb-b7a1-ec369db0fb8f,Control
24d6582c-a300-45c7-97f4-7d4ea1556c42,Control
56da99b8-f7e3-447d-8fce-497277944f4f,Control
38b3b26e-1cb0-41c6-9111-8c7f115f2e24,Control
b2c3e3b5-c323-492e-ad0c-6faf50bda674,Control
07e56ea6-8e20-4905-adff-d927d19e4d69,Control
f168534e-7ab3-40ae-aad0-6dd9b878787c,Control
f2adbf65-a114-4ada-a451-e8c6023448f5,Control
f597806a-01f3-445a-9ccd-d3f8e569e382,Control
4a87d58e-9566-4fe2-aa40-cd6f5af01fcc,Control
f9af96b8-9a80-48c5-bc72-0bbd83aa61b8,Control
eec6caaf-2a2a-4b11-8974-2b0eb8503719,Control
9928dfa1-0b99-4d74-a012-e7230ef40a69,Control
695bbe1c-a1ef-4e54-84d8-79bcb945ed85,Control
b43b8cc3-1ef7-4fba-9b16-420b06b9ac9a,Control
c2448ed8-11ab-4dea-afb3-e7d153cd78a4,Control
f85f2993-5f7d-4822-83b5-162ca5ba4fb8,Control
55dbdf47-1c00-47c5-9edf-cd5e4c4785b1,Control
9b8a7dea-2086-4591-999e-25fd1ed417dc,Control
1efd5bfd-e128-4772-b735-3ef68a37fb2c,Control
d2c5cf46-13f5-42af-a8cd-8d56f96746cb,Control
6af17410-40ff-4977-baf5-c20dc05c6d39,Control
a2b8cd8e-6842-4f74-81f5-33f57875e09f,Control
66580c49-64e7-4a75-bd9a-eb2947900aab,Control
6d758aab-5e80-4f83-8222-04bca2abc49f,Control
4731c6ea-c4ec-4759-a2cd-0c282ee2e39b,Control
98a6eb2f-ec0b-4f05-a5ad-78a7277f7b61,Control
5a17ae95-969d-482b-b043-9737d5b23543,Control
f69e34a8-a472-4be3-8a47-625eba919622,Control
89820916-7ca4-4a4f-a181-6bde8957bd29,Control
84e825a9-70cd-4fd3-a933-00c972894745,Control
6c4f2425-a105-4810-9196-07d29ccbeb6a,Control
44a84d77-0466-46ac-a765-e40f96c7b855,Control
a69dea80-538b-4ae7-99bf-de50efe076ea,Control
8a98ea6c-dd52-47ae-ace7-ad4dab4142c3,Control
e5355930-3cff-4f9d-ab0a-3693ba51d7ed,Control
0b498a84-c643-42a4-96ac-18ce5125e655,Control
68e7bdc7-6207-406f-934b-342cf7829ff7,Control
c581bc39-f172-44ff-bd36-8db29841974f,Control
f603609c-67d5-4379-b7c8-edfee7537880,Control
269fa6e3-f649-41f6-a766-55eae6db1b40,Control
409044cd-d53b-4744-b8bc-1bc26715b0f0,Control
1042b80f-bb34-4ba7-96da-23810550b81d,Control
8f647182-deb2-40af-88bc-8a37e530f850,Control
f161a6c8-a95e-40e9-b765-4cbf2bb2ab8c,Control
ebca9937-5e75-4a55-b3a2-712e7429ba2b,Control
ca7d4f84-9cb2-428c-906b-0d3940ca65a0,Control
9f6706f7-8941-40b7-83f6-5ebe889865fc,Control
a4d04f9c-82a3-4bae-9483-be52e09ec7e6,Control
8c5675cc-f48a-4977-aa92-fa0032afba7f,Control
ca777060-cfb4-4bc6-b0d7-78c8160ad16d,Control
889a0ff4-e6d5-477e-b878-4e681c21a19d,Control
ffd2db34-3ecb-4747-8caf-daf872851512,Control
f01e0821-48c1-497e-b494-e8b71e9e8f66,Control
26d747e5-980c-4e7f-a08f-3a6300d5831b,Control
fc9a7a11-a4bb-46c9-b052-01de5a28f815,Control
9d271bf6-1f93-46c0-ae12-0b7a97f7f298,Control
4b10e025-56fe-461c-afa9-99a0c586a102,Control
a46ebc10-9960-4aa5-a55c-3cc10bc9ccd3,Control
34afbe16-7ede-41b8-b481-ca046e648e75,Control
b4716544-c685-4d6c-9a0f-3387f296c530,Control
860ee063-cc24-4b2f-86cc-0e1257247e30,Control
cfa9a224-11b7-4d69-b7ca-fb40b5305504,Control
ea681acb-de63-48d8-9c2c-166404d2ed9d,Control
52220169-e781-46bd-af8d-194ae36816c7,Control
d603442e-0547-4535-9f22-c755c9546c32,Control
c0bdb384-06da-462a-9583-4e34455e3b72,Control
d6854bd4-d6d0-475a-bba6-d8d1c28e5de6,Control
2f41f54d-8ba9-47e0-90a8-ff2cad4cdf29,Control
8546bdc3-f052-4567-a288-39407497cc84,Control
d3b9c3a2-6536-492b-8b36-2bc5175f0863,Control
b3a8b1f8-79d0-447d-9e00-faf1beccaf56,Control
f5bff4bd-df0d-43e2-b80e-acb139675746,Control
4c5b0554-d607-4126-a346-13376b362a56,Control
0a8fcc55-9ab4-4876-955c-4ba7b54b4e57,Control
bfc04011-9a8f-449b-9fd7-2040e0eca16c,Control
9784f03a-5c12-4c49-9fe1-6639b7088d74,Control
06a74f4f-ad7e-4a2a-ba48-0c238b22ee54,Control
2d9513f5-f89a-4c9b-8fde-cefa66c6d8ce,Control
55aaefea-d86b-4cf9-904f-56717f43e871,Control
769d0eac-24b7-4179-b2f8-6425ca25ebd6,Control
79d1036e-6cc7-475d-a092-437f0fa390ac,Control
04b877a2-1f4a-48dc-a809-ea4db552e0b8,Control
41a114f0-4ed1-4b12-a6e1-bc40b2f6cd73,Control
0f8e154a-2fda-4ef8-9287-ce44ac067ca4,Control
17d98b65-1f70-4399-b81f-9cd44d84aa13,Control
bc213686-0e05-42b2-bcfb-6c4ddabd2694,Control
24b32b26-f44c-4bba-b353-67c3b2b27fa4,Control
d817ec41-03a7-4c40-bd0f-c960d1b1b074,Control
0ed04bb0-19ea-4c8c-ab19-f4301f305e5e,Control
6de67101-a69e-4b90-9a6b-2cb6f0fcb681,Control
f6e9935b-f7c6-4adc-ba99-32884606f121,Control
3b064414-5274-45f0-bb67-daa82760297b,Control
b66f84c9-3edf-4266-a81d-44b24fbd9507,Control
dfb2b075-fee3-4afd-b7ca-df58fd03a4f5,Control
36d104cf-2c18-4a66-97b6-93a3b200bca3,Control
785757ff-cf42-4e68-b332-b4531b3ec915,Control
90a2463c-d58c-449e-b3e3-c4bcc84e6ac9,Control
6aae67b0-4ce1-48bb-9ec2-b3fd2d0b213f,Control
ecd904a1-b033-43fd-8b57-d724d2188d70,Control
d8b63150-6aa6-4ef4-8ab9-6d2d07b0c942,Control
2d6d15af-1e81-4a55-aff9-52c63bb047f1,Control
cb985fe3-5482-4403-9dfc-1e77639934c0,Control
e3ec965a-4065-4c6b-946c-81403580302d,Control
311a916b-d508-4359-8110-5d6aa5407b5e,Control
ffc467be-d9db-4f57-bd29-f67d4062d3df,Control
d9dd3ec4-c13a-40e4-b5c4-84a31e2a9ce1,Control
d5a0358a-d2b1-4a0a-993c-1b2d7bd46f3e,Control
74fe8a43-e128-48b8-88af-61fa3e84a6e9,Control
ccfcbc36-0b86-4c40-9182-ccd70e90d97d,Control
9c83b465-3311-4835-b6d8-f504d6eaeb3b,Control
d86f1d8c-bd94-438b-ae81-63c528fb8816,Control
e19dbedd-5a9e-42ef-9d5b-3c1600874712,Control
045f0ac7-c42c-4aa2-94f1-c3161177e373,Control
d18bb62f-a3c7-4de1-88aa-aaf932d4da43,Control
8b652fb2-ad5d-4f73-9050-f54186807eb5,Control
82b12dba-90d7-4451-8dc8-18b8cd993905,Control
b8626e24-f206-4ffa-87e6-a9b6437c8224,Control
fe9a4580-7434-403f-bacd-8cfcc50ac94a,Control
601de4c2-c435-4522-967a-2d92d3cdc04e,Control
aa2492af-a52b-4441-8a46-1c36c7eea0bd,Control
70aec1b1-db99-48f8-97a4-0f883356f7dd,Control
f7ca1212-f0e1-4fb0-ae3c-21668f055efa,Control
95928316-f24b-426f-849a-c56e897f5c00,Control
3b1512a5-0301-4226-ad1e-3b37d24b449c,Control
9ff8b422-8e02-4701-9190-10bc67c6b6b4,Control
e89fc469-7f05-460f-b20e-0f419d00ca7f,Control
3c9fde09-5c9c-4df9-bc3f-2bd3d7ccacd2,Control
7aff2cef-903e-44ef-96ca-57a5515ea97c,Control
fa350bde-daed-4247-a2a3-9a06bccb277e,Control
8d851893-d9c9-41b3-ab93-3aecf48b4ab6,Control
75008f17-6304-49da-9c1c-58702fab44b7,Control
d4d49d75-8967-42c3-943b-c2b85ac44412,Control
a04249e0-9740-42f9-871c-9d1009c6f20f,Control
b2ddcab2-fec4-4068-864b-c8b302f34aa4,Control
84820986-e937-4ca5-8ef0-4e49c6cc1c17,Control
4f02d2fc-6f42-415f-b936-edcd641b5de5,Control
4e5fe5bc-b9f7-4ff2-be90-683c8387d786,Control
e7f3ab1a-ebfb-4bd5-84ec-9ffa42d91d30,Control
0fcaee85-a380-41ad-a465-146ba4f547cd,Control
3b6b7adc-e680-4808-ac51-22b36f12b52d,Control
9a8f8fdb-b8ae-4496-8114-9af74e94bb75,Control
9379e150-04d3-4414-9639-e993bcbcc7e9,Control
7a545cdb-fd18-4a35-a26d-22a5c7c251dd,Control
22f8b5dd-fd79-46c7-b2d1-8a5b5dd6eba9,Control
0b50aea0-16bd-43f8-9c82-2c3f20e6183e,Control
ac1b6792-d0f2-4296-ad0c-2ea7f3ec37e6,Control
133740ae-c256-446b-bd45-de7d8f29758e,Control
69b46188-c7c2-4f8c-8f7f-315d8445b211,Control
c6723572-a3c9-4aa8-88e1-be0f797e54a2,Control
526a455b-9850-4f70-a050-7e3f0e6c2674,Control
9408c807-d6a3-4a71-ac3c-172fc338ef10,Control
247a9e72-b849-411f-956a-88fd895dd571,Control
a6843102-6ede-48b4-bb23-a3a01da1d0c3,Control
d064bc9f-46ca-482a-8700-f0794aa9b160,Control
579585df-6e54-44bb-b612-900f650a90fe,Control
cb0c5ae3-f097-4cbc-8ce3-71631c34eb32,Control
66831c60-ba0e-4038-96aa-d29b74dc2eed,Control
04b9b591-cc33-4cd8-aa0d-4f31d6924ed5,Control
85273d6e-a9bd-4a57-b0e1-9d96d6920126,Control
4f4d5cd0-f25c-479b-aa6b-738c9367c2b1,Control
a083c3c3-fd49-431a-a00c-826c9bd05099,Control
e96f2394-5b88-4c2a-ad34-1eb53ea32a42,Control
ac23fdf6-3d31-4b26-ad82-a3883f2608f6,Control
90782b2e-6efa-402d-99e5-18a4dd28fa48,Control
0a01a379-4a62-457a-bf75-242dddb4b361,Control
db5e25b1-9db4-4d5b-bc62-90a3869413c1,Control
e0c60622-2a30-4a44-943c-4884b711ad14,Control
99241b10-11fc-4e2e-b5ac-07b73d7df55b,Control
9d6a8eea-83d2-4a51-a612-0d0085db7615,Control
e9c759ae-71dc-4df0-aa18-1715e49bde6d,Control
b66210b9-9a62-4317-ad15-656dd83f48cd,Control
1f7aab3e-872b-4906-a74a-c096af4c9532,Control
3fbccfd9-637a-41e7-b70b-012f579569d6,Control
3da4cd2c-4f0e-4d76-89fb-494ab6865ffb,Control
ca9c17b5-8b2e-46ce-8e9d-f23c2b2eef95,Control
fc103ffe-1cd4-4c56-bd38-74cb82f59405,Control
d15f8253-ec27-4f01-ba48-42f48833f972,Control
e586c74b-f9f0-4338-adef-d8e23d0e9b5e,Control
62debb9b-7e8e-4bce-b3b6-8ac697dac775,Control
582f197c-2a04-4114-9899-37e7222da0d5,Control
a2163d0b-231e-445a-a45f-62df8c9ab67b,Control
bcab76af-28bb-4418-ad4f-7d3b80a9fcfb,Control
ac68fb7d-8aae-41e1-8e3e-97a2befce783,Control
18fdae0a-126a-461d-a22b-515daa85fae4,Control
a9038fe1-0f58-41bd-b1ba-16d76f3bf81b,Control
8b03e17b-8880-4006-9bf2-b010c92383ea,Control
a23b94a8-333b-4ffb-8344-f4e621f34ffe,Control
9c38e138-92ae-4d17-9d3b-5491d3fe2e70,Control
7b92b41d-aa75-4965-a60f-f4f4b23cf02b,Control
675a2678-c514-4ca6-bf08-4fde3a837e98,Control
11f0d809-f5de-4c35-89ed-106cb51a73e2,Control
9c531332-b8c6-451a-98dd-e7b4cb540cde,Control
3e715840-0eb4-47bb-900e-d18728b957df,Control
ef3372e3-14f7-4ac9-bd86-0de86ec677e8,Control
c0ae7653-1a46-43e7-abf6-bc1deb182e03,Control
29f14319-e02c-4504-9009-12f0d130befe,Control
eb411400-82cc-4eae-8fbc-91b44a88544a,Control
d9dd6dfa-c597-4791-9124-0c1d4ebf7f56,Control
4f468a15-4013-4e6a-b377-24faa5a058ac,Control
1dfc28fb-3ee9-493b-8f8e-3c2a3afe68f2,Control
151f17da-0b4e-4aa2-a77d-817795d94361,Control
59604448-fe23-41f6-8fee-1015a9b79b49,Control
cbab4d83-6827-4768-9a11-392da3a8af84,Control
c22081d6-2190-4467-a7c0-f8c3593b948d,Control
3773181b-340f-4c34-adf1-973abaedca91,Control
ceb476fc-4dfb-4ff6-9486-00fe5b856e25,Control
798efd39-d97a-43f1-9729-fb07fbaff0c5,Control
87069a39-387d-4ffa-b2f8-6932b3e81943,Control
6f05060b-df17-4a18-9e6b-067738045047,Control
de35b7be-45d4-422f-8028-ae01b3e15b8d,Control
676a5d83-a22b-4abc-b377-2b20f22c84d7,Control
4f7a50f1-d136-4696-8105-0b57e6a681c1,Control
addba2d8-7d95-4196-9cd3-d07de9c02614,Control
e2770c48-bf5a-4804-a897-fe8790273a9f,Control
a8a96a5a-a2d6-41af-91e8-fb3364381065,Control
c196586c-4020-47a6-899a-7b03359dd3eb,Control
91fe0e0b-e24f-4603-9d6e-32071128a3ba,Control
a3fec73f-6229-444d-a124-1e4286391dff,Control
2bf039e2-d46b-469e-83ed-f8ac65c41612,Control
a380056a-fecc-4334-823d-54102d028b61,Control
4acaaabb-5adb-42a4-bcf7-4654a1de2261,Control
39a2b70a-9a2c-4fe0-a92c-43bb8987e172,Control
1e9bd9f1-2c99-4a5f-87b7-bd6a99ee11da,Control
2f750bd8-23f8-47d5-b57f-255599b6ce8d,Control
811d39d6-85bf-488c-a963-522f7de555c3,Control
014ec65d-8b73-4b79-ba15-7115cdd253d2,Control
68972d6c-7917-4855-98aa-6a7584117266,Control
328e1a86-e47d-4b37-8c0b-ebd8ff9c1d54,Control
8ca700a6-5b87-4138-9d6c-a8d13c6df643,Control
3781e7f8-ace5-475f-aaf9-49b25d944270,Control
80994732-2970-4524-a8f3-4b57574e6619,Control
41bbbb5b-d0a9-4f16-bf3a-2ea70e6d1a28,Control
65274d01-982f-48b0-a41f-39d36512d173,Control
7fdf8e05-17b7-4c4c-948c-38731080595d,Control
d7401bb0-5305-49ec-86f6-892e4550da19,Control
8e19a3b0-9dfc-4191-91a0-ad9a71e0c406,Control
7fb05574-c839-48cd-b527-c92bda991ff0,Control
8ff04cb4-8e32-493d-9590-601d6d704ff2,Control
5a401a66-4ded-4b76-a92f-06845d563ae8,Control
db377ad3-2a0e-467f-a6de-6a39c060203f,Control
ee00a57a-d0c8-46bc-8c5c-8189ad6a561f,Control
aac9c3eb-b284-4d88-9be7-7a7857de3cc5,Control
376c8a73-731a-49ee-b9c3-eff65d870253,Control
6f5036b1-400d-4a41-85e4-4bba74e385c3,Control
763f0e22-2089-4ae6-a40f-3ac07adb443a,Control
78eebe34-08aa-476b-9b59-2ee1e0c5dcd4,Control
f86161ae-8251-4827-adc9-b385056ba4c6,Control
1bd1463c-70ec-4ca5-a9f3-a416756f30b1,Control
a3d2f63a-d5d9-4374-aec0-5156451e8610,Control
64431e62-2d5b-4e57-98cd-635c7930e6fd,Control
dc7e7ec3-4103-4dfb-a4ec-053de02aa8dc,Control
bde5fc33-5ff9-4537-b03b-743bbd981144,Control
3dda193b-05b2-46bc-aaf5-d87b1645d112,Control
8bd8bdf9-6aea-4211-b2c7-9a4e7960e512,Control
eaf3ce06-3729-4722-b3a4-c36fad3826e3,Control
8a36cd9d-63dc-4e3c-b694-89663a5e5380,Control
1f4a1f4d-117a-4bb0-a269-d7804eeb917a,Control
a2ac7fd5-2cb4-47e9-9543-ce24b72788be,Control
e3176421-5d42-4fd4-b1f7-04b61626496f,Control
67bc30fe-3ba7-4b66-b78f-2efb3befa2a6,Control
c8dbc11e-5fbf-4bcc-9427-6677135b6ac3,Control
ab1de9b5-dec3-403c-bb88-35bfdc5abd21,Control
1231ec3d-540b-41a6-be1b-89a83b31f955,Control
098ec329-4532-48f6-841a-07213dfc477f,Control
510fd978-12f5-4c3d-b9a5-49c147fa1348,Control
25cb2e7f-2271-41c1-b712-62f1eda7ba9e,Control
0c76f34e-91af-4e22-b475-a475212effcb,Control
e380afbc-28f2-483e-9001-0119aed496b4,Control
0681943d-0aaf-4d9b-986b-c97a1ee10200,Control
638f3142-f21b-4e84-849e-1b9cb11856af,Control
31bf70ae-81c0-4665-84b1-9522f6af12b1,Control
2f98b4b8-d252-4f42-b0f9-d81a307c91d6,Control
6f7ff072-e3c6-4d5e-b8c5-17ed9749d0f8,Control
1c2040b6-fd38-402c-8ccf-05f4290612be,Control
1f3f75b1-9777-4a82-9e42-83b7281dcf08,Control
cc082d33-48d9-4aae-b50a-20fb21013e98,Control
9f2f8269-6a65-4935-94b5-79906c1e5226,Control
f6e0909a-54bb-4e42-8d94-3c7a74566cae,Control
940e9cdf-3953-4bc0-937e-51ab71ffae01,Control
0bf00378-a9f5-4cc7-838e-b56bdb14240e,Control
51a1afed-15ac-4168-b280-064a95e0e2c4,Control
a3e71bef-898f-4fc7-a30f-664e4153587a,Control
f0703516-618d-429b-b739-c682c36c8b8b,Control
02c961b3-c61b-459d-bc0c-65cc611025ac,Control
2e15db80-5602-44a1-9a7a-27b7c4c5c253,Control
92e8dc16-6f12-4476-9302-7f2b8385cbb3,Control
565078c7-e8b4-460e-bbad-23014ce41e1e,Control
6d07d9cc-d79e-46f7-958d-d339c93bef11,Control
ed063d00-a47e-4250-8153-d9ca76317dd1,Control
b40513b1-3a2a-4b94-83af-26d7948fbe2d,Control
b1cb8deb-a412-4820-80ca-471665d5d7f5,Control
123d2b47-5d1c-4b61-b558-1c0a8ea0b7c9,Control
0320b979-a7e8-40bd-bca3-936645a3a39b,Control
4d5d741a-6589-47a9-8ed0-e82911b81e4f,Control
0100dac9-93fe-4594-99c6-4651047546c8,Control
acf8ac55-1e02-44e4-82ee-806585764d15,Control
7c273830-70e3-4afa-8726-f6d45ac60653,Control
a1052f8c-721b-4ec9-bd33-1499c79f6cb1,Control
ce9cdd77-168a-409a-9e9e-ff69a038b2ee,Control
bde831ed-e42d-4513-b15f-5f9932a26d68,Control
aaa99cb1-907a-46c6-b50e-d576c9499478,Control
511a63be-84ef-4424-9f36-3705f4cc9dff,Control
53ff8b47-0240-482d-aa9f-5ea1ae0fcbe7,Control
6b8283ff-d75c-437b-a1fb-dc991404a186,Control
41c4f7f4-702b-49c6-9ab6-9988536659b7,Control
e70f8ecb-666e-4480-8c19-5b088d8c69fc,Control
4ff8d10b-77a9-4c19-a7d8-7d6496e022f6,Control
3955453f-6ae9-4db0-a938-203517fc4012,Control
7af69df3-bdac-40e3-bcca-9ab88cf41d52,Control
e10730b5-4be8-4c1b-9267-07463c79c802,Control
bfd809fa-b3ec-4508-8812-cb3621e37460,Control
a985b16a-c6d5-4e1b-8df9-378058bd03b1,Control
0c7833da-1eb6-41d8-97f7-cd2773c1b179,Control
2ee02f35-def2-45eb-984a-effa42362c56,Control
0393fc28-aca4-4e33-95a9-7094f48be2af,Control
bd454ebb-3b04-4d01-bf36-8ebcc59f8aea,Control
b3f989ba-fa06-45de-984a-ba235c20b55b,Control
a8b3c15c-ffd0-49ee-b22b-c198536eb81b,Control
867b0094-f47f-47b6-8eac-fa4b62ff3a81,Control
e36df107-5bb9-4d37-8921-ec28bb681d15,Control
21ec35f5-303b-4921-9f8f-adce3f75d351,Control
b8c09f0f-cf0b-44cd-9441-f6d6c785be57,Control
a5577a1e-c09c-4d62-af69-d9ceb5c24b72,Control
d0da6d8f-c0bd-47e8-8b90-18c8f13458e8,Control
64a3d292-78d0-4131-8142-7dd85fc155aa,Control
5a86598a-e287-4ce9-9462-c7daa2a4e6b0,Control
e4d596b1-8a07-4571-ad33-6b569f16d729,Control
3f098eaa-e87a-4e50-8c5a-28e115cb257b,Control
18da393b-cab9-4866-8447-075178ae7ace,Control
5ad6d271-f185-490a-887a-ca028d5cfe28,Control
59e01683-86f7-4cdf-a0ca-87b66efdfbc6,Control
b82e43f1-f287-47a3-9428-7ff41a82e99e,Control
8c38ef4d-e5b5-4ed2-bf87-14708562bf8d,Control
ea65d8f4-2191-449e-99c8-7cb0ec51121c,Control
0e3ca405-b473-413e-8998-bfb601fd0088,Control
003b1fc3-550f-4762-a7c7-6f1c2d2621cd,Control
c1f2825b-b892-428a-9387-8e84a434e6b3,Control
d2ccf982-9403-4d11-a1ac-64760f66fd02,Control
60475026-07f7-4c6c-86c5-ec716484ea9f,Control
49b8e4be-35b9-4ad1-b2a0-3a2600286e15,Control
50b4a9ab-b09c-4a7b-9d3d-ffbff38866ba,Control
a0afbe9e-a32d-4ddf-a661-0e19ee8ce399,Control
f6a576cc-ca13-4576-bd4c-38cdee6e1035,Control
28272742-06c8-42f2-8ea7-1f9bc46caf01,Control
a9bc66ec-308f-4c65-a6b3-ac73c7e2b994,Control
f8e5322a-762e-4e11-9836-064753b560b0,Control
4159f7a5-656d-449b-ad65-836821a172fb,Control
69e93ef7-4bb8-40cf-aa6b-405d8188cec7,Control
52785da3-2a6d-4c9e-9294-5dcd32b2d3d6,Control
3abdb2f2-2cff-47f1-83b8-934c2f8a5fac,Control
5236fb1b-0953-43ee-9553-d3bad8eb9529,Control
fd17c38f-71e8-40a7-ac9b-866785b724bb,Control
c5f238e6-c82e-474d-9fd1-b721fca95802,Control
e4d810e0-6ef7-4b96-89d0-d69bdd14ca1f,Control
d3bfbf13-0a89-4221-95be-19ebedad614c,Control
9d8a9a8a-dd3d-43db-a05a-13ed4f882e4d,Control
aee27078-799a-41c1-81df-1463a2ff9779,Control
26a1b750-b31a-452d-b555-271159de7347,Control
9bc68c2b-4fb5-4065-bfee-4c7394fcfaec,Control
959e5947-ab29-42ae-9423-ae0fa9045569,Control
7489f41e-0fec-4c08-ba6f-1523fb68e5af,Control
a1009532-9995-4acf-b055-02297a35e187,Control
b58fbc2f-69ec-410c-9aff-b041a033ca60,Control
d5edaadd-5b21-4192-b694-b35eb9a17373,Control
0ab036d9-cd7b-48a9-bbbf-8b8b25bd890a,Control
8d1ab82e-7392-4d62-90c0-b022cc83ab96,Control
a368ceda-7e01-4d50-becb-a747a0f9b549,Control
cb823f8a-a593-4fa5-bc18-ee05422bdd09,Control
31027630-53eb-4279-bae5-e4dd837e49d7,Control
2c8b7c1e-34b4-44ce-8847-bdccce9ff35d,Control
b7179d14-1901-4962-a3eb-8a4cde6ff659,Control
af3a6913-9e15-4460-8477-3338a5baa387,Control
edbeca3e-dc42-4e2a-88ab-054855dee910,Control
4e75f71b-42a8-4484-85cf-dc137ca8ba0d,Control
9af0e5f6-5888-4a82-8723-aaddc62f451f,Control
7e6f83a9-1442-4fe8-802b-586e75577f0c,Control
048f5de4-7d33-40bc-95ca-771297833d57,Control
3024c7ae-6823-4805-a5f0-26a3981f7bdd,Control
bee8f126-3494-4dbd-9c77-4deb9cdaae1d,Control
ca219835-30f1-4543-8c39-a1c3595543f9,Control
50249969-2e11-4f61-8544-6a471f5d7e6f,Control
f2296b7b-9482-4cd6-96bb-1aec1339b8e8,Control
9757b565-186b-4449-9287-39399244dd60,Control
6b3f90f8-08ef-49e5-90f6-f0367b884ad5,Control
293bb070-86c2-4042-96a4-1f4aa1f9928c,Control
57eec337-7bae-4bb0-be1d-cdcb86b6558f,Control
eca605f1-3160-46a0-b2d2-9f1ed651458d,Control
6ada98b4-ea0d-4410-b545-0a75c7b5d1c6,Control
cc7da179-d199-4bc6-9da2-d07fd34449da,Control
7b4ae302-ca4c-4925-bfb8-2a3687cccdf1,Control
794a7016-c526-47a5-a4a3-a72e7b0c4ba2,Control
051dc9a2-bd82-455e-9a49-03322045279f,Control
20d3b954-06a8-4a3b-86c7-7704a75f91e9,Control
cafadf79-4913-42ff-9fee-5dbf0c2d8d4a,Control
1c262732-194e-40d8-b973-e9725d8a215f,Control
eaa781c7-2955-48c6-875e-7c40a8ca5b6c,Control
e4efdbd9-72b9-43bf-99b0-9f328b097951,Control
d01e32ce-fe10-4bc3-942f-ad6bb4beceb6,Control
4ee8917d-02f1-4ccd-a4ed-629a32b96c50,Control
cfec79ec-c13d-4097-b91b-b5e54671dea9,Control
5601cc16-697b-4aa5-ba11-4c580e7c123a,Control
efcf153e-dcc8-4399-9b14-e81fd3224c49,Control
67b6251a-b811-4a05-b05a-7e04f96e96ed,Control
4884fcff-78a8-43d6-966b-de7cf82667d8,Control
707487e4-11a4-4a68-8648-8e25ad231192,Control
31298600-093d-44b4-bf52-2f3ea92e5170,Control
9229dc7d-87c0-4843-9876-133df059e0f1,Control
e4fa5373-6c42-4173-b9b2-c1b9afacd047,Control
31cdab16-cbcf-45fb-b17b-4e203a60ac3a,Control
2faa4e8b-ee12-4a92-9a9e-1814087fe94e,Control
ae9fe39e-938d-4568-bc93-c875bac3478c,Control
8734b8db-b837-4e86-a906-832afa0a422e,Control
abe82c6d-92df-4071-8253-97c35b04bbdd,Control
d83a635f-b9f9-4cb2-a1da-019a5fabc2f5,Control
75511ad1-788f-47c5-bc27-9cae52311af2,Control
1b7ea209-bcf6-4eca-b221-a04431892bec,Control
69f00131-5254-41f5-b4b2-2e113fbfc8a6,Control
338de876-a221-4b9a-a18c-2fc37f4efcf6,Control
5ca93970-378f-465a-8d9a-ad72e087ac4c,Control
2a328848-284b-475c-aa92-aca7f06ffeb9,Control
bf52c155-011e-4d73-b748-af34d0ac061b,Control
2cf1f7ae-aab2-47d9-8554-104ae2b2abd1,Control
48a64920-95ec-460b-a32b-65cb61487645,Control
105ad834-ac80-4654-b458-fd4b29a58547,Control
c6a19d87-f614-4423-a280-641f861b1f50,Control
879d30cb-b2a4-4679-884c-51e4c61ef3b1,Control
1e944bc6-1d38-485a-985f-304de27883fb,Control
f812ef2b-738f-42d7-946e-a8ccf8eb5c0e,Control
9a443f55-1878-455a-9ad4-78b5de17a5e0,Control
46abeb63-d6ab-46e5-a5f5-c4c4024de58a,Control
8e04111c-6ed5-4057-8dce-4fe4a22c5d57,Control
5cc85417-5123-4a63-a22e-bc9086c9909f,Control
94bff1e8-b0ff-4f42-b865-4712ffc4262d,Control
79a7deb3-b00c-4ea4-8c57-8b560bae1b90,Control
10686c7a-bc4a-42e3-9e01-1689e31d7275,Control
d523c2df-53fb-4c32-bff4-480ee190f5cf,Control
360afd85-1304-4d76-bb9c-9eab93815e87,Control
b198b9a4-1be6-4c4b-bb1e-f0254542bdab,Control
6d504077-523e-4852-b49f-d66033d0e2c3,Control
de9a2dde-fb48-44e2-931e-cf6fcdb054e2,Control
f642b391-11a0-4a63-ad4a-d344db0f1f24,Control
8917e21d-79ce-4bb4-9abd-ab0377ee19c0,Control
7af350f3-d45e-4f51-93a7-5b9552f0e78b,Control
26bee8ac-9dab-46b1-97d4-45093dc8c889,Control
a35c1877-c3da-4450-8a31-53fc49485beb,Control
f929fc87-c698-4e32-a151-9933eae79d89,Control
2652b7ab-29f8-4144-97f6-5568922eed5b,Control
64050faa-edc1-4951-9330-e11493110448,Control
fb73b733-acb8-420b-bd0d-2a7ad64789eb,Control
efd2fe5b-8339-4e5a-819d-a73dc23ce500,Control
f0be54cd-e2e4-44ed-b13e-026d41c13606,Control
08461068-4cfd-4d4e-936b-3951ddb4f104,Control
fd6c1766-d713-4c21-a1c2-16c6d008b740,Control
7389dee7-b38c-4e54-a282-d43bed448d83,Control
ac4bb2fc-371b-46c0-b7d1-38cc11c4956a,Control
23335be0-cd98-4876-8751-aaf579f2e994,Control
c42ee9c2-dc7c-4ded-b91e-02f5ec5fa271,Control
da1ac297-4945-4766-a743-8f4525bc0ba5,Control
d7fe4a97-de56-40af-ab56-ca9bd7cbbe0f,Control
a6e1c8d9-ab4b-4444-9ce7-01f1db8ab592,Control
66e0a607-0081-434e-b256-f4b43918768a,Control
71361dcf-e1f8-436b-a2be-4fda0c86be1f,Control
57b9a5ae-340e-4355-95a0-20cc580baaaa,Control
e5ed7bd9-2893-4bf5-8920-6e566077693a,Control
71c6eca9-c869-4d16-b13d-161350dd834b,Control
5348de58-bb5d-4f41-a6c6-e889a97b65e6,Control
eb0081c1-a92b-4fc7-85c4-c2ce7e01aad4,Control
103afb0f-9a44-4232-a768-6f0384a54d35,Control
44084fec-7984-4653-95d5-709fc4b56bef,Control
67ff2019-c84c-4d8b-87c9-520228d3a0d4,Control
7ae3860a-2e0e-434e-8bbc-3bb03ccc00f8,Control
2c466fec-fc3b-4efe-841d-b964123e63aa,Control
666a212b-897b-446e-9c6b-b9a9043e5e03,Control
ef5249df-6c6f-4cc1-93c0-8100c4778deb,Control
392062bb-280b-4864-9567-c5406eee930f,Control
a8bafc19-ea34-4cea-8228-6723d75d127c,Control
3e5a641d-206d-4088-91fd-1d83382a7a99,Control
8c4685f0-9291-4c37-9ead-3f8e46582d13,Control
3f5ec0ea-4924-47a4-99c0-167e88b45b5e,Control
230504e2-520c-4cf2-bc46-494179e63acb,Control
fd407177-23f9-41b8-acbe-e5c526ff1186,Control
86701675-585b-4b58-bf2b-8153db89e716,Control
b3af4676-018c-4028-b6d9-2e299c30f345,Control
3c95b17b-eebd-4d57-9c7a-f709d0275c2b,Control
5c2b3c9e-6a6a-48ae-ba31-5a0df815f83d,Control
8cad2a66-d935-4f78-bbc5-4e32a6a2a3c2,Control
757c6b8f-f18c-4fbc-9266-68a922581566,Control
0724ca4c-0c15-496a-af07-66800aaee410,Control
0c9b8be8-b935-4f4c-8475-66c06cf97a52,Control
daf7751d-829c-444c-9cb1-cfd3acc44d6f,Control
15a34617-f734-40e3-aa4f-5f70ec358da3,Control
626058e4-fdc2-443e-8a22-ab6644e498b4,Control
12b104e3-dac2-4d10-8ad8-74a01e68b6b6,Control
d36c8663-3fbe-4817-8491-f34b2a516d0e,Control
baaa98c9-7eb2-46c7-a01e-df5b584acc23,Control
6216e4a5-18dc-48b1-8a65-81f3d1cf6ec8,Control
92f38398-5cbb-4818-b06d-64e78f181e02,Control
183ac81f-b6fa-4b63-ba59-b04691c4a711,Control
b9ec7dff-e0e5-4a7f-9241-cd4c9dc9969c,Control
a0086bd2-b8d4-4528-9e44-be4208848735,Control
0c592156-4531-4db4-84c4-bab88d56b16e,Control
cd01b222-ce75-4315-9d84-69aa02700080,Control
5e1a09c2-9aa1-4f73-a410-3b78fa545c1b,Control
f503a4d8-57df-4108-a599-b500516407b1,Control
f436b4a5-5f55-4bf1-bda2-161b3f293139,Control
70a880fd-801f-4fdc-993d-4fa8c4fd01ca,Control
6362356e-df89-4fba-9c7f-0378668e42e9,Control
57499116-ea0e-4f73-83ad-da4560f071de,Control
709d8960-e07a-476f-ac03-5141fb9442a2,Control
ff425bf9-cdbf-4117-831a-738a5fc572ce,Control
1a6a58e4-73fc-4279-9352-84b8fd6683c4,Control
cc0ff957-fabd-4c98-a5f8-a10128564759,Control
27c241ef-13c0-4b47-a702-ab73ff28aba1,Control
f9409b84-4fd4-4116-87fa-f2f800768722,Control
d7a6a028-bbd0-4447-b7b5-74117c155c09,Control
5b07b63b-028b-4a62-bd72-871f97e29297,Control
00730fc0-fcbf-46fc-925e-59eec3c25631,Control
185a6f24-a541-4685-b31c-6dca3a467ac1,Control
586283c3-3e6d-4d39-a2fe-5cfbdfc88b55,Control
8594d0d3-e156-46aa-9812-bc4e569b1732,Control
4b99da81-808b-45d9-a537-c51a64da1a47,Control
46d0976b-658c-4860-949a-5fe7e4983a28,Control
e36b6e79-5fd0-424d-b56b-211262e3fbbb,Control
1f328630-f95a-4786-9155-abd62b8678dc,Control
a356f2d9-e73b-4540-b25f-7e67b764f4f7,Control
a387cb78-0cb0-4826-8486-6352580e3000,Control
4f534a16-fbbd-466d-b0e3-2a30ff40a30d,Control
1190e030-36ac-40fc-8a0a-54cb81d6cf8a,Control
e02b5f37-cd3b-4bf8-ab67-34e3efc07a12,Control
799aaa29-02a2-475e-aa27-abbf85bfaf9e,Control
47c2e1e3-6852-43d2-984c-804a048343d5,Control
6eada051-4680-41a0-a2e0-0cea3ef155f3,Control
4b6824f6-f242-47a4-bd83-44a59b464cd8,Control
4f9d6b97-65ca-4bbe-8fc0-5fecea007f26,Control
ba75d8ab-9949-4a54-990e-da5245dc0b7f,Control
eec7193a-9068-4667-8603-638ab1aecd95,Control
bd801340-96c7-4139-850b-3d36769863e0,Control
ca14e818-fa75-42eb-ae4e-9021db749095,Control
3ac674f8-29bd-4c18-b72e-8ef608b10ff1,Control
3517155e-9cbc-43d2-9cc5-c8baecf3af4d,Control
a5846e7d-a4b6-4574-a184-cf1d9808a95d,Control
d3e87deb-a9d8-4c28-81ea-5ac5a2faa195,Control
92b0f1c0-bd27-4e7c-91f4-ccb5bfab76d4,Control
442542bd-bd89-43be-8129-2908c7a2d79e,Control
fc9fe06c-3ecb-4d47-afe1-893af422bde5,Control
94bf3a10-be80-475c-aeef-e59c7ade4e0c,Control
3cb38972-07c3-4bc7-a4ea-89e168fe3ed7,Control
8f5088fa-96b4-47ac-98ba-93fb5290acd6,Control
9b524b3c-7985-4c36-a192-7213ca5b869f,Control
0ce839f8-47d5-4419-80cc-572296d107ca,Control
6ec03ba3-f01b-4d27-a460-6d7a79485dc1,Control
25668f6a-3b5c-4b93-8a71-01eeb0cb27f9,Control
c6708d6f-b02a-427d-a889-d790a32978d9,Control
73b74e65-9515-41e6-a194-2ad5f1b4236b,Control
f1a40792-9c5e-43b2-b216-d1ec151d55cb,Control
635d0b21-bfa3-46f3-b0bd-b5f28fce194a,Control
a85608a6-1d30-47fa-a064-f2f08d8b0ca1,Control
47a85232-4c59-41fb-bb2c-ddad044a749a,Control
363da726-8016-4d14-9b40-bf0ff8e4132c,Control
924df139-4970-44e3-82ef-15f81a0f22e1,Control
b9413407-caa0-416c-b478-c77414705af8,Control
3d2afb8b-9944-4532-aad6-759c4a138cbf,Control
626d4d8b-cc46-460a-920c-6042437b9bc6,Control
0883bd58-70e8-424f-a9c5-c4574cd58924,Control
807d1955-3f6c-49f6-9076-0f052b9ba986,Control
607937ad-ea32-4297-90b5-db8c99b0e999,Control
07602811-a1e3-47dd-bfd4-b594b0b9f024,Control
e8bafbe2-2a8d-4438-886f-c6a575479e1f,Control
47b48cdc-23d1-4d00-89af-3b901c8f5eab,Control
adbdb89f-dc17-4aec-9bc9-a6a27e0698bc,Control
00e2bdd3-8715-4b45-b554-7dedab6282ea,Control
5d1f25ec-89a5-44d8-9ff9-c9eac97f2a76,Control
495fcd3a-3925-42c3-b5eb-ae470c7d7353,Control
848f5726-ae79-43ce-8d80-f1e58706f7bc,Control
fe636755-428e-4e64-9a23-53c8b57993c4,Control
b2ef15be-8a8d-478e-b483-727ee885c97c,Control
c3308e51-5d80-4bfa-8f54-b33a9125169e,Control
8e67467e-36b7-4043-a80a-3551d1ce19d0,Control
c8eda802-1b85-48ba-9670-8e1b5c878542,Control
eb8f5fb5-e61c-4edc-95ed-2f7662f64d19,Control
f39d4fd0-a600-447e-807b-3c5edff18146,Control
3cd0dd52-8572-4dcc-a688-e49fe31ede0f,Control
b7a436b2-7d2e-4ff2-901e-045abd1303de,Control
d1969e1d-1b4f-4981-ac49-3647839bf19a,Control
de800695-cf53-43fe-bd80-a86f4df91ee9,Control
a7c2d674-7615-4550-84f2-38e0fa362e4a,Control
6dc229d5-d8f2-4166-84c7-bc65cc7d2dee,Control
50d02568-22a9-402a-97d1-58e15e30c35a,Control
a1227395-316f-41d8-930a-bea408fc679a,Control
3335188e-68f4-461d-958b-e99bd816f011,Control
d28140b8-876d-4f84-93ab-df23876a4571,Control
fd19a290-c682-4bfb-8c5a-8997bce45e84,Control
37db1501-fff5-46e0-987c-74d54259e1a7,Control
0e31da37-5118-42d8-830d-2aad6252d3dc,Control
9da5ee1c-b3bb-498b-878b-c676a450190d,Control
a8622731-0447-4ca2-9d12-a232c54a1856,Control
3ef2523e-eeb5-499b-be59-223aadd6a3fa,Control
0042b53b-baee-4b8b-a929-93e4de680e36,Control
6baf2945-bcad-435a-aeee-8148d8014ddd,Control
ce23de6c-d2e8-4c3b-bdf9-799361d4cbae,Control
b5a0066b-8600-4822-aeeb-bc1fe51b468f,Control
e9ce1355-e093-4f5d-adca-b260e093ed54,Control
7184701d-7106-4635-a2c2-c373af718c0e,Control
dc6a1e18-28d5-4a3f-b940-9cfb6d0edf5d,Control
f70c08f9-73b7-4f0b-8757-326a48715e82,Control
328f0cae-96bc-4624-8313-6007623b9302,Control
43e699b5-a368-406e-8b03-3637859a5b31,Control
0ab0a36f-b728-4fb5-af3f-bfd790f736a6,Control
48962ee4-31d0-4ca5-9775-55a25c03cb8e,Control
2d7d0976-85e0-4d28-a28e-1b09205bd885,Control
337fc057-d941-40ef-9214-bd08e16f048f,Control
8bac5df8-88fd-43d7-9037-f4d45384976f,Control
e09ec7f7-aed3-4956-b414-2b21dc3eed8a,Control
1933bcd7-523c-4699-ae38-d5c567be5688,Control
43a90835-e497-4a89-aa08-74122f0ea172,Control
087db25d-2962-463a-817f-4bcf0d84cef6,Control
4e6757f6-8b03-44be-88ac-96c4c60c6271,Control
29bc5929-0ba4-4dc1-b053-e6c1264fddd5,Control
4f3140c5-de8a-4d7d-a039-422103c1f3c1,Control
dab9b9b5-4a33-4f67-88ea-4d8b7016fe50,Control
f9092b29-e686-4afd-9253-2be62b98f794,Control
b73b8375-3e32-4909-acbf-00305421d577,Control
e6a65308-0aea-4f1e-8bb2-8cc63be79a92,Control
174354d1-edcd-4b3b-a238-8fb906425963,Control
46720cdd-199b-4d04-ab74-5d89bcf98ef7,Control
6036dc7c-179b-4036-8789-ea92ae7739da,Control
c342e8c9-0f85-47bc-91bb-f5d8d5bbebdf,Control
ede9199e-74a3-4584-8d15-a4669f204f39,Control
07492adb-47c0-440a-95d5-fe6620c307c5,Control
3f24961e-3e26-437d-89fa-6aa2965241be,Control
2745e05b-20d5-48b6-b5fd-a6c8e5cdc6c6,Control
b846c2d5-63fd-42e1-bb52-13f4f3eb6cb9,Control
d7141d9c-5846-4706-82c5-db144156c6dc,Control
8be1e36c-217e-48a4-ad4c-2eb14c9de1f8,Control
b117c847-de2c-4666-9d2d-a65672032f22,Control
b3ab7d8a-76b3-4859-9e86-a9334841e382,Control
379e7f6c-7c32-4206-9f36-74ec924aecb0,Control
a874f139-5f94-4f03-ab1d-bae049c2227b,Control
a9a3825f-5148-4c2d-b358-a9efc11d66c4,Control
f4b7d718-40fc-46dd-b377-12ae1a89bf9a,Control
84127aca-ac80-423d-ad0d-fd1d9e093c8b,Control
92a10093-9870-4eb0-bcae-63ab186e5035,Control
06c1e754-5ede-4a5c-b441-8ef9c3e7ec89,Control
a7ebc4bc-3d2d-4bd2-ac97-897a2e92503e,Control
acd577e7-bb29-43fb-a3f8-4149f17a9de6,Control
0493f8d6-08d6-4c29-9039-3f5e6552e3a2,Control
359fea83-77c3-4636-85e4-ebcbaf820e1b,Control
466829c7-0c03-4992-a942-cfa7bcce3ffb,Control
25bdb8fe-fd53-43f8-a894-cf230f169ebb,Control
895ba6b0-7702-471a-b703-c714e5b3a3b1,Control
eed3f248-23a9-4506-8884-3afb45d58590,Control
ca7265f8-7943-4290-ac19-1858950860b1,Control
eef2a88b-3250-4bd0-9b59-be0cd5eafbc0,Control
cb5d09cf-c7b6-421d-9cbb-608816357eff,Control
19f420a5-28c2-4c0e-96fd-b21ddce338ad,Control
6a9238d2-5f5f-4288-93de-2efd55acb927,Control
fb36f2bc-d83e-4ac9-bce5-d471bc17beb6,Control
5a5190f1-6c70-4bf1-ac41-d6237f9595b3,Control
3d2f3e98-a017-4d60-95f8-1766695d34b6,Control
36055d5c-ef45-4107-bca0-cc8553b202e8,Control
13523b59-f97a-4426-b10d-ff403aab99bf,Control
06f9b0a9-109d-407a-91e7-a80c30a43492,Control
f510c1d0-321f-41bc-b2ed-824d699d328f,Control
7f671c05-60c0-4239-ab71-4a99189118bb,Control
1179df01-0f17-4c91-bfdf-80d1d75ac980,Control
c96efc08-0ff7-4756-9f5f-15b29979fb6a,Control
e4bd37ec-5026-4fee-8088-a67e63988e5b,Control
6e9418fc-98f2-4afb-8f4c-e06b63292f8c,Control
b24d23aa-175a-40e2-9762-d17aa1ee5dd4,Control
1436bbab-e15b-4a24-aa42-43b106c8367a,Control
2a70f509-c9be-40ca-b064-d1165482d0f8,Control
bdce81a5-81a5-4661-93ab-e37faf0ba328,Control
ed80ac65-d5fc-4f74-9fde-0f88ea668064,Control
639501f4-9c72-4f56-9712-5dda66f52308,Control
cb8f3000-926e-49de-8751-4de1fa250870,Control
15eb8433-e03d-46b2-b87e-425f399b0edc,Control
92435ea9-95d9-4339-a359-fed8c300f61b,Control
b67f1375-19fa-4d71-a814-19dd81475246,Control
fb452697-2f1c-47a3-b4c6-b5c6484e4313,Control
fec184a9-ab6a-43a1-b37f-7334a243d12b,Control
4b0aa0ca-0803-41d5-add6-1ca78f414269,Control
c9c05233-e9a3-46af-9d19-4f70a6b4b18e,Control
3bbfe5d0-630a-44be-b736-3629846fc475,Control
aace14b1-5a3d-44a5-b8ad-eafd5fce25f9,Control
0a74501f-0df9-4a73-8111-20506d737437,Control
95daabcd-6f9c-4a16-bd47-971abf36bb3f,Control
118b290a-58be-45b3-93d4-5ed58df2d89e,Control
a0ae4c25-38de-4744-8897-be64c5e570b7,Control
7f1060fe-5ea0-47d6-a081-8d53f99b6630,Control
1036c101-9bb7-42d3-8886-1304d6a099d0,Control
b702eece-f0a4-4ebb-9416-400cf28a4a64,Control
6ac91948-be7b-4239-bbe7-a19583aca25c,Control
a828bb10-0e37-49c6-bdcf-b9cc6324639d,Control
52bfc4b2-f978-4496-9bea-48cac76cd499,Control
132c7125-58bd-4fec-8f4b-ce186adc55a2,Control
ff51b98e-3948-462a-a71e-dcfc642aee1d,Control
489cecee-bc98-41a7-b165-8a7cc07b58bf,Control
7c6310a0-8548-440d-bf24-f25f655bac8e,Control
13b87c9d-a326-4512-8d70-bf67b9bb3de5,Control
d7eea2d9-9d8f-4846-b841-d87b7926d407,Control
91bd6adb-3135-43e8-aece-867bfb47c0af,Control
2dcc4190-6736-4882-b9ca-74ce0437eab2,Control
40656e49-4796-4484-9a5a-3f39e3ece966,Control
dadac260-866c-4a8a-b901-8c76038a30df,Control
a56333d4-7b9b-47cb-8664-3fae030d4bd6,Control
8f217a6b-b428-42db-bfec-5f6c18cf0ec2,Control
c0f492af-a88c-4ece-89a9-4c2867311ec4,Control
188bae43-0e60-4cb1-92c9-ad1a590de896,Control
af6fe52f-79a5-4b8d-99a8-61e2dfd3c7e2,Control
439dc656-4faf-4150-b377-00a0f78bbd85,Control
e929023d-af11-437d-b450-c5e12dc6bd5e,Control
979da45d-4f4b-461a-9090-4d43c85e68d5,Control
bdaf0ab9-bd0b-4c6c-9247-1014544d119c,Control
6fee25a6-2276-4b37-a6ce-fb5655fd77bd,Control
e0999edd-cae2-4516-b934-40e56770a6ea,Control
ce46e331-56ff-420f-b70c-189eb8f3e13f,Control
c6565e0c-3103-4361-8377-7311c7c3deab,Control
ca518820-9608-4ed0-adaa-ac5d746acff0,Control
e6d9f5ef-b6ff-4fe5-9226-6c1d3510b410,Control
baab84ed-c947-4784-9a56-b8658468490f,Control
bea727c4-3ae5-437c-8c4c-055c19102a5a,Control
1ad8a867-1000-4276-9fe1-6b305c2314b9,Control
3c7900de-7e9c-489a-91be-6ff85cb9a241,Control
b2b5d4d6-d4fb-465c-8969-e8a4ee2747a4,Control
f9fb933c-ddda-476a-9c20-65d995535116,Control
4534c63a-ed0f-4957-b19f-6c3d02b4d80c,Control
8f89dfba-2774-49fa-8b51-47ec8bb5b17d,Control
7235824b-ac60-4fa2-97b9-f83f1fcde103,Control
f9dd7497-fb3a-465c-bf91-fb7cc3b17ec5,Control
4f55e9df-e66f-4a96-ac41-33bec574343e,Control
87fa109f-bdfd-483c-9af2-8798b674b722,Control
9d32ac54-2039-42e5-98e4-8b30e3eac298,Control
9e9d15e1-3ab2-4c3f-a524-745e2b84b404,Control
3cb0fbaf-4d6d-40b7-b851-d18cbfa8ee9a,Control
d085a69d-e251-4f9d-934e-67df72dc3903,Control
be4cf2dc-1452-40cc-ad68-9fc50c019cbf,Control
4a168384-0491-4d0b-bd76-54be01cc6d42,Control
4403efd5-f031-4b6d-b554-e9e187534c81,Control
4733249f-3f51-4e51-bc35-86598b40fb6a,Control
71f906ae-b3f0-475e-86af-4a5d0bf1a380,Control
ed99aa86-053f-4e0d-aab7-42270a043557,Control
1b1af464-2b67-444a-baa2-14148270a269,Control
95d462a3-ea26-4996-8191-41135f199ca2,Control
98ae7f87-b6e1-469b-a07b-fb26553a1a3c,Control
9428fdaf-2cbe-49af-8ae1-58013e28eeed,Control
c250813d-299b-4910-b39c-090ccb80eb9b,Control
6ad52cc4-1498-4175-bb65-386ea03b91e8,Control
c599938d-efc6-4b18-a143-29f9f1f94bd6,Control
5eaaf2c3-511d-4b31-98cf-592dcf63fd3d,Control
b75eac7f-5249-4412-94ad-440ba5593541,Control
fa1ddeb9-d02d-4b5a-b1bf-d8bfd5d4ad52,Control
81b1d071-21ca-4c0c-8f4f-0610d1637a8e,Control
d29dca60-71b6-4732-9fa5-460d5a89621d,Control
40d22caf-e1e9-417e-b074-f040f24767b2,Control
f59a9c8d-6cd5-4fb0-b79f-2119efad0e03,Control
f3ccc609-7a7d-4c70-8067-bace1ed3cf09,Control
f5119ee1-2ea1-418d-a468-d9b2efe8f1e2,Control
a5de7f43-98c6-4cbd-a02c-c47d943546ea,Control
9e762a8f-4af8-41ee-b1c3-58b8a37a1dcc,Control
684effaf-5176-4418-a430-4df1ee726d45,Control
424d5b74-5ad9-4a9c-86e0-1130bbcc9bb8,Control
49472de8-38ce-4b25-9bc4-e22c2268e305,Control
4e625b34-739b-4411-b6fb-956b05178467,Control
d447c557-add2-4d99-be11-e52c46f01624,Control
5f8185db-f714-40d1-b74d-8f2e1f69bb8f,Control
5c42b817-9fb5-4c04-9108-d4ddcb61165f,Control
f2684777-84df-4271-b3cc-dea6e7ca2b2f,Control
e63d7a20-0d79-4479-ad81-0bf904df05ca,Control
c8a70216-0bc8-4e26-b46f-ea93a05ba05d,Control
ee7b13fd-d833-4f20-8fec-86a1bee3ce07,Control
1273b97d-6321-4798-a512-033309bb84a1,Control
40913f3b-a6b1-496f-984a-58e6d6ce802d,Control
015b2374-a2a9-458e-881a-0c3c3c3c0f79,Control
ce3e4d38-aff6-4a90-ba45-cb87b8c49e84,Control
3d5af34b-7ecd-4271-9560-e5f22c4b8fc6,Control
02afe324-6014-4d6b-b19b-870a1372fa00,Control
7dd0b24a-f374-4565-b4d2-ce4ec0019f90,Control
7e613a27-451f-49a1-b99f-ae00b9c104b0,Control
baa652fd-a400-4d3e-8b00-b738c4bf9e03,Control
ab1119de-8b53-44e4-883e-2f8b68c8ba1f,Control
20b523de-fd89-484a-bb55-041fd6a850f0,Control
1ff34ddd-68f9-4ca1-92f7-6bca995ff8f4,Control
d8075b05-16d4-4e85-8356-75673abacd93,Control
9be306c6-8a4c-4ba6-8764-ce1f33176dda,Control
044ee7bf-6c41-4dc9-914f-19bb07934d89,Control
07b49076-c4b5-40ad-87f6-d6fc7951eb5b,Control
2268ebd6-39e3-45d3-99c6-aa52e468e32e,Control
e7488bd7-7410-4007-9e84-5a450f20418d,Control
704d6bfc-faea-4684-8e76-190f88cbd15d,Control
7a9e31d1-ac33-4bde-8a45-b4951ddadb29,Control
db1ec0e7-b157-4326-8a02-f219cde5aded,Control
8d951141-6447-4c41-b179-4cf8b00a6636,Control
1d693076-2fe7-4653-9dc6-3ab14a7fbdb5,Control
78a26d15-dcec-42c6-8f80-f3aedfc89d97,Control
560a519a-409b-4c43-8d9c-7b4d4015f903,Control
cf3f4faf-0328-46f4-b3b0-c957c4d7bffa,Control
c4baeb66-df58-4f33-a2f8-da7cc6172d11,Control
a2bc3ab3-19e2-48c4-b1e1-3ee7b48b4020,Control
f14a2b14-b5c4-48e2-8bcd-3c7e9186ae3d,Control
8c429b57-1851-4131-a36c-3f147863a7c6,Control
fb64e764-2991-44c1-839e-3636d5ca6dd2,Control
d109e021-91f5-4066-8ffd-7ea36602dfb2,Control
f6e21285-6e2e-48cb-a213-6fb12f02f5c1,Control
0974bdcc-9f98-4c2e-8eb1-15b1805f344f,Control
473d4e5a-d23a-4858-9af6-0cb46de708e7,Control
0bc6beff-8d5e-414b-b630-4d9dfc38b094,Control
2c8f34e8-9c95-4570-8d71-aebf60557acf,Control
ec1248f3-fa5b-4bf1-813b-fd49e3f09535,Control
68eaf825-bb89-4bfe-8d44-cc17890e72f5,Control
ab96f72c-4dda-42ca-8964-8b057e0c60d8,Control
b71129e5-5441-45cd-a575-3f8789a2524c,Control
e2fa9185-ea8d-44e0-879f-f769e37d08f2,Control
db4edb30-65dd-4f1f-a483-82909e8c4fea,Control
7c704376-9ad4-4cef-badd-e2f0520b9ce4,Control
508e44a2-7e8a-4a04-b7e9-7f7164a19d80,Control
967a3aeb-7d3c-46f0-a21e-396362dbdd68,Control
c510a02b-81aa-47e2-b0b3-67f7c13e09fe,Control
c0d7b7d8-0fb4-432c-b0f9-7135fbc7059b,Control
82f8591a-6706-4c8f-93db-c1a90ea65996,Control
d17e49be-666d-4f62-bff8-a6441058bc6b,Control
d436291b-e243-427e-8123-14c3dd4d166c,Control
75b165a6-a8e0-4b9b-830b-aad48e01ac1c,Control
723589c4-76b3-4fe3-9dc4-3c7a7843a3a1,Control
f20e20c6-1266-40e1-a268-4dc9d28b8275,Control
c788c7fb-e3c5-4a20-85ec-8f909e9d1915,Control
946f8cd4-aa62-441e-8163-bbd83c0c7fc8,Control
7c2ab7dc-4278-4e83-95d1-8d1abedd7769,Control
e0939a23-082a-464d-8442-c1649fbc1197,Control
8d39354f-c7ab-4ead-ae99-2f6f3277cf48,Control
acdbc6cc-fbb1-4f6f-8e7a-323edec4499c,Control
fd38a89b-551e-4af3-afa0-00eb9f2f1d29,Control
c8598731-ad6f-4481-9094-bbfeaad8c285,Control
3d37c987-49b0-452f-a1a0-10afaa8c4683,Control
640cbdd8-d3b0-4b1e-9b36-3ff1f553527d,Control
06bd171e-1256-4319-ac5e-d9b14d1176d9,Control
95dbc366-45ce-42d0-9ded-c701b2ddbe9c,Control
855b4fb6-94e3-4463-8d74-a2531482a360,Control
2ca20632-24ca-4447-a957-e49562f43c24,Control
eecf041d-76d0-4e8c-9882-1ad7cbf00d9f,Control
bab3bc30-3bd8-489c-b96e-b8771ae63dbd,Control
64d1604a-c197-4842-a638-ed576cabef6d,Control
9bc8826b-59af-42ee-97c2-739f816dcdf7,Control
de7d3da3-1982-4d38-a044-399489dedb91,Control
9e07c1a7-4012-4f37-8d21-3efb1d5b125d,Control
103d7be4-77b5-4d23-b7be-372b5afdd859,Control
c3482828-f165-4286-943b-5079c81b23b2,Control
51a27ae7-6feb-46f3-a74a-ae1125694cc6,Control
48007eb7-f0ab-4c8c-b7ca-737251c9fe74,Control
09afc221-0eaf-4c03-a1d8-5a78af73e9d4,Control
eba4dd8f-c9f4-4331-ac4e-41e19359d506,Control
63c5103b-9077-4c3f-a31d-722c1ec52dfb,Control
369a3ae2-91fe-41d3-bff5-5016dcd28b7a,Control
91dae40b-48d0-48d9-b405-02d29368986f,Control
32400bf8-73a6-4c21-bc73-9df7ef4f66f5,Control
1a616d5e-5893-49fd-aecc-37d3f12ce062,Control
654d7158-422a-40a9-972b-59e50c31ca31,Control
53a9cba3-7528-4c00-91f0-08c800bdbb1b,Control
e0b40977-37ed-48c3-93ce-afa420263ca4,Control
6d87d93d-1f91-45aa-90b9-52f1f352a208,Control
e02b6c6e-4fee-4f7b-82dd-fb91ae2b9003,Control
a234796e-2f20-47cb-b7d6-0d38c38a5cd7,Control
9f31027e-1946-4f24-a9a5-279511afb04a,Control
ab2a20af-d8bb-486f-b69f-e49f20ff066a,Control
62f84a5b-fdf0-44cc-9558-8863fce8ad99,Control
e2ba631d-13a1-4eb2-b803-340fa7c9b0ca,Control
01915b59-f2a0-48fb-ac71-93fcad67f76e,Control
d6fa9b26-1686-43e1-81ab-c2fb0eca452f,Control
512b0a7f-6ae1-48bd-8d6f-5988d4e70f3c,Control
62c6bb32-da83-46a2-9c49-93a2e2c8407a,Control
5fe81ef1-a6b0-40f5-baad-092503f8cebf,Control
3cdb6e4e-1e5b-4d18-a027-8b655ccc7fa4,Control
440d8c5e-8942-4ef4-ad96-02b96c5de273,Control
d2b9a6fa-2819-4a5e-8255-1af0d3266553,Control
5007f291-0442-423d-927c-730d3b80da04,Control
ed898167-a1c8-4558-bfad-3ae688e09517,Control
f0afe29e-7001-449c-b9bd-8a1518bdd20b,Control
9002e6ef-8939-474b-b19d-fb66f4ae2259,Control
85abbc2a-0355-418f-b9d4-27c5029022da,Control
bcc0b8fa-75c7-4bb2-b6b1-cfaffd65f4b4,Control
92705d8d-5c3f-4a5b-a09f-73404c7cab06,Control
6067d4c8-3288-40e0-ba07-3ae6d0c89c61,Control
332e63cf-4f7d-4c26-a43a-e74fc47012e9,Control
d9b61dcb-b911-4b6c-95e8-c23fc9f70240,Control
a98809af-6c38-47d0-863d-72bf202cd2b5,Control
0a4264ac-b743-4be5-bf35-35344a893636,Control
a9f0caa2-531c-4525-b98b-fa7c16d7f2b7,Control
918378ef-a70b-4a28-b439-6358f12861a3,Control
a28d2c59-5732-4502-a4aa-d18d71acf9ac,Control
ba41328b-6ae3-4ec4-9891-2f4e912ae846,Control
4a27f6e8-9cce-419c-b7d4-740271a3fcc9,Control
12356474-0af0-4798-9766-de2d9c44fc7e,Control
ad9df3a7-daa6-462b-b1ec-9e2b15b828e2,Control
1c88e92b-ad2d-452e-af1d-4ba2747584ce,Control
cc4aeadf-3a28-484f-a395-8a456f25f3ce,Control
562b871b-10af-4a6f-9626-c5f5b23f8ea9,Control
1b0f1cec-f6f2-45d0-8875-1b460f16ad40,Control
c61a1f5e-bb4a-4bde-ab6e-bbcbc4262844,Control
06f0d02c-aa77-4e28-9df6-0fe18aa522ed,Control
540a4ced-8d07-44b6-b34e-1a1bb70b7bde,Control
d5f89321-555e-45da-be44-2c656c9d6dfa,Control
7cfd1000-5ecc-4ba1-b97b-923dcee3de24,Control
41209c1c-c414-4894-b962-b57613f55770,Control
351c8045-d9fa-47e4-9f75-59359dd4ef4e,Control
640d1ee1-789c-4ff7-9c79-b4b626e0c281,Control
84ab57f9-991f-41e1-a806-ab978ff8d8f1,Control
4e987ea5-4f98-4d92-bde9-57870dd40c3f,Control
dd0e6fee-0c37-4079-9015-9c615847e7df,Control
7153c134-2171-41b2-8475-ab932c5ffe49,Control
0789c833-4407-4e9e-98e4-a1df4c5d1a26,Control
8bfd733f-76d4-4265-8b79-77a9488e3214,Control
aeb5ba01-cfcb-4429-9715-b66cf5a4ce5f,Control
3b2685c4-2e3a-4d5f-8433-36592c8af208,Control
499a4ae2-b4cd-4c12-8a7d-32c2758619b7,Control
728395e4-c700-404c-9375-1a854ad639dc,Control
4c0c7a12-ee67-4c68-bc15-c939b72ab32f,Control
ab4fc9f2-cc95-47cb-8783-bd089d1613d5,Control
1faaede0-f71d-4291-9488-b89c5e718ec7,Control
57f38e49-6b82-4313-a28e-33a459a4cdde,Control
97d38c46-ec4d-474d-b3f5-ff0abe7ca460,Control
c210c1c6-1b10-4117-935a-be3c3a675616,Control
f389447e-63e3-40bd-8365-e2d9ab789ff8,Control
144e3f31-b339-404e-b05c-b7eb828c11ea,Control
135f3262-eae2-4225-acff-5904eff0c62a,Control
86213e28-4e8e-4fe1-9484-f7eedaf3ecdb,Control
68f45639-44bc-4f3e-a867-019ba4566780,Control
4f9a8b87-3f24-41e1-8626-dfe731f56d93,Control
29b20826-fc3b-4195-8be9-12614bb8c4f1,Control
441def92-bcb3-457e-83c7-6226bf6753be,Control
e934af18-7c70-4cd9-9481-1a681e192452,Control
ad11db7b-3b22-4746-82f2-05b6f31ae26e,Control
6ab7ee5c-5b8d-4271-869a-3c46f06fbe6f,Control
cec411d0-c561-4324-be62-96235da21f8a,Control
0615a044-b9bb-45c9-ad6c-0e8991877cdc,Control
432c771a-699e-4cb6-9644-c4a2aca10989,Control
cdd88295-19d5-442a-b783-ff9d0b275388,Control
f9d8f7c4-cceb-427f-95aa-132e9d94d386,Control
dc16e7fb-b1eb-49ec-95fd-7eae9b5d0308,Control
9b0627f3-7f1a-4594-8005-c06755c8b1d7,Control
0140ca37-a4ce-4dbd-85aa-a30fcc3e8815,Control
f7ee9908-8ccc-4e1f-9a39-c30f4251e8fa,Control
703476a1-993a-415e-9380-ee73a5c1b97a,Control
2920259e-ecc0-4437-9ab2-61254ffbb3dc,Control
52e14502-392d-414a-9c10-cb918e6f6f17,Control
dc133da7-793b-4040-99c7-7e78b78408fc,Control
a88160fa-d625-4932-a457-e19f1c05adfa,Control
11797bfe-e744-4540-b5a4-caa22687d03d,Control
cef9319c-9cab-4ec3-93e0-bfed5b2276af,Control
6d7062c2-e5e3-4c21-88b6-1f9eefc8eb88,Control
efb544f7-5974-4bcb-9fbe-332e5a9e3609,Control
2478c14a-1a7d-47e0-b5be-d3fe689871dc,Control
bd92b1c2-1e05-4f2f-89b0-c6bf01cbd738,Control
7bebaadd-dfdd-4240-b7a4-779b69cf0ee2,Control
1f4c3003-d4bc-4f50-b881-37bdb20b430a,Control
6d6e8f82-ef38-4d5b-84eb-bca48e76c4b6,Control
4b75bd0e-c4a8-4b39-8f5a-7b58b3c2c530,Control
0b109e92-d8ff-49a3-957c-920cb6eeae32,Control
1710f78e-f128-4c17-bdf8-2ab240c2a8e8,Control
8bc432da-8922-45e0-83d3-dcd2d5ca104a,Control
03056741-b687-4b6e-87c7-1cb92717cf7f,Control
5335b309-a61f-47fd-8755-48ba7d212e00,Control
bdf242d2-84ed-4bda-aacd-31457b0cf55f,Control
a0b5fa64-ea48-4a48-b619-5bb831eb3bbf,Control
3b5ab56c-17cd-4066-84c0-d7768928dda5,Control
95b6c4f4-acf8-47b2-a1b7-61525d72bc48,Control
796d8e97-b91c-4135-9519-23a38db12667,Control
95e5fae7-7f4c-4864-9ab4-0c03c3e17184,Control
bea83373-3ccb-4ad1-a31c-0c0acffd1a2f,Control
0795b8ba-c82a-4b26-b3a7-417d7c598325,Control
f93153e2-1961-4df9-a924-cbc53c0e264f,Control
157b2556-0b30-4cdc-b678-cc79d5ea5366,Control
d061ae1b-471f-444e-8763-fc3694c6bbff,Control
2fc63f14-4f4e-4de0-89c4-174a4b38769b,Control
7037232d-9ffe-43dc-9ab4-48dbf424a4ae,Control
1d8929d3-b46f-4e45-ad56-3fb9b5468086,Control
b02ad5a1-2398-48a7-ba10-2c5ede1ddc82,Control
77d7feea-b93d-4206-8439-1c99cad72298,Control
04216159-f367-47eb-a1eb-ffa8896b5d40,Control
ce4dd4b7-ae3a-4d17-9ff5-fddb732eea32,Control
9e604c76-3fb3-4664-a29e-07c2b0b2d26b,Control
4eb8cbd0-c6be-472c-aacd-5fb5eb7f7dd0,Control
9776332c-a20e-4190-afe1-e6a845ebdba8,Control
5804a2dc-69a3-4167-8614-d93ed04f6c85,Control
f2204ca9-6d50-46a3-86df-1f0a774c4935,Control
497e4697-2835-4f22-b085-45945cc4a765,Control
471bf4e0-7d20-4342-970f-83a7bde9deaa,Control
1e80ee30-b7cf-48c8-87b2-dc3f4f3c8f6e,Control
8c5e5cc7-2735-4bcc-8514-8905c2254e99,Control
7c664b45-f0b3-496b-af66-8b1ce08516b8,Control
624a59e9-3b32-4e05-9db8-43c2f2ec2276,Control
36014fed-87df-408d-9f5f-77a697d2a376,Control
95862054-7537-4267-9012-d0a2ab494536,Control
42592313-b21c-43ce-ad99-b5c551ff5e1b,Control
f7f7adcb-07db-4af5-92a0-c1b76567107f,Control
4cb8c221-47aa-4f0b-8e14-c6ea69053392,Control
ede6db59-0b15-49cb-8891-967fbba1b55d,Control
ee11c896-19f2-4626-a614-718099850fd2,Control
68338cea-9b0d-44c6-b86c-cfe263cf6ef8,Control
d6720781-c7fa-4dce-8897-6119de440b33,Control
c72dbef0-a26c-40e0-aac1-57db3ea9ad5d,Control
1ac87b21-1140-4aa0-8c8b-f4f8bb12cbc1,Control
5b914af6-651a-46a5-9f28-dfb08be52601,Control
f180d2d1-f851-4763-9e98-64e66671da2e,Control
e44a7136-ebb5-4295-b146-c3f870f51123,Control
47958719-a6d7-4c57-88de-ca5eda77a4be,Control
9b15c2c1-3b2c-4631-96ec-460b5e97d8ca,Control
ea99ba6b-ee82-40ff-aaeb-a9d6f45eaa32,Control
11a4d18c-a910-4930-b20f-ba353e62070f,Control
d466b78a-160d-49ef-a31b-b088ef177396,Control
ea4328cc-cca5-4feb-8aa5-238d2b56d48a,Control
a6015471-f539-4d01-a01d-98af20965e9e,Control
6626716f-7da1-4dee-8112-06b7d38cc63f,Control
e2b00f30-06e5-46ab-af5b-0eaa0eb21250,Control
8883c542-bea5-45ba-bebf-425e1c860db4,Control
31aa0aa9-c0ea-4c76-b9f1-a04a455ac3ce,Control
f495a958-6f66-4c1b-b1ba-176156ab8a71,Control
5b664669-ebe7-4764-ba69-10f5bfb32743,Control
d8516641-63df-4273-83f8-a047a32a7d77,Control
53fbaf42-6a26-42de-9673-79a171e9ffb5,Control
2dd530ad-a2cd-4a7b-8714-4962f6bb8f13,Control
dddd22a1-9dd4-4687-bb93-022b80e4d91a,Control
93e9e6eb-6968-4816-bc36-0d8f414b8413,Control
e104491e-f118-4379-9b70-e11048be4158,Control
ca5a61bd-6df0-423a-bfba-8b2d81b3bd89,Control
23b84dc0-ad98-4a9d-bd4d-4b2469cc2f6b,Control
3929e6b7-367d-43a4-bcb8-6364db399f93,Control
594327b1-f4ee-4c68-aa5c-b6b3d69e9d11,Control
52cd18b7-7801-4c8a-8c94-a908aa2c15ea,Control
567ce93f-0e1b-46d9-9cb8-927c2b85e26b,Control
640389e4-5510-4663-ab3f-5d5b3e50748d,Control
ad30e1f1-fe5c-41e6-8a90-c67456e53746,Control
6bac5ccd-2a3b-4de4-9546-0598757fcd20,Control
defba05d-28b0-4aca-b393-ccb2688ecfbc,Control
f34c1929-a98d-4f4f-85cf-12c43ba2efa2,Control
35d27c5c-8fae-4005-adf8-2fab0edce698,Control
b2a6c573-3486-457a-91fc-5f04ece0087b,Control
e3e7d1da-14b3-4a0e-b02f-b668cb0d5239,Control
f137b2d3-a76e-4e66-a49f-4dbb9cc6cb55,Control
38f8dd31-1ee3-4a1b-baf8-94054e66c733,Control
4da59708-511c-47b4-b305-9c917db6265f,Control
6d24568b-63ec-43cc-bba7-a919492f20a3,Control
59f87e94-e865-4262-850b-c6e20e20a45f,Control
41742f0e-4afe-4116-be49-c74ecc4e89d5,Control
e5c95772-bdfc-4505-a43f-a2dc0ab66214,Control
8c4017ac-1f63-4bb4-a201-76bff465293d,Control
56802922-50ec-4af4-9809-fbec3010d21b,Control
bc8aa34e-40f6-48cb-9adc-8e99492a7601,Control
6640cbc5-3ecd-4d5c-a56b-daf8f1fe1bef,Control
3c0709ae-9e74-4ebc-a291-767c0ccf9a45,Control
bb9c9dd2-cbd9-4b4d-ac41-512c002d17a1,Control
16454e23-4d02-4e97-bacc-699813c9acfb,Control
493a7e69-4895-49ec-8485-a1551723c69c,Control
faa8b007-f36c-4fba-844d-1b311ef70031,Control
2acff73a-073a-40f2-a80c-a6dbf83867a0,Control
5dd62f3c-7c6b-450c-a5e5-a6b224a5c77a,Control
d62f0087-582c-4314-9279-fa1bee36be29,Control
0b3f990d-7e97-4694-904d-e5f8bc077bd8,Control
644ee938-b337-4a1e-8d1f-6cb16b0b1606,Control
9cc4a331-81b0-4c0d-abbb-abc8e1a470c0,Control
4f385c3c-a74a-436f-9552-afddc907390d,Control
ceb20fdd-68c9-4ea7-9b9a-9eb383ca333a,Control
175800eb-669b-45aa-ad10-fb07938749fd,Control
697e80cf-6858-4e81-b6a0-8a7261038ec3,Control
48cacdd8-c5ac-4f50-81c4-ca4ec2ffa785,Control
72f9915e-6218-48a9-8f89-753b22f12c8d,Control
51e0d03d-5e37-4d6c-b1e1-ba5e28b8bac1,Control
01846cd1-365a-4e33-af6c-8a120f76015f,Control
bf75230a-a902-41e5-81f8-a19de03ee4db,Control
06671117-9a23-48a8-891d-b74849b9fa5a,Control
871091bb-ebeb-4628-b0d9-450ab782ac5b,Control
ee737f46-153f-4574-8d08-de73b05d0dce,Control
8816a42b-4e09-4f1a-85a2-8ac57c36a475,Control
23bc0a75-e6db-4260-8764-4970cb8d6ab2,Control
ed5de4f1-381b-4772-953f-1f67e450464f,Control
e57338ff-39b4-4c94-a374-d4d7eb0dfcf4,Control
7bba45d4-1d96-4b9c-9c19-7ddcfbf08728,Control
0edb36a2-07df-47e8-bf62-edc5655457c2,Control
2fe838bb-7a56-4321-b40a-0f33a8112eed,Control
42f675d2-3065-4746-a509-8cddecc6d8ad,Control
34623bc6-1427-4933-ab78-8947accbeccf,Control
3621f709-b2b5-4045-a428-b1ca9ddea27b,Control
f2e8b2e8-1403-4123-b922-7701026cbc3c,Control
9c48fee6-dd86-4cbe-b0e6-14de78da5fd2,Control
11638101-5edf-44f3-966a-4ed8764eb0de,Control
9257c1ac-ff9f-46de-bc3e-cd5a4b01eec6,Control
4c6c129c-4c01-483e-b8e3-3c2a95a84bb8,Control
d8db92e1-c40f-4f6f-b9e3-32a2d71db2cf,Control
8839e36d-3e8e-4dab-9317-d1ce66fd77be,Control
b08a8289-ad66-41e6-9819-f4680953db40,Control
87f7c724-41c5-4214-8a17-e200627a0cce,Control
ef8d36d7-4ea6-4191-bf62-4d87af6a9111,Control
d594e8fe-c781-4233-b2bd-7690d7da5f74,Control
fc5e38b4-8231-42f4-a160-78c123edbfac,Control
bc990880-d22f-445d-b3cb-1a19f350b1a3,Control
ef668c51-a217-457a-b4f1-a6def81b3d1b,Control
3ecc0356-d904-4253-91ff-1f4801927482,Control
adcddbd3-e713-42dc-aa08-025fe7ca5d5d,Control
1d46dd91-afd2-4f17-83af-707d2ae3e979,Control
e2be7fd6-f76b-4d18-9f9d-04f124284a76,Control
306815e9-38a9-4b83-97a1-39d19c851e59,Control
bd1e48bb-3bd4-4875-bd86-6543c6ed80bf,Control
316851ee-1017-4320-a434-5f093d67caef,Control
9e349d27-9dc1-438b-8b47-7d80fce1cc7a,Control
053f2402-d591-4051-bddc-2f86b90a1db1,Control
fbb4e3fe-46f1-4c85-9bc1-e07af718a6b8,Control
45cb802b-8c3f-4f38-8e60-1dc5779c5014,Control
aa04ad8b-831f-4c55-8c3d-8dcdfe13bbbd,Control
72ef3c64-84cd-4d7a-bc95-78b2372be10d,Control
485512a7-1863-4744-a5d2-e17af59c736b,Control
3762afff-cf55-44bc-b180-2e88ab37a741,Control
3ef3d611-a7de-4848-a147-f6c8f3c2768a,Control
a014f2f6-3f13-482a-868b-c4bed7997abd,Control
135b8d9b-c88e-4ff8-b607-cc3becf3d2d9,Control
bd7a8d5f-8dfb-40ed-b1ae-67900fae242c,Control
f1540060-4502-4e02-b3ef-5ddf2c163c68,Control
43456961-d1a0-4795-b652-305639715983,Control
e0a772e3-4b31-410e-b408-ae99652a6659,Control
68a1b045-a974-4c49-9151-31bc935bba9f,Control
04c0d389-d978-495c-9db4-675d03f777ce,Control
40aeaa5f-2c32-41b9-b497-e2da3c0ca0ef,Control
fe5443ba-a3b3-4145-90c8-ff37b5e43c5b,Control
71ec936c-84fd-45a3-86a0-e76ba9ea1650,Control
82e319bf-4dc5-495b-b001-4189887ecac3,Control
38a9ad60-d321-4e1d-ab1f-92db6cc15809,Control
a766af19-ff2c-4a1e-9569-fefdf67d9aea,Control
ebf941a2-5bd6-4856-af94-f64518364b1d,Control
bc3da01e-1c0b-490a-bddc-1c1d8d4acdef,Control
3864389c-d8af-403e-abf1-64d1dd3b7afb,Control
9996be0b-ac0f-4b3f-b98a-290818253122,Control
5cc1436c-de6c-4495-8ad0-0eac06bf3aee,Control
b9bb95e2-a4aa-4363-a484-dc49a37e8780,Control
f45a10b8-0a9e-49ae-898b-9aed3f1827e5,Control
480f80a0-2836-4135-87bc-e5129c56851b,Control
7fa28411-8565-4c52-860c-0b67d1d08af7,Control
ede6302c-b7f4-41e6-9878-6b41b3a77473,Control
75adbcf6-2aa0-42e7-8d3f-29b03f394609,Control
671afbde-33c0-4d07-9f72-a73ea4347146,Control
d73ab608-a63d-4f03-a935-2e998805fd22,Control
07646a05-62b8-4755-bf55-05794463572e,Control
030fc823-5be5-40c0-bdac-4c265017dea8,Control
885d1ab1-7302-41bd-887b-c5c67ae061e5,Control
7447a2a9-2903-40b8-9a50-a952cf623a00,Control
74baca1a-3d1c-4481-90f1-965f117071c9,Control
012a31ba-9818-42a0-baea-11ae6b51bd40,Control
5bf2fa5a-1a81-46a9-8259-a868bf61a118,Control
bf672a27-5129-446e-b928-3cf9093fc3c9,Control
cd0325d7-f1d1-4526-9a19-5ce2b686489e,Control
1fdd9c04-fa44-448b-a0b0-af656e02b082,Control
0bb8b347-fff0-49e0-963d-d7d9efc8a6fa,Control
888801b8-652f-4c76-bb62-8f3483faa575,Control
72a156a7-cde5-4377-97f8-19be68e558f7,Control
b973c4a7-9c01-419e-ab5b-74c8c9930b3a,Control
a3f094a2-3a59-45e7-87eb-380f479a54b3,Control
fa4874e3-8b08-4673-acdf-58333e998621,Control
20255092-ba35-4f72-a705-2dee7129a9a8,Control
6ead1274-9966-42f5-820a-ff5e66d1ced1,Control
c583e126-273c-4637-9560-881898d75191,Control
4e6f4411-c28b-4afd-98fa-8271b775c9cc,Control
ee1e8f5c-ff51-4bb3-a50c-96e0d529dcef,Control
75045d62-c4ad-409f-998d-f319625c50ad,Control
e08fa425-ad3a-4896-88ee-0f2d1811c7cb,Control
43344c58-bc28-4bf5-b99f-7598a8cb27bb,Control
7c9a0af0-d638-4db6-a129-62051d8583d7,Control
6e86451e-0aa2-41fe-8ffd-fcc0484e0aaa,Control
9919dda5-c8e6-4353-a560-6ab983fb5347,Control
07d87d8a-530a-4707-880e-e344e86865b4,Control
bb943056-74b6-439c-94ca-e1eedf31e7a8,Control
0acd4ff1-8b89-44ba-a760-9b4630ffd3de,Control
c10f8cdb-677a-4236-91e2-e41df7d356f2,Control
9abb68d7-c3d5-42c6-830e-b5876dec2199,Control
de1e5916-3332-4eda-840f-d39feaab776f,Control
a079aab8-8dd4-4e68-8ecf-884a9ae857ea,Control
2b93973f-434c-476b-812e-b3ddb8ee63f5,Control
be1a83f3-477a-4263-9f72-d156acdbb8e1,Control
90ae59b5-29e8-4858-a3bc-536cfd255b1d,Control
8ce53be0-66c5-4988-8173-4882e0fbe871,Control
4889e9cc-a9f8-483a-877c-090e58a5f043,Control
0acaeaf6-677f-4f24-bab9-ca93d045224f,Control
3f223865-74ea-4c09-ae40-435938010fc3,Control
dd44e505-26ce-49e3-ae75-6212b2e21cac,Control
7e15d88a-daaa-4f4b-acb9-17391ca33bbf,Control
c516f30e-e0d0-47f7-be83-8e25970df2a6,Control
b485cad6-4b6b-4030-ad4e-4b5dada3e22b,Control
e48a8a9e-170a-43b2-94cd-5a9d273cfe1f,Control
a02ab02b-047f-446c-a17a-144b8de4c8c7,Control
e3b837ed-59db-45f4-ac4e-bc5d3b1c5b6c,Control
f175df54-520e-45f5-96cd-7ebad4d341c3,Control
1f23ac6a-134c-4cdd-8029-f6fe9ffa6594,Control
ff84dbac-f457-4920-91c3-632d4f87bde0,Control
d9dac44f-bd31-4082-9851-df99ae36e943,Control
81f97209-1401-47aa-aa7b-5ffc77bb6457,Control
24e5dac2-4632-430a-b852-1366953d98ff,Control
9960c729-c3df-40e2-acf8-0c6f29eaee50,Control
a03a1ff9-a4ab-4b60-b11b-bfd0983cc5da,Control
cd947794-d4ce-4463-9d70-96c1de96e3a7,Control
0e24d62f-569b-408e-a3d8-b3a24c584514,Control
2ff7504a-3ed8-4c5e-a50a-717ba53433a3,Control
7af46fa4-33a4-4550-be1d-e6b2082741c8,Control
5b33d635-e71b-443c-a580-b5234e325389,Control
903eebf7-9b8b-445a-8c07-62f92fb4b662,Control
9c8eeb47-8679-44e0-a453-6d80b75143ed,Control
761fcbc5-aa0b-4097-91af-816dc3e83bc2,Control
d0fc0c8f-2654-4b98-b6a9-ac741c06e08d,Control
38d9b0ed-ac53-4708-83be-6b3a1c447363,Control
c953c9df-2c7a-41ff-ad44-581bb1c1ab1a,Control
c5d27fb4-3a99-4ede-a3d3-67134cbfc4ed,Control
fbdd2862-9c4e-4c47-8e14-3af6c51d7704,Control
501a5c21-3f73-4557-b679-433fe9ef4c5c,Control
b30269b4-da9e-4b70-8153-221195f32bb8,Control
5af966af-1253-40b7-aa63-5bbb8751b78c,Control
67923f37-7399-4ff0-9d4c-2a69b3785387,Control
38e628bb-1021-4d32-9462-4c16f4b180c6,Control
462f1f28-22c0-4d42-82ec-afed3dff77ce,Control
1de1ff11-9211-42d3-a0eb-9b4327173d34,Control
ff97f988-083f-4342-a454-595fe07f347d,Control
60444de2-9e35-457a-a184-db3a1d6c7377,Control
035200e1-ee44-4175-9d2c-b582be687fcd,Control
3651b35a-3eac-47f8-81f7-cde0402eb2e1,Control
215d19e4-8903-4776-b6bc-5320352f886f,Control
7c5af71d-6f03-4626-aa53-9b376c9016fe,Control
60561394-4828-42e9-bfd7-345a707b8e0f,Control
9756b619-f9a9-43f6-b028-98a34f43ff23,Control
d7f76b43-448e-4d97-80af-97a94396f98e,Control
70c4ed93-14cf-4d4b-ba58-8aed0fc3efd5,Control
63d685a6-f2cb-4310-b7d6-0b63311b66b7,Control
1f420f41-b130-4532-8625-8017aef673a4,Control
d77017fb-2a13-46f4-a9a8-666f3f548ba9,Control
dcfcc67f-66d9-4d35-981b-6cc32556424a,Control
cd2798f7-ed1d-4a83-8e2b-2c9c1d9e71b5,Control
f825a680-35c0-4f31-b4c0-09e2ca048537,Control
dea8b16e-a8f0-49f5-8afe-6b17329d7ad8,Control
466ce04b-205b-411c-96ab-3dd247e000da,Control
59c87e8f-8499-42a2-b56d-d2cc675c735d,Control
4b2b362e-04fa-46a9-813b-5e95b3b50cb0,Control
3200be88-989f-4bc6-b112-63e613e1eb7a,Control
a0009779-584b-40e9-8889-2637f2be7a69,Control
bccf1e96-4ab8-46f2-9859-35608421946b,Control
f139baba-3879-4d73-8d8a-eb44e30f692a,Control
a2cabbfb-b71a-4689-a8bb-87a5b98594ac,Control
5e9159b3-f604-408f-b004-197b0bacae78,Control
ee0642fe-ffa9-4805-b564-afb23c6302ac,Control
c88956c8-cad0-4250-9840-0f7195475485,Control
1a1490e5-a67d-49f9-92da-94d0d819c84f,Control
28e0d6ba-326e-4ce2-b5a7-338136b8bdf2,Control
988acafe-4488-4074-8fd8-415e2a890e17,Control
3f33a606-bf38-4fa6-ab3a-95e03aeaa111,Control
81a436a1-adbf-4a5c-97ca-b5057892a32c,Control
76a5363b-b656-42f2-9265-9a4ab15db22d,Control
09bfb79e-95d1-4efa-ab36-af1eded902e2,Control
caae9698-af87-47e4-86cc-718ea09289f3,Control
ce55d8ec-2a84-408c-b383-f2addf09e54f,Control
95ae4107-1633-4f3e-9fe1-a36df35ab8c3,Control
da569165-9b31-4e62-92d2-41c31372b895,Control
25ec00fb-03f1-481c-8165-a08fe146f612,Control
14574ade-b96f-409a-b384-dc9871b00815,Control
c73e9b8a-3f16-48be-9ceb-14755b8bab92,Control
c60d0bd9-d851-4d52-924d-a45f703819ed,Control
bf935f30-9adb-415a-834a-3d90c5562c87,Control
1d0679c2-e253-49f5-a27a-9aee7d444a55,Control
ccf172bf-7399-43ad-bffc-9185502b2833,Control
8bd02b1b-0eaf-4004-acab-627504f76db3,Control
fbb0b97e-99b5-4a13-86aa-82e380c40aa7,Control
7a0e401b-8638-49c7-8269-80b34752a83a,Control
4afb3686-ba38-46bc-90c1-ad19db8ae396,Control
2f5efd98-62e6-46ca-a241-04dd305555fe,Control
acc67c63-06db-4902-8778-9d6dc2780188,Control
11ff1d93-c75c-4d49-89d8-8420923df8cd,Control
a52da2ce-22b5-4a9f-bd61-0b97334f9530,Control
39d82ae0-321f-47c0-919a-defbb75e3328,Control
5947d78e-2adb-48db-8c52-fbbee9d9b2cb,Control
225dd28c-67c9-4f90-b7b8-100d3f9f4fa6,Control
634a389d-5647-43c8-a928-3e9160ba11bd,Control
912553c2-8dd3-4f07-a246-929ebfbd3d41,Control
36d68c2b-4c5c-4c14-9cc7-a580f5a70e5e,Control
241e73f9-ae04-4674-bddd-7cb3dbeb8302,Control
8e1767e9-663f-4888-9940-51720bee0759,Control
551c3644-2b4a-4729-867f-a050a785c9f7,Control
cb0416d4-9714-4924-ab7e-561ef11c4152,Control
67f7b34b-7a5a-4de7-9d1e-e478e3ebc684,Control
72f61c2d-240d-47b6-8023-f5aed1cd3444,Control
b2fac246-af17-4f8a-8a2d-f03e7c87dcfe,Control
63fe6d72-9847-4739-9cb4-2c56aece501e,Control
67f27629-8122-40f6-8269-494a38f50233,Control
cd47f5aa-b416-476b-8a53-d12acbbe5e1d,Control
7c2dd5fd-fa0c-4695-b4df-d0297c692f47,Control
f8d643a6-e19f-4b1c-bb0c-be2e1616ee08,Control
e131437d-a699-418e-8865-6b8cfaf73479,Control
6648747b-252e-4152-afe0-3b8bdd7500bc,Control
bdea8eed-db2d-4f62-88c3-cd7e4cea5553,Control
7200a519-0abd-4574-8420-c393fd514358,Control
41907514-ed83-47e9-bec1-b7fc07d13c11,Control
4a429cee-bf07-4009-9845-8adb1e1de0ac,Control
04ac0271-0647-4e66-a335-4261902cf7b6,Control
8c2f4506-7ca6-4484-ba67-d623b048d40e,Control
65db9a4c-cbc0-4482-b955-0649cee3fad2,Control
9047aab5-7b0b-409a-9c85-dc5d9096ee32,Control
0ab6d612-1c54-40d8-87c0-bfeebe8ed51d,Control
e387cdea-76a3-444e-b6ac-898e2a808206,Control
bdf74fb8-a7ee-4579-9feb-a933e337b68a,Control
c77839cd-a6e7-41cf-ace4-95568e7504ed,Control
43b77043-8782-4999-869c-4fb4897a5b12,Control
299eed8a-12c9-4633-be98-3779b87637bd,Control
7b73ba88-f3e3-44bd-9dcc-6ba7cb50b7b4,Control
ad84ca4d-8209-4237-a3f8-e6a5c45b93e0,Control
30c8dd39-2ddf-4e32-b9f0-b851ecd8241a,Control
491fce3e-9d65-4388-8357-9081e973151b,Control
9a71e5c0-ddb6-4e8d-a577-829ebee6b37a,Control
5d93f3b7-6731-4bbc-a6d4-d9ce9abcd7a5,Control
bcf6d184-50f7-4f8e-8477-30e878b3bc37,Control
3f994f90-8585-43fe-9a50-0f85299242cd,Control
23897739-758f-4c92-8a99-14bb462c5211,Control
8f25572e-bc02-45db-a572-6547d990947c,Control
6dfde0ff-7300-4443-8632-ee2ffac72de8,Control
d646fe21-e1f0-419d-a25e-ee8e4434e91e,Control
0d3e9c1e-b9ff-4d83-9c10-045a1708563e,Control
6d2a7b3b-03b7-46f5-b09d-01ba2fd47bd7,Control
de1de0fa-eb91-4bfc-9bb5-26ef586125e7,Control
9adb655c-ecf7-4599-962c-10c3b36f01bc,Control
09287d97-e6a5-40b2-a995-28e065ef81bc,Control
371c925c-22f9-4b72-901e-471af082e884,Control
6c6b908c-9511-4f21-bba8-7562c9c3fb1d,Control
6e859b50-290c-472d-b34b-c39f2883f08e,Control
416ba03b-0a21-4538-b5da-1d3343bd2d29,Control
01dc729e-a9fe-4f2f-8db8-b09afdd9c762,Control
6d16bb8d-176d-4889-a28b-d5d6e4c53978,Control
5677f7d4-a5c8-404d-9134-41fcdd1dd158,Control
6eb005dd-8668-49ed-abb5-d9657a9b47e1,Control
c034a02f-4104-4f62-ad6d-e6fe7091d8c5,Control
72189f57-764f-44af-be25-b2f3147641e6,Control
1afb275d-e552-4a48-8e87-9c26fa7113be,Control
55ab00ae-2761-477e-a4e9-aafb4e402cc2,Control
1124256e-201a-4fa9-8dcc-ab75b5e36e15,Control
619f3be6-1800-4bc0-a156-fddd643da291,Control
c12c3ced-e40d-4247-a3ff-2a5ef0923e33,Control
d9a74acb-8dc4-4ac5-9eca-4cc85e72d360,Control
7c4c99ed-7371-4dba-91e3-02e7a8c6aad4,Control
fa0475e7-e4e3-4d7d-9a31-3cf11400533b,Control
b5eed219-f578-43c1-9b8c-9e4d1bd0ed8a,Control
1773721d-f5cb-422c-b77a-b73bebcb6ceb,Control
2e285f7f-10ed-4e39-bd90-c7ec2dc9c396,Control
ff68663e-ae42-49b6-ac5e-a06d78db3560,Control
643b7ba2-21ae-4551-a952-c8c7eb802783,Control
f938d78a-5659-4c91-8a65-b86e4c848968,Control
1535c70a-fa92-4aec-a3b2-c201ee607936,Control
9de13fd1-1f62-4a54-b3a1-19ba77f4d63a,Control
56d4a150-f423-408e-a1d3-5e733f9f8c47,Control
da1dd3d4-f6e3-4499-bba5-a76b3a2c1078,Control
aa8c421e-6b2f-403a-8bb3-d871cb195ca5,Control
3f912939-add2-4b00-a64a-7b4d58b7fb09,Control
da0e0062-f525-4ea3-a790-f677c24b96d7,Control
9cdc388a-13b8-450b-8100-79b343121ce5,Control
67beccb4-530b-4600-9185-1606a2e14dd9,Control
d848f22a-4b92-4468-bd38-8fbfbbdb05a0,Control
1685a8c8-25bb-48b4-b0db-169862c88fd4,Control
1c9f70ff-cb90-47e7-ab79-8f8a175f443b,Control
a00ced9d-f1ec-49be-beba-114e7a99bb53,Control
3b717304-c4c9-40e2-b32e-b4747aa468a2,Control
050d7102-4c7e-4470-b3c5-93334b706a18,Control
ce98512c-95b6-458e-b868-7c7995d6df70,Control
3625dee8-aad2-4f9f-8eb0-1efb1b2e7ac3,Control
3796b257-18fb-49eb-93e2-717fbfc0d08a,Control
74aee5e3-0cbc-4ea9-9b6f-a129920765ab,Control
7660e8c0-7027-41b4-9c6b-c2fe28d16fe4,Control
b88f0c1f-df15-41cc-96b2-65f1d3e626a7,Control
22f2aada-91a8-43a5-a505-2c6341fa41c5,Control
5862aa2c-ce5e-44bb-b20f-2b63bc9242d7,Control
3083fee3-7419-4b98-9b60-c9dd8f642ed0,Control
5b911b38-b017-4aac-a8e4-cb3e31d9c5ca,Control
7ceb077c-486d-439a-aef1-c5ed4d9a96df,Control
2f28850e-1c6c-45d4-b2fe-c3192d109e43,Control
80fe7b86-1c2e-49cc-8bcf-7340f7f6ecd6,Control
887c9266-65fc-405b-9ed9-260bc670ea47,Control
e66b338c-0f9d-472b-a37d-92104701a079,Control
16cbc9a0-ecde-4ff9-96a1-bac822fa4af5,Control
521e6ccf-a5ce-48ed-9fe2-c47d19307480,Control
3ddf027d-2313-4910-b765-4b5e915f2d87,Control
1dbaaff7-7776-44a2-ae60-8ee9e8dee3ba,Control
cbaebe74-1f4e-4329-b7a2-9fa505539c02,Control
060249a4-5ba4-436d-bd00-a241c97987f4,Control
2e0a44e3-b01b-4376-9f84-e4588c652bec,Control
b61e7d75-f9bd-433f-9800-ba8b406fa045,Control
88297bbd-e7e0-4c2d-8fa5-0ede8f06418c,Control
4e7a800f-38be-4956-92b3-6aecffebdcf1,Control
4adcf877-f79d-4010-89c1-5575d6b573de,Control
6e73bfb6-a79d-41c7-9533-6965b7842c3f,Control
dfd29187-dd84-42f5-87ad-418f395cd8e2,Control
106b36ac-3330-40f0-916a-97df0e5d2ab4,Control
c047eab3-85bb-4a39-a08c-cd2fc49afbd2,Control
90d2dcf6-a807-44bc-8074-ce0178f6c731,Control
94579932-689d-4ea8-8f46-5c21abb254ab,Control
fc0b1220-ea46-432a-8e27-b62dab056ea4,Control
492b0071-11cf-47b0-9fd1-9658773d2e00,Control
29bf3ccf-7dc2-4ccc-88a0-f316d41f6daa,Control
00b20d6f-52e0-4300-a53e-fb33cd351d79,Control
cbf3306c-6dbc-407f-9cb3-43c14b8586c8,Control
037188f9-33e3-40b4-8251-75b266ba9de5,Control
6bfc8a27-2bd6-4073-83b5-c59732676175,Control
fa6b65b7-c447-4884-bd0b-7d8e33543acb,Control
2fe8c049-b69f-47ca-abbf-d8b853415828,Control
4959a506-7c49-4ae7-b7ac-71cbe771221c,Control
d502670c-dc21-4eaf-80ea-6d1794a6729b,Control
a8a685bd-3e14-4161-825c-551c852552ae,Control
392d5b04-1d25-480d-a3a0-7f75a70a44a4,Control
a2b35626-2e98-43ea-95bb-90094ba24986,Control
3dd5eb9f-cfa2-4c8c-9346-6aae427d8f7a,Control
40c8ee0d-2a38-4bad-837d-66d9686346dc,Control
ca2b4016-afd0-4e65-b377-17352af64b27,Control
5dd77bc9-078d-4962-b8d3-2d5898e05d93,Control
e40c481b-6283-4fa7-8bf0-c05b43d1e2d4,Control
c130ece5-6d90-4ed0-b6c8-628508f56048,Control
e29e6f20-d89f-4b68-9785-64d526acb5bb,Control
7b307ef4-f84c-4261-a4b4-636386d22917,Control
15b5aee4-a3e2-45fc-89ec-0cb339193f7f,Control
5be71e22-ec12-4d35-97c4-4e728e161b63,Control
f3dd6b8d-3679-4e16-942b-139572c4880e,Control
22e02f7a-a0bd-43ca-a4ee-e91b083f2809,Control
2969f7fc-4b9f-4281-ae79-55fb9f0706a4,Control
dfb3f915-efd1-4aa4-8946-1fb95ee49deb,Control
62d29d9d-9469-49b9-8e4f-2e26c695cd17,Control
e928caf9-51f2-42a1-99f3-9148b5ec6b5d,Control
94e62b2c-94c0-4954-aa2b-66973fc29855,Control
90942f2a-f459-4bf3-910e-314731f02abf,Control
490cc682-9b12-4eb6-9c41-86cf3bd7e9ac,Control
52b4ec33-2a56-4feb-8210-4fb0f940c1af,Control
d53795ca-30b1-4711-be1e-c9c5406ae863,Control
811d4dc3-44cc-4d46-96f1-cd0830b92fc8,Control
95133597-ca80-453e-837d-f4b000d02203,Control
2a2c1257-d355-4556-80d3-f5a03ea4721f,Control
1dc51877-125b-4e08-83ab-06482bb43e38,Control
b6879c42-90aa-4e77-8118-e63870078409,Control
ef1c780f-59cc-4ac2-8331-0037ce013b41,Control
d98191a7-56f0-494e-b764-5df1f54605b2,Control
1f432ce2-535b-4698-8562-ef2552da2581,Control
e85d7545-523a-4630-8a0b-a2d619c75525,Control
a7980c33-bda7-4ec6-91a6-a8dacc3ad530,Control
64fe5520-a9d1-475e-8389-a4788ae18607,Control
70b1878f-c006-484b-bc33-76a95821b383,Control
1bd96db8-4859-4d09-a7bf-126a472e5c4b,Control
eb2d0474-8d3b-44b1-ac05-ce0d9dadaec4,Control
3ca4b9ba-92c4-4781-9932-9035694819e4,Control
d1629c8f-9a66-444a-95cd-794de42ddb43,Control
b81ff527-3ec5-47a9-995a-0474c2ea0a2b,Control
882aaaab-61ff-458b-8ee2-3bf76b644ecb,Control
7f9e161e-2cfb-42d5-bdaf-61776be7d5d8,Control
71464610-5b76-40fb-8094-68e0148bca57,Control
d02f4eb8-d80c-4cb9-9b4a-8c38cb2975d6,Control
1d495c3f-36c3-4288-982b-ef1bf4602bd3,Control
0cd7c8f6-dbfb-45c9-99c3-6b66298ff3b9,Control
a9a5564d-d883-47e6-98bb-312dcf224c52,Control
328fed84-cc31-44fd-ac28-cab78fdbdc07,Control
bbb0bb69-1fd6-4498-85a7-f50ede995bbb,Control
90abdf41-4e31-48df-a247-149d1ce6ecb7,Control
b30dd45b-245c-4c8e-9c44-c25b3a626b0b,Control
872b300b-f4a5-4692-a3b6-fea92f9be8b5,Control
957fc3a1-9d04-428c-a97c-dc3ba47e4e11,Control
6b728765-f016-4c20-b620-d57df2f2de96,Control
ba8d29bc-daf8-4d5e-a425-65b74df44bcb,Control
56370326-e373-4ee9-8d69-baa7a1b36835,Control
fc6569b7-1de4-49f6-bdeb-0e9d12bcb04e,Control
1794a3b3-a85b-4f94-9201-bd66e817b5da,Control
f7c271af-535a-46ae-9ceb-ba12646c8149,Control
2c086128-ff84-41e5-bfc0-12799fb951a6,Control
e8ca2704-22e9-49ed-88ce-3080dce0e614,Control
e9b1fed1-b78f-4606-857c-3be1a8df112a,Control
72d5ffdf-0948-4b97-abbb-e77a89735f06,Control
dff98e10-72bc-417f-86d4-48130084eadc,Control
d55b4387-c908-4139-b6e6-85fca6c6d66a,Control
2928c025-7198-42f8-9ba5-fc2ef185d597,Control
d163f613-7924-4816-8630-c892415ee656,Control
3e10e891-352d-4253-8b01-9a10f9a8b7c7,Control
ce495240-9696-4921-9f60-cb11985b9c7b,Control
b9ea95a9-b75a-4627-b355-49196ff80b8a,Control
b0eecd69-d4c2-43e1-a9cf-6167d7e65814,Control
1cd2d87c-426f-4789-b8f9-1d8946f47e0e,Control
d300902e-bbaf-4c17-bed2-01db78ecb05f,Control
374d4e36-f7b4-4147-af4f-2b19c7d57c1d,Control
01527015-18ac-4a1f-b41f-17bf8f86d25e,Control
e7ef35de-ece0-4854-8b38-5379bd94b975,Control
f79ad0d0-413d-4c4f-96ec-9a13531cb505,Control
70fa9b99-10b1-428d-a3bb-a35668781501,Control
df9576be-3c0e-460f-b792-2bbb6670cb8d,Control
2aad6af4-29f7-46c7-94b9-26b4570d92c2,Control
1bd2945d-b569-4a19-8adb-144d2d31649a,Control
efdcc507-68d3-4106-b562-91f91995dd5e,Control
ee2d4859-0ec7-4b04-b291-6615fe78e548,Control
114e978a-c3b9-4829-8cfa-a38505022d99,Control
60c521fa-650a-4123-aa89-b2a6d41a3000,Control
0921160e-6c59-4be6-a5dc-1cdb26fa7d1a,Control
f12daac6-af3c-4a1b-b15b-a5b5021fa9ab,Control
65ba0254-5c13-49bc-91b0-036bc11f3565,Control
987b1d78-0847-408a-a666-bd71d70585e0,Control
1f64666f-822f-422e-adc3-137a56a1dd32,Control
a2bbf5a4-251b-429e-b965-4c78c24be20c,Control
d2c2de6d-87eb-49bf-adc5-cc4db4030384,Control
16fa8632-dc25-4813-b9f1-654154999c9a,Control
1e2d46e8-8f2f-4cc2-adbc-85ece31cfe89,Control
9707fa42-943c-4fa4-a33b-dcf24c795aa2,Control
d1dfb9d2-3504-4b98-88c6-3e976fcfc3f9,Control
cb0a69e4-adae-4e5c-9e4b-ca66f4b38691,Control
1c74483e-2bf2-493c-836c-324a3356091a,Control
4bd02da0-a267-4c5d-aea2-c25f11924d96,Control
b449f0ea-8400-4fe1-b49e-6fb860000261,Control
f2a6ffdb-b244-473b-9d60-7607bf705b24,Control
c42898c4-c353-4285-b4ea-f714c675aea4,Control
cfd71d3b-b910-4953-8314-87d9fdc0f205,Control
35f5ac51-321f-4747-ae35-3e1649fcd8d9,Control
77e12128-87f2-4e15-b52d-af7d620dca13,Control
89510383-4440-4494-9814-b8c450ac53ca,Control
d6d9e884-947d-48d8-932f-c6fb9dc03e3e,Control
6e7071d0-1ad5-4c12-9d2d-e346a38647f1,Control
d9bfa5f1-2f1c-4cdc-859b-e36626145d83,Control
295baa0a-72e2-4543-bc83-646e1fb9158e,Control
e8990d02-ab9c-4285-81d5-db9637a0eeb6,Control
746cf219-c38c-45ea-bac1-3c1a73dafde0,Control
f3f675f5-5329-4a70-bcf1-d49e4c1317cb,Control
e6bd3190-e43b-4591-8f2d-4deb47408bdd,Control
46365b24-f12b-4617-ba9b-3626144ba4b5,Control
7be58301-84a4-4adb-9dc9-8b6e82fcd99e,Control
70fb1718-2041-4f90-9322-23e3373228e0,Control
fc7614f7-ffc2-42ef-86ec-2bd931d92a9a,Control
2773326c-537e-4841-8a27-79b7ae96074e,Control
18c0903f-871a-4f2c-ab9d-b60c74a680b0,Control
313f8442-ba37-40f8-a566-8043ea125bed,Control
380b0744-e174-4278-b2f1-94fc462d630c,Control
bddb1195-3991-45f3-907a-abf4c0762528,Control
5e7f0501-daf7-4d2d-aa2e-8c6d00b201cc,Control
c3e17dd0-85bc-4952-81c5-8de87523b70c,Control
7de0f8f2-a73a-495e-8719-e5d8300beda3,Control
9263465c-270c-42eb-9e07-b7b57f933e4b,Control
72ecc32f-66c7-4658-9429-d229649d98e3,Control
21f1fabc-246a-46bb-9fcb-3939b78182a3,Control
87338836-4791-4b20-aede-0eeeb22a0e6b,Control
0bbef2cb-2a9a-47fe-bc79-9812e7d9c13b,Control
5c10e9e7-7dbe-45ed-bf7c-601794066182,Control
6dfad583-6736-4ca5-b00b-8900398c1e4c,Control
6aa1cbd8-6e2b-429a-bc4a-e48954959046,Control
a6c03fb7-834a-462d-b7b9-d5e9936a3f39,Control
afcf285b-0fc2-4d6a-83e6-08f6a2c970b7,Control
ba4360d3-7442-4c76-88f4-323a24c53e70,Control
dc85e256-85d8-4d3d-b75f-f23286734aa1,Control
77a3973d-d254-46a7-9c6c-6ea28eed1cc9,Control
b885ca0d-f4be-4da6-b609-94e5a5f6f286,Control
9031edb1-0d00-4a0f-9d5d-63322496c89e,Control
44569ca1-a2b3-46a3-b4d0-98021c9768dd,Control
8796c633-1da5-463f-b560-e76b6cca33f9,Control
dbf8c5d5-8be5-4ec6-932f-48d050b73fa5,Control
b8ca1e8b-0944-4a18-820f-08f5ff4385dc,Control
53bee59e-530a-4f14-81ce-f5b26c0cd698,Control
676a4ebf-5fb7-4c7f-a544-b6390e33a15b,Control
ddf50eb4-11e4-4976-af98-38e351c67b0f,Control
ac286244-6d62-4a35-8455-8f220f3cbec6,Control
ee74d6c6-6614-4031-ab95-5a2e77855c95,Control
88091c4b-b531-4fb9-80d7-4c2b55ca4230,Control
37213c36-0482-4c5f-9afd-7df8689d6f46,Control
7f1ccc27-bd42-4cb5-aba5-19451e33730d,Control
9827e124-7ba3-42bd-b786-cd6cb6c3fe4b,Control
556b5c14-9560-4110-aa59-078d086804de,Control
d86fb2f4-a408-4cb7-a6b0-d0296f227364,Control
41a641b6-422f-45e3-b338-7030cdb389a7,Control
a094b3b1-0e0d-4fe8-bd81-682838ed5cd3,Control
646e138c-2f7b-4ece-86bf-c7bbe12f8baf,Control
5f71f6a9-9268-445d-b304-0b37fe003040,Control
7fd78d23-168a-4d85-8200-eb889c62ddc3,Control
2faa5f10-e545-48b0-aeab-66b7c2fab7cc,Control
0bd1b41f-a37e-4a89-a683-0655f4bed618,Control
9b2f4be5-5e55-43ec-b5db-92d6d856566b,Control
183e9a4a-61fc-4582-a9d7-7a4201d17463,Control
0a5fb3a0-61af-46f5-a245-234bf10a8b5b,Control
94b67b36-dae3-44d3-8609-0d8d7eae26ae,Control
640f5114-60a5-403b-b583-57bc23cd19d5,Control
96ad4ed6-f58c-4501-b84c-f0e5b448c5b6,Control
65be075b-0329-40b7-844e-46bd045c4b1f,Control
d72d7da2-d6f9-42dd-9878-223e2eb43c95,Control
156639d5-3a59-4391-b53e-a892d879e04f,Control
bd2b09ba-7b60-41df-acb5-4534439f3e75,Control
543ef230-8128-43e1-8c82-3201984f27c6,Control
2ea7f81e-23d9-4639-a522-9aab481d111d,Control
93653d41-55cf-4aa4-94d5-3cb8fcefba7f,Control
bca1ab38-4d5e-4dd1-9f59-596d5e03d842,Control
276eea6e-285e-4932-b31f-d12a94876d61,Control
4bec4ae2-b6b0-4cab-ace6-fafd364afa4a,Control
cb409052-0be4-41ac-b6ac-0e7755ddd4cc,Control
347a8253-36ef-46a7-9863-56386c5b9270,Control
d904f7b3-217d-4331-b20b-41fe158346c9,Control
e9ec5c38-54c2-43f9-a465-66a331d18cc6,Control
e1d815dc-fd49-4332-bbe8-571e85de8d3e,Control
27c31241-0a89-4c4f-a5e3-714ade9352e3,Control
95cf4270-89a9-40da-ac1a-611ec19f1301,Control
00699d7c-d020-43d4-b424-1a0b71ea3064,Control
96512d05-48fa-4c13-a5fc-59d74f0ef6d1,Control
648b2d44-5106-4137-903a-07298aeee32a,Control
19c8a523-3f10-4858-aef4-5fe8abd6049d,Control
03a4245c-a12d-4bc5-b8bf-7ee3fc27cf06,Control
850db331-73ac-412f-8d4e-2deea885dcc8,Control
08fe0b64-3059-4e5f-bbba-d5f3e7dca23c,Control
6bce511e-670d-4ee5-ac68-ab3649ff80ff,Control
71635a6e-7c8a-441c-86e4-5262b8a5c50e,Control
12f8dccb-eb22-454e-85c9-939e2d3482d3,Control
f1e5df82-c812-4545-b4cd-d2b5f54fbaac,Control
a65a10ec-b918-4084-a0b7-7b83364a99b1,Control
3c569a88-5109-4009-a19c-db6cbe7cbad8,Control
0ac3069b-6bdc-43da-8d08-e59175bf72f0,Control
5f8ef347-963d-41fc-be2d-92ab92d0dc77,Control
5127c867-486a-4e44-baf5-ab048252b5e7,Control
74177d56-e5ea-46d9-829e-48d85a3992cf,Control
4e4dcfd5-cb65-47ef-bdbb-affe90e570ea,Control
cc843700-be78-462c-abbd-8420af162b18,Control
7b45da76-a352-42a1-a634-768ca2d1c735,Control
e22b228f-bffc-4c7f-a327-40700602db99,Control
51dd945a-ddd8-4c8b-8caa-98971f7664e2,Control
63686c0c-d9df-4b08-b048-d88690554f40,Control
e852d945-63f7-47ee-8b5c-5b83d34e2e39,Control
4640b3be-576a-4a9c-b6d5-0aefe15938d3,Control
aee28148-776f-4227-8605-38b59b7c8dcb,Control
f5f0bf7d-ba78-4651-932b-45d42abe73d1,Control
61e228fd-e9ef-49b6-bb58-38d794b29658,Control
2e9bebe9-c8b2-4325-8a9f-90d04c02c802,Control
a6315a96-c473-472a-9793-2e7fa962577a,Control
acd5011b-dc7e-4532-9764-1c9cb03cf6a7,Control
a141f863-f66f-4e0b-a3d4-d9b7aceb0e11,Control
86846fcd-60c7-4781-8e6a-fc3db84fed26,Control
157edb1c-55eb-442b-9731-db6f3a4186d1,Control
711f6dc6-06c1-4bbf-81c8-4670510babec,Control
0164e8d1-be09-4564-a581-a05466d33a19,Control
e22c20d0-267e-4da2-a0e0-2cf465b3f75c,Control
d41d3079-2c4b-4266-af45-adebf82977d1,Control
5f0c6824-d06b-4d5e-80af-deec059c6fb9,Control
5b241062-5584-4a21-bad1-66283a5f751f,Control
92573c24-5c0e-473b-bb89-ce3465542f6e,Control
9baf7f10-7ff4-4983-9a27-e97b01ac92e3,Control
5674ec5b-2915-4792-8a8c-7aac2dfe532f,Control
04f507fa-870a-4bfe-88cb-ac64a1094cde,Control
5e83c10a-95e0-41f0-ac88-b08115066d35,Control
bdae39ca-a154-46e1-be2c-de81b6faf137,Control
2be6264c-41c9-400e-84f1-e8216e02f378,Control
4e0e3f46-11a4-4654-a2b1-17abbfd5cf30,Control
338b7a00-d958-470e-bc1e-76bde93e28bb,Control
e3ee6daf-73cc-44d2-b844-ade0ae956bc5,Control
c362336c-7fe2-4e9e-ab5a-cfab6f47207b,Control
0877f4a1-c6dd-4ca1-905c-a38dab0c1846,Control
8dbc6e7e-5d9b-4b72-bb28-db22a2d3ac4f,Control
9d489b1d-a94b-42c0-8680-4e2bb610ac40,Control
8258f23a-6bff-4fb7-b4c7-99ff3979ec2d,Control
2e9d7f00-bfc8-45dc-bf9f-9c0d183aec20,Control
5312813f-b034-4fef-9f80-a0ce84d9580f,Control
4b13d3f5-e60c-4ce9-8214-782652b7644d,Control
2501c034-83dc-49b1-b253-f52847bdafda,Control
481569f8-2e99-40df-a73f-31eac8686b47,Control
9c23c572-9fff-425f-bcdd-7dbd528e2cb1,Control
b56feae5-a434-4b1f-8b02-994ee8afcc70,Control
86945785-de25-4f48-b8a3-91ecbe959900,Control
fef1e7e2-9773-4dd7-8d6a-09bd182d0abe,Control
f0ad2d11-2556-489a-be80-1d36f4419c62,Control
6a3ccb98-749c-4cf9-ad48-c4448a353c13,Control
1eacb5b7-3c19-4fd2-bf1d-7043d9ba2540,Control
09845be0-c4fb-4465-b79d-6d1659c69ff6,Control
e2d36467-b5c5-408d-a6bd-c583d0903af0,Control
90828585-0f35-4d51-ba36-efaa4e85bddc,Control
1cafa128-3823-480f-8ca5-5937a8f04542,Control
d09118e0-efa3-4956-b1c9-bb65622ae2d6,Control
79636ead-a5e0-43db-a15b-1479977cc116,Control
47cbfed6-6170-436b-9a58-2328d26bc1e0,Control
b1a63d6c-c006-4d14-9876-1ee4eed22aee,Control
17922b38-cfca-47a7-8af8-9b554ccb8d99,Control
951cf8d2-5fb5-4427-93b9-5e6a0323bda2,Control
6a0e1bbc-e0f5-4814-b1ea-e507219a4682,Control
951a63fa-937a-4b27-a7b5-58e80fcc8fe5,Control
1d329686-5bcd-4c48-9422-ae6b15574a6e,Control
51a43d41-3ca0-4684-9796-8f6620e9fcc9,Control
e90e478a-58fc-42f6-af25-cb3d3e481625,Control
ad8f0eae-3429-47e8-8b51-51b095c3918d,Control
51c479a0-793d-40d1-90fb-2873bfffa1b2,Control
2ecea602-d2be-421f-907a-effaf622c4b4,Control
95ec3ced-7d6d-4691-90a6-04dd061fb89d,Control
5fa6c3f7-f0ab-4afe-b0d0-6c770a1cf34c,Control
398de246-3949-48c6-96bb-825d664a9dad,Control
601ba7ef-09a2-4d6b-929d-270dc7171378,Control
b0c1815d-6274-49e5-8baf-9d0825ae877e,Control
ac2d7a4d-4107-4711-8a91-2613360a3c4c,Control
97788828-e410-4156-8b24-c047542b2584,Control
e430d895-6a45-4601-8c12-c40d311a7957,Control
fd87ca5a-2033-4ebc-9ac7-9ef8d4bd14b3,Control
f221a2ef-4aff-43a1-97c3-90b30249de1f,Control
fdc6dbbd-c5b7-49d3-8d85-6b3303201e2a,Control
bd4d8bfc-3694-4cb4-b752-62c401a6616e,Control
b9d2b63d-d8cb-4132-a8d7-875474bdd478,Control
da94d832-99a9-40aa-bac1-4d0c0f4e2873,Control
e0e1cbc4-7bfa-4e16-9be7-d1608bc27b9a,Control
016f745e-7064-49d1-aa85-afec3bc63889,Control
d585a26f-ac2a-4d6e-b672-db7f1dc5383d,Control
aeaa6315-8d98-46ec-9900-c437c3d290aa,Control
b3d6b142-3bf9-4e7d-9f0b-e45995b94f97,Control
0a87793d-bc8f-4385-bb5e-7240707521a8,Control
ac63d4c6-4d1c-4e17-b316-f9d133c95d04,Control
9c8f20e6-aabd-4e67-8ab4-a1443f4631f2,Control
86bfea0c-d259-4af6-8937-c6f918fbcf61,Control
f1f4b05d-2bda-4d57-888e-2a65e588404c,Control
dc2e2cd8-e04b-4955-89e3-6aa0212ad13e,Control
6a6c3df5-dc71-4364-a967-7629a2fddf15,Control
fb6bffb4-19c8-4c3b-8c45-2f382c06cf66,Control
84f16152-cf53-4498-a10f-bd4f8f8c32ba,Control
fa0b1bd4-a5e3-4b57-beca-7475f6498f7e,Control
f958613c-6856-4e82-b61a-9bd78c1a4254,Control
1ea88627-992c-4bee-9a52-6ab00b7cfff8,Control
9c9f1dfe-58f7-4e4a-9b7d-cadde44f173f,Control
df533329-e540-4543-b321-c51bc60453f0,Control
28ef82a6-699a-4a4c-8f59-bea9409136d4,Control
53f0a1cd-687a-46dd-ad54-941379262a53,Control
bae0d4a9-abc4-4cc3-8e8f-1df7cfbfa2ec,Control
058ce4b6-99b2-4ff7-a316-f3d59e89f84f,Control
ba7a6137-3004-41d3-a772-83ecc3266d3e,Control
56782f0f-ded7-4fcb-82f5-07bbaf306af8,Control
336735a0-0892-42c5-ad7b-3cebccb0e60f,Control
5f3dc457-fb28-46d5-a45a-0681a3bcdfef,Control
2451f790-63e1-4d5e-9a88-6cc6d24467b3,Control
93e3fbab-899b-4be3-bcb1-eae601320110,Control
59caab54-5c74-4089-9760-18ac0ea66c42,Control
5ad09b2c-4412-4b46-84c0-9ce22069e405,Control
9e82c104-4125-430b-8bde-43accf7f6d08,Control
6075457a-ae80-4406-8c59-7887fdb988b0,Control
db696cc6-8f07-4961-a8bc-9cea45e995e7,Control
9e487caf-45fb-49d7-902d-f7af8b341268,Control
eff5e004-1acc-4294-b3cc-5ee393366522,Control
3b9a0702-0e69-4119-b940-bcf9a8fc66b1,Control
99c8f033-10fe-4859-bc71-914ef0310358,Control
0674cb5a-f031-4258-b620-37fc9c539617,Control
3c14fcb2-e828-42f4-abdb-aca4285f1e06,Control
f87a0121-b414-4000-aa4b-919d52d7c92f,Control
aa8617da-6c31-48f6-a612-fc5e398ecf54,Control
964df81f-d048-4c4f-a75c-478c0b38e575,Control
45eaf684-0a57-436c-9723-a39cd76a67de,Control
039dee3a-e9ac-46c2-892a-32ef4f736f6b,Control
d2a6f030-75d7-4ff6-b160-fc6edaac3f02,Control
ce7522ec-548d-4906-bce5-30d5d7247f64,Control
3df40647-ef00-471a-adc7-f5c95ea6af86,Control
936687c6-a27b-4e80-b336-174f0e7ed3b0,Control
e5cf9d04-9a30-4ba4-bf0b-48c024ba60ab,Control
d19e91dc-55fc-424f-9d65-73719ba581ee,Control
f5aaff29-b0de-4d8d-b564-12621b21f70b,Control
eaffef40-8ad3-4fd0-94fa-3cb52602fec9,Control
9b813b42-6e6f-4ad5-b80d-1365ba678403,Control
6e12e07c-cef2-4786-8f7d-e98e73d2576e,Control
f2f935ed-73e9-48d8-a409-d4d6878a8a20,Control
e0062809-5047-45d0-8d43-84891669b41b,Control
eac557e5-6a0d-4914-8b54-cf2a0efc03b2,Control
f946171b-dc6b-433a-b583-2b9172344fc3,Control
ee2312eb-7f5d-42ea-877a-56d620cba733,Control
db6078f6-08c3-4934-9a7c-c97737179b4a,Control
f9782b63-421d-4095-8e84-85ff3d3122ae,Control
aeacdc4a-eb2c-4091-b5bb-86b1ad549ff4,Control
ddc1e87e-5980-4045-bdee-4c41fab34eab,Control
67cbaaed-e415-491f-933b-d6cd5e779851,Control
ac13ccb2-97bd-47ba-88ce-299728832a29,Control
8d915536-0d91-4632-9bd4-c0d08898ce9d,Control
c1ffce39-861e-4365-a4a1-f4d9f7585cbf,Control
354c26bf-2496-4dc4-9e9a-0408316c074d,Control
dd004057-fdd3-4f52-a2ba-947329a38e75,Control
4962fccc-a2ec-438e-b256-f57d8dd05a9a,Control
0e01efc3-4a2d-4ceb-bf5d-2fd205b933bd,Control
2e174b0f-ae3d-48ee-841a-66aaca7c5d63,Control
4065a809-e995-4608-864c-133c459a478a,Control
d8443623-992d-4328-bdbc-8e6fe7fc9e52,Control
55eb2c2e-5e04-4b48-a49b-ef9b6bec254b,Control
9e20e7de-8ee0-4b84-a237-86f739d7a166,Control
02f3df8d-cf05-4ad9-b239-07102b141b44,Control
2a524c3c-61f9-4927-9500-1c9eaf80db85,Control
808c3f93-cee9-4364-9ebe-9121fe4623bf,Control
87d8bf00-139f-444a-add4-dfe0ff82090f,Control
c935721f-c5e6-433c-9c11-0f3bc49b2ab4,Control
3df9fa2b-7dd1-409b-b51b-fd54767b71ea,Control
f2222ee1-a833-40de-8608-0c4574c828ff,Control
01606286-a7f7-4097-8f59-e99974b15455,Control
3c58d066-f309-4c1e-a349-3004779fa658,Control
c4fa9655-3768-49d1-8865-7490d1b64892,Control
bc8810d8-7082-4854-a400-5365a4438814,Control
e38db778-d6d9-4bb0-992d-82c6280f40ff,Control
36d8dc1c-8e84-4db8-9855-2d2cec9a912d,Control
2c198052-56c8-42c9-b36e-54f1bbf40619,Control
21eb8aa4-f9c9-4734-8f62-23a9104535b2,Control
256a47bf-2215-4763-b13d-2328a61c033d,Control
43c6de6c-913f-4cce-8783-d8895d407fcb,Control
9bc3d8d7-75cc-4918-a8fb-c9f261d3f1be,Control
33704b65-f9ac-40f4-9c99-9006043497fe,Control
1da3e3d6-5380-48f2-9cd4-c9045d856d81,Control
e413b839-8a85-4e9b-a088-f7b5f2924ba3,Control
be7e5bc6-3999-419b-8b7b-3276c4f84560,Control
615e1680-79f8-4598-9947-d1f888dd7bca,Control
0f96fabb-b9be-4b2f-8acf-bfa0372fcd3c,Control
ec892502-3d3c-45ef-8572-584486114802,Control
1b8da843-c273-4456-af77-ee289ad0924e,Control
095096c6-9e0b-4c98-bf38-b7b1893a5461,Control
68d2e629-0d15-42a9-adab-3742abfb3f7e,Control
09ea9eaf-98b6-4bc5-ad50-17a55b366139,Control
7fa8f91f-a29f-4e6b-acbc-66e4f52a8b86,Control
8457a450-26f0-4196-a906-d867363bc0de,Control
fd5280dd-3f43-4056-8f67-a4cac41757e5,Control
fa4d7826-0090-4379-9a21-05429ced6f68,Control
61d82293-f744-49be-aee6-2391060f1aaf,Control
2ae9649b-767d-468b-b56c-ff8fcc5bf142,Control
e0250569-9f08-4035-ba43-532890d810a7,Control
d605724a-dbe7-446a-a481-270016a67338,Control
f39bbb3a-22a4-4b4e-81eb-5920bb5ba26f,Control
b4e456bc-201d-4830-aa22-07978531f1ce,Control
d4c2700f-d935-476d-8ecd-d88503241f0d,Control
0d7cd682-d904-4287-89e7-34d5d4db6350,Control
08a1461c-c398-47c3-bcad-1245830212c9,Control
e5d8d749-9986-4692-8475-1878bccf937e,Control
0cda40fe-ce8e-4d17-a92b-76287ef29d35,Control
29f2586b-8852-4858-b020-0885b85bde5e,Control
7af879bc-d45b-4aad-a29c-1bfc520d338b,Control
b944f2fd-7205-4348-98e4-c50146dc46e0,Control
d66a21db-7853-47ee-9665-e8fed6f71dbc,Control
32737b5c-1e82-478d-9a29-cb0698d334ac,Control
46c0b3f7-79fe-4c25-8765-528e7526dce9,Control
cedaccc2-2391-4b49-b668-cc5685412698,Control
da4cf6f9-830c-43fc-9f59-4775999f1d3a,Control
dc048cbd-2e9b-4b82-9aea-c2262b4439d5,Control
8cc73381-2648-4a3e-9536-8e3918532fbf,Control
3c1f5955-42f7-46ae-acee-034225233cfb,Control
eb4e8205-dc9f-4ab5-b87e-19af66a134b5,Control
d82fde36-9d45-4594-a4a7-3476cce8e2dd,Control
2b4ef597-8cc0-48d8-a7a2-cda28144646d,Control
507fe40e-44be-4226-ad81-c02df9bf3b6c,Control
e17efc56-f4db-432d-bfb3-ba490ba25121,Control
a0de1664-b50c-4d8b-bdf1-63c926dc8460,Control
873ca5be-4d21-4c77-83dc-194385f4245e,Control
82ded965-a3c2-4c45-8b3f-5f5b5da1297e,Control
2874f036-c130-4e8f-81e2-ed0ba222b891,Control
de0f108d-e4e4-481a-9115-b033ec16a60b,Control
c5c39feb-70d7-4271-9709-6fed8e5b8400,Control
2deb87a4-713a-4c2e-85c7-555cc432d5c9,Control
8b317144-2b2f-484a-9ca1-447d8c24944b,Control
5e31778e-ae16-454e-8849-2693525f0f5a,Control
49e74b5e-4c37-4248-b005-44a7b23551cb,Control
9dd68a22-d141-4fa8-9c56-0440d0b1b4cc,Control
efd0dfdc-78b3-47f8-ad14-e29acedffa5f,Control
210d53b4-f514-4e40-8228-808a84819264,Control
b8556477-dae8-45f1-9d77-bc73b2cc3067,Control
c2928ecd-448c-46cb-bb0f-3ad48781cc6e,Control
d0f4790e-1f43-46f5-a07d-1d7e666aca3b,Control
efee32d0-1328-404e-aede-484e7ab54271,Control
dbb793e4-9173-4691-a851-f61d626cc617,Control
dd94e0e3-69ff-4571-b97c-2894026a1266,Control
ac839232-5335-4894-850a-3868bf694f78,Control
c7f86e7f-d5db-4216-9ca4-2a33366059d9,Control
e5e51473-1fae-4c9e-9dfe-8cd112a2b190,Control
c9836407-6ce8-4be5-8e65-b2e3212de23b,Control
31f433b1-392a-4b3f-9ed9-fd4f5bc91d44,Control
5eaa5ddf-b7b6-4783-a877-361c94c92125,Control
a0a6c341-fb5f-463b-9f21-a8d63361c330,Control
6d129e34-6744-4704-bd13-d55b36004149,Control
c0d8590b-e44e-402a-af7a-fccda30c287d,Control
b5e950ad-c918-4275-b152-7544f82eebbb,Control
9f2b188f-d9a5-45b1-ab2e-97d5ecae84dc,Control
72d9b7ee-d7b1-4992-9eca-371844b3073f,Control
c87eb6c0-b682-4f92-a085-c624fa39b266,Control
d5edf342-9422-4901-9cd6-ace652239a3a,Control
8e60077c-0849-4cd8-9609-7f8217859c08,Control
eef30de6-2c97-4a4a-a0c2-0f6f0d51bbd5,Control
2e35ba1e-8555-4823-909c-f64a9cbab532,Control
2c8ccae1-4ec8-43a8-b02f-2692fcf56078,Control
29e18721-7d1a-4063-9247-e134409efe18,Control
1464ed2c-2b4f-428c-b76d-c14afff457d7,Control
5e116edd-f883-4a90-8578-94f47edec733,Control
bdb90831-f6f1-4d3c-a9da-731ec6d4e785,Control
7bbc2c91-2653-4351-ac9d-73b62e0189b9,Control
630fe77d-39c0-4684-8499-5af546accd51,Control
67c87792-7efe-45d3-a9f3-e9f550932474,Control
8725a3e0-ce96-4732-bcb2-7e28985dd76a,Control
430dc09f-ca59-4f10-9e82-315fd2d701bc,Control
dc2a589b-f976-4d28-bec2-56328cf72ed9,Control
26c0a58f-baad-45fb-8111-7c4655a238e1,Control
a9b6c3e6-8be0-43a8-ab57-203bbc9869f7,Control
cf9e5386-089a-4fec-8fa0-3d61a5759da3,Control
5f327800-794f-4e74-a3cb-176f82bc9ed4,Control
a066c0b3-4778-41f3-968b-6f51595b05c0,Control
76051409-ea8f-4439-8aaa-a223d8f8edc5,Control
48edb766-a279-4580-8568-a1c7ef5cd879,Control
b6836300-c334-4cc8-91d3-c21c5f4320d2,Control
2537ef14-7bb1-4600-9298-10d1a2b374aa,Control
13746930-d5f7-4a82-9220-f39b0535f65d,Control
42863d7f-f756-4305-94c2-01c60dd75c2d,Control
900b7dd0-0cc5-4f22-8be2-edf93c96f078,Control
311590bc-d78d-4ed9-8c6f-0ce0fdf2bb2e,Control
d80cd343-2b64-46dd-9adc-8b37d16e2149,Control
a5955282-ef29-45fa-b3d5-e67449890a19,Control
fd70a127-07ae-453f-aaaa-2aa744794538,Control
51d35940-a276-4b78-a12b-f1202787dc4b,Control
9dbae23c-0baf-40a5-8e2d-73f7e2233b2f,Control
772fa826-9389-4aa4-b109-4c69d004bd6d,Control
ec286448-678e-4c36-b99b-85a607e41d0c,Control
162ecdb9-d62f-48b4-a32a-4d7604160c41,Control
76c6cc31-bc95-4775-84e4-f9b75dc5ac67,Control
befc3b9b-5367-4d97-9334-821715fee730,Control
b16d21a5-650a-472b-ad6c-3524e1b5c2da,Control
6190af8d-b07e-4c8f-9c2f-fa8beac14a78,Control
766c3ac7-d028-4ee6-8cfd-c41acf1a919f,Control
445aa231-ae70-4a41-a94c-6d7463834a58,Control
045e7548-b827-47f0-b603-262c1260c6fa,Control
6b799eb0-042e-4f50-a0b1-f13f1839e991,Control
ae963c39-1ea9-4eef-bcb0-e18b52f61b1c,Control
2cf1edbf-58d2-4295-977f-4f3401127580,Control
9d2a57e7-52ed-416c-a02f-3c6594cbf3f9,Control
aaabb110-d76d-44bf-b618-fe006c8eaf8f,Control
cb8592d3-47ea-48dd-8072-3e3b5f2d7c39,Control
8078513f-fead-4507-9422-b2f889e1b21e,Control
4ade3744-7258-4f39-9135-023a47569e98,Control
7f1eca61-c42a-4f09-bb29-d98afa27eaa8,Control
1484502e-461c-46d4-abd0-1fc1308c7caf,Control
ca258ffe-405d-4088-87e6-bdea74d0dc73,Control
30ed2dc7-c1e5-4d5d-8aa6-cd82842b1753,Control
a4dd42f8-b0a9-4ac3-befa-6f596e2f83d4,Control
b2a6bfd2-dfac-4173-bf57-f413328c49fd,Control
a29b1cb6-29b3-4004-8b96-e99f85e60f10,Control
5e65ba26-c8b0-4bf8-bdaa-f40a77d63d53,Control
b9abb4b6-e717-4de5-ac0d-600d90245eea,Control
05405a1f-d9dc-4a44-a95f-7f79be273f73,Control
c4231592-9032-497c-9e9b-dde85c212063,Control
f95c2600-950f-4c73-9297-554d505260b1,Control
e9e15836-d91a-4ca3-86b6-083d12fccf7f,Control
7297e1a2-7d53-4354-88f0-cdf2a3413724,Control
60dae69a-e2d5-4d91-bbfb-f6e037ded7bd,Control
3fdd4e65-4a46-469c-8870-1ee5496dee65,Control
989a1b8c-9aee-46ec-bcaf-638b759647d9,Control
ae3b7a1f-117c-42cb-a2d5-5ceb1327a259,Control
c28776f7-4413-4f5b-9b98-f2d24977b82e,Control
4318b194-d8d7-4d6d-a07e-f6c161ee8de6,Control
b77e4119-f38f-4094-87fa-5603b8ded002,Control
700092de-90ed-49d2-af48-b5d5b5392a65,Control
b8baa14d-6d6c-481e-b3fb-3ccefc22d1b2,Control
08cf3ce6-74ef-417e-810b-985b5e902c62,Control
9f52a58b-3315-426a-aa23-cc8d26f433ef,Control
e6ecb06e-a898-4deb-9191-b4c0601af7bd,Control
48c7ff10-dc2e-467f-b7f7-74e89cf3167b,Control
a23b9765-3148-4c50-a2bd-fccb8205de04,Control
7dc77941-ad15-49ea-9bf2-26277cf37334,Control
a20797d5-0047-48b0-aca7-b4890206d325,Control
b27d38be-1bac-4e12-9d8d-3dae3fe0cabe,Control
41dba71c-0373-47a8-a8d3-5d2f2fd85e6c,Control
b12bd185-b59f-4ff9-86ac-56bfc2d4b6db,Control
d638e623-a67a-48d1-96d1-0795e1304484,Control
15d285a2-d561-4575-af90-a3557df8488e,Control
a01bddda-c7da-480d-bfaa-16d98ec63a99,Control
5b9b4f17-a168-44a1-9727-4b8abb1f8ab8,Control
4bb2f35b-25b1-40b0-a880-c38e56cdc4f8,Control
2ca5cb44-4ef2-45a2-afd6-aaf379e3368a,Control
a686a303-1840-43d0-999e-6ce87e225727,Control
8c3f9a55-110b-4560-a4c0-42d099eaa524,Control
ca057952-8aac-4392-af9e-32c1c23f3e16,Control
26a86db8-d915-4089-8a64-4eb9bdb92a91,Control
6aacb792-e0c5-4f51-ae00-7c95969b4692,Control
4d69137a-eed3-466a-b779-d3d76be4d0a9,Control
8b9d22aa-1a4a-43c4-b56d-1877dc517f05,Control
40c642bf-4f53-4d84-8edb-a9bde9033777,Control
c16f2da6-dd2d-4c50-af90-7e2190baa7d4,Control
57677583-d809-45cb-adef-b5dc0c259922,Control
428ed9cb-66f9-4762-a38c-2410a97b96d2,Control
5a0b5833-c4d3-443a-87b3-00ccd2737633,Control
51233075-8aa1-4142-aae9-58a174f4175b,Control
b7c7c848-371a-4d51-8d75-0c35b6a8985c,Control
2b8f852e-faf0-48fe-b7ed-6e2a141fd60b,Control
4634c553-77ba-450d-a485-92110be82446,Control
f58aface-cfae-49a6-88ae-995e4f4aad77,Control
e2d623af-f10f-41b2-b4f2-eeff6cc63468,Control
83338218-b4ce-4469-b9b5-14ea0261ddf6,Control
b6fde84c-a129-4b78-ad52-bffadbfe5c48,Control
f3d9637f-ec4d-46b6-94c8-54e525959a5a,Control
69fa4ec3-1eed-4cd0-94c8-ed60ff4f81ca,Control
844e559d-cdd1-47d7-baca-31b87466b1d2,Control
460e03eb-e8ef-43ae-b17c-d0c5c34c2858,Control
ffc91d8f-9f95-452f-a0e2-9709ef473fca,Control
0eb0ee44-f878-490d-b8ce-9cbfea57d8aa,Control
5051143a-5e3b-42e5-b6bf-9538bd9db112,Control
77bb58c1-a035-4987-9bac-2f9b6b31056d,Control
432f1013-8564-4f9b-a763-426d28b1f1d3,Control
d6c55a38-a213-4bdb-8d5c-d817504a5688,Control
b5acf372-e191-4347-8fcd-5c79095b4d7b,Control
7ebef23e-556e-4eff-82eb-22228d241d45,Control
d83d4227-e1ab-4ca1-9a54-732b54daed0c,Control
f83822b4-8a2c-42d5-ba63-35008ccf82f7,Control
726fee49-64b2-4de6-96e0-06e0391c3d7e,Control
af239267-ac65-4619-8c4e-ad7103d77350,Control
142c47e4-f760-45e6-9890-19be4ee94410,Control
421eb048-0372-4e18-a4c3-28d28726c673,Control
af1dba77-2eea-41d9-8299-504a88802fa1,Control
3f01f622-a28e-4afe-9c3a-9fe5bbf8b55d,Control
4d526367-3617-44c2-96e9-027fcc215cd7,Control
ecfa55d7-38ce-4b4e-8ffc-a5cdff144eb8,Control
35890c3e-b539-4418-8114-6916242e1227,Control
146c4039-3bb1-4dc0-abae-c6453ed7ab5c,Control
62894cf8-5960-4a32-9d48-e478f6552fa4,Control
02ca9689-2135-4beb-8b37-a656db692996,Control
200074e4-b7e3-4295-9c94-73d7aa1a0f40,Control
c32ed7d6-35b7-4d16-b265-aaf37f18f03d,Control
cdd3ef56-387a-4d54-a5f6-76728af463a5,Control
10825101-5883-4e08-8763-148c098a990d,Control
2ad7b2f5-ad71-4008-9fea-91174ec4041e,Control
27b39b3e-dd6d-4794-b29a-854c4b106d38,Control
e1262f12-6add-4485-875c-f866e0dbd19a,Control
523b19fe-57ac-4d98-8c72-70ad5cb01fd5,Control
6ffd8c30-e86a-4d4a-82a3-13ac587a8da0,Control
50451601-ffe4-46a0-9752-127e83aa1bbc,Control
37588483-bd89-4211-9800-37ac9b1809e4,Control
96e99d81-4bcb-434b-a0aa-1369491e94ec,Control
6aec09c9-9d7d-4d5d-b575-16429c28dcdc,Control
3008088c-f58a-4ef0-869a-d6eebe598e67,Control
52f6654f-e2fd-49f5-9008-3b3d6e68f6ca,Control
3a503902-29d8-4c68-8e1b-c9b279c9d913,Control
4df87b2a-7a3c-433c-869e-f3db20a01b91,Control
363405d9-9531-4085-a394-2f21ce086670,Control
82a931ba-ac15-4d22-83f2-51d3a2aee144,Control
f60cf395-898f-46b2-a80f-89dcdc614556,Control
4ff7e7c8-110c-4c29-a4e1-46877eba46af,Control
4935a84b-cc01-45e4-a79b-f6eaa698c086,Control
73489107-4c5a-4322-a398-316c1a13c6c1,Control
0d0aef5d-ae6d-417d-ac5f-1a011fe8c812,Control
f254b1e0-0dd8-4813-a46d-76192dfac46b,Control
17d59426-3b2b-443b-907e-5d1727f4543c,Control
a5924b91-ca1f-4124-b5d1-f68d324ea9c9,Control
5d2caae0-21e3-47cb-abc7-74c813971a17,Control
da16b96d-82d6-426d-8b67-375266cd7a35,Control
4cd57c8f-60ed-43d8-a326-3c1f596b51a5,Control
94910c76-86c7-4702-ad2c-3428fbc6a721,Control
5882363e-8cde-4f1c-bff1-6593e43ee994,Control
00f1e097-e1bd-42cc-832c-7e0f3dde0c36,Control
3d5fbeed-1c27-40e9-ba3d-18b3d2d72bc7,Control
48908d0d-3eb4-4d4b-bfe5-0738ba5432d5,Control
59f04858-b4af-43cd-ac4f-f411156a8f9a,Control
3eeeba1e-c279-49a3-8700-266ee7f549de,Control
b7f12be5-55a6-4d02-972c-43dee0201c6a,Control
c22bdf6b-3421-4540-a70f-dec0a6df8b30,Control
56b605b6-781a-4a8f-9835-879507a9d1eb,Control
feffb68a-c3a0-4b20-8aef-b37fa42c7fa8,Control
03c719c5-f228-4083-a100-0b649d3a32ba,Control
6ea5ccbd-866e-43eb-8de2-b88d5ace651a,Control
dddf824c-7297-42c6-b03a-5507b3df06a1,Control
fe8bc0f9-e54c-4b27-a735-46cd72b056c7,Control
db12155c-1943-406c-88a8-bbb61007209f,Control
98d7dcc5-7bdc-4f19-a46b-82eccf0a6a99,Control
b1af8b75-e76d-44fd-954b-567ed74b2014,Control
92d8b75e-cfb6-45c6-8a0f-b00570a4cf87,Control
20423c0b-cb85-4f2f-8551-212e80ae0c2b,Control
2b8c3647-de26-4ebb-a6b9-eb129ce43443,Control
db0cce88-75e6-466c-8644-68307077368d,Control
72ac6a32-e737-4e2e-910a-5f51f740b978,Control
c2b153f2-1b2d-4d8d-8a5f-bb23e35721c1,Control
7d123e30-bdf6-46e1-ac89-a6ed002994a5,Control
f1f1a4cd-ead0-42ab-88cb-2771dd34fb79,Control
321d8423-0959-44cc-a33a-8c40cafbdf88,Control
00c434c9-0266-4ced-8dae-b0e22495e1ee,Control
d8fa1320-72a3-48ed-8c8f-cf6c09943e2c,Control
7857c909-f0fe-41c2-815b-a45413b47f20,Control
56345dd7-3d38-4586-bc9e-e0a1c7e7b8d3,Control
78a71bbf-958b-4403-bbe3-6025719fe215,Control
62c0a719-239d-43d4-8ac7-5b14752dcd42,Control
d94024ac-07e1-4038-885d-8c8be9c983e8,Control
45e656c4-c624-464e-adaa-90aa1c99ad57,Control
1322d101-778c-4191-8a11-7deb92b7367e,Control
6419bebd-8ff6-42f0-ac42-957d16c749ec,Control
f3e071c1-b9fc-4917-a46e-ef68c38e4a95,Control
0df9e89c-5e14-4781-9052-36c99d8c0612,Control
814c926a-783e-415f-ae84-d71ddc77f5df,Control
9e5dd367-cdd5-48df-9c96-6f3e4c8dddf7,Control
e0bbdb77-f3e8-4f79-ae73-e20046e05160,Control
0945dee8-6b00-4c29-a953-78f5cad7a70f,Control
7d22f23f-698d-4c9c-9494-d651a3ec8770,Control
4c9f62f2-85cf-4e8a-91a7-8112018f3cf8,Control
3e021aa5-0dec-42e3-86ae-d089bbe1df43,Control
458865c3-32a8-4971-ae5d-bdac094a5994,Control
ce7019c1-1ca9-4fdc-8672-b07c38415a40,Control
12a6c368-2f0c-48a7-9197-d21359eec8b3,Control
c162bb20-4aa3-4093-9298-8f970e750c64,Control
9a464ad9-12d0-4eb2-9a5c-cde454e13d7e,Control
408d6a26-166a-4535-ac2a-2846b888ea1d,Control
fa36616d-79ca-4c9b-bd0c-c2a9af6007ce,Control
edbb3f48-5dce-4c74-83fa-c086a677a7a4,Control
665dce1f-998d-4f23-ba42-e21aeca7ca08,Control
439cc581-d7fd-45f7-b64f-84269663dad9,Control
6a37dc46-da52-49db-b8b5-a46930fcc0fc,Control
f8880489-b348-4c61-aef0-b00cfe7b9cb9,Control
90ef94ed-d59f-42e2-b84a-9dfb5b3656ca,Control
4848cd1f-5537-453d-a966-6b2097dc7bfc,Control
39614cca-74fe-4906-ad3d-27a483141686,Control
3a631322-01e3-4798-9d6d-6b008882ad0f,Control
12729050-514c-46e8-97ea-17d27b88d493,Control
dd8ee78b-9a3d-40aa-9fe8-53b9b3d2fef0,Control
d5bada7a-13ea-4fdb-b1b2-ac7b8a673de8,Control
6676ca60-53f0-4a29-9a75-d15663811394,Control
4dc76a06-c725-4f13-a218-318d00f7e93b,Control
df942785-57fa-456a-a438-b0e93dd4a442,Control
6dd96df4-5a47-4a9b-88f3-125fcd827968,Control
bc045259-3e83-482a-bcb4-ba3df9cdff9e,Control
201bc139-d12c-40e5-a117-5c16b0149d5c,Control
e112a548-4ffe-42c8-9b68-deba41d824b1,Control
2bdbb476-1b47-4925-b286-f3ba33333cc0,Control
b8c93390-5308-4018-9f14-14d196efed83,Control
5eea8fb9-b819-46ce-ad58-b77e0835c4c3,Control
b0dd96fd-b51b-4c1a-bab2-95d0522de3c6,Control
c45cf7bb-6ceb-4174-90f0-bf17a431639d,Control
ae41eea7-e83f-4122-912e-c26acd7df03c,Control
5f32d0ea-b2d2-442e-a6d6-16de9c9a2553,Control
25aa2d1c-a370-4bda-a6b3-0d3208d8e6a7,Control
363b9266-ae46-4ac1-a1ad-eaaf6c77155f,Control
a42cef15-2194-4c77-b71e-51c0f58697a7,Control
7ea0aa4b-d31d-469f-b1fb-5aebcb35aeb0,Control
13ecd21d-9ec3-4746-8f87-12e56613c494,Control
f7f88cf3-0158-4232-bdbd-5850721ad71d,Control
6e108500-054c-47d5-a6d4-8d6bd50d3f77,Control
e1acdd61-5b7b-4932-9859-bc65d8a014f6,Control
149f7937-3154-4aa9-bca0-709f97be1ccc,Control
718f3cc8-eb7b-4021-8140-fd9d0ad16b39,Control
1805afd2-fe65-4a67-a3f6-42dd6dfa26fc,Control
ddf016cb-b654-48f0-9726-98b5d6da6274,Control
386d6c15-4137-4ac8-8688-5c9edad137ad,Control
d0e7c52d-4ad2-402c-955f-9d622c2272e5,Control
a4e50da4-42ec-41b5-b582-529b9a763632,Control
c577ac68-fbbe-4364-9f0c-b3a333bb6efb,Control
78589315-01ae-4452-b4f6-7e1707c53709,Control
124de52b-5b68-4157-b067-22791dcdc26f,Control
2a53a220-d190-4427-8258-66d00d20fa72,Control
c3ec071e-38d3-4c38-acf9-ff54fc9fbfe9,Control
f627d2f8-701d-4181-a155-a6c4ad22c4a7,Control
fd192c14-5584-465c-8c66-71c0efd491c0,Control
94cf779b-738d-428b-9b82-4fe91361e20a,Control
7d2ce701-dcd7-421b-87ae-663bf0526651,Control
7ec714f2-dd63-410c-8357-a7b8227ca62d,Control
b56b6f6a-29fa-4d15-b707-3999da5ca966,Control
4819510a-58f7-4644-86a6-45e97d81d241,Control
b6449454-e23f-4cb6-8348-ad67ce535926,Control
3012df32-fb18-482a-b381-65855e682e8d,Control
920a1fe4-fc68-42c2-9a8f-96c7a8259553,Control
0aa2c803-9ed2-4d70-a137-a9e3cc876b02,Control
82b19380-e64a-402c-a640-0fe65fd9600d,Control
a858b2d1-247e-42a0-b64b-6f898c3e642d,Control
a380cb36-37d9-4ef4-aef7-559d5c744e1b,Control
2ed9c25d-f1f7-4b2c-b92a-e88c8870bed7,Control
1f38d477-820b-46e9-95d3-e7db379007f6,Control
83852cba-1602-44c4-8a8b-4b374199d5d2,Control
7bde6e21-72ba-40f7-afdd-98057d808767,Control
e3650bc3-56c7-45a5-a688-0a00fd3a0811,Control
b35090e4-e9ad-4c25-9abe-5dd07255053b,Control
ea8fd115-a96d-4f51-80d6-d5ac409b3235,Control
e8138ac2-9abe-4896-9450-3905f6dcd68b,Control
b17bb81a-fac5-4bee-bf76-60a3915ad245,Control
6f0f9467-333b-4075-8bec-e9661ab924f5,Control
ad45b6a5-0c62-4444-a3ad-d892cbe2e2fe,Control
456587f7-fa9d-48f4-91af-4272c8537f6d,Control
8f1ccb11-65e9-4a2b-be89-410c5569f3e0,Control
0862a008-57fe-4db4-bc5c-b26044d9996d,Control
5a53f04e-3639-487d-b214-4031caf8866f,Control
96cc51d7-7e4c-4faf-9a5b-5738a6c23b9a,Control
a6652e64-5cf2-4642-90e9-890079db9be5,Control
5bb97647-1e15-4eb2-a150-4b5ed488f2bc,Control
25dc95a0-29f9-447a-ba62-55b9bf4708fd,Control
b478d12e-70fc-440e-bb41-d4308a5fd016,Control
94dbf8b5-f1e6-49b4-a1df-7116eb2b5875,Control
dde73bf0-9f7f-4724-9461-8ce7389cd2d5,Control
96dbd237-39a9-46a2-b046-45c4ddbf5e3f,Control
487ac4b8-b273-4067-967b-167739753bb7,Control
6e5dbc4d-a71a-406e-983b-773705b5c549,Control
6bdb6a27-af0d-48fc-a88e-ac43262e6224,Control
4ee16440-58c9-42c6-b916-5a62096195e7,Control
f78fc751-3429-4d52-bf80-f86ec1579b00,Control
1f0b3c01-1a69-446c-b3cd-eff47a9fa6c0,Control
c0eba764-de55-43d9-b802-207b8fbf1bb2,Control
1ecfe79f-ebc5-4f8a-9ca8-d43f9975de56,Control
cc170381-6ea3-470d-9daf-4729bbee7f0b,Control
b6aa82e5-d5aa-446a-b607-08c6d8197b94,Control
6a2020ed-898e-4882-8695-93a92d0e847a,Control
142892a7-9de9-42c1-9bc8-15a095524e8e,Control
71896e41-28f2-4bde-89a2-c4e0ff5a4058,Control
df1c5589-f8b3-469b-9063-1e5fde66a762,Control
04e6e52e-207e-4005-8ac9-b49235a0f9fd,Control
bdb3c8fb-2138-4504-83b0-7e974377ce69,Control
6e242be3-7593-4c81-97e4-cd34f6ad5aa3,Control
9e45932a-d0ac-4478-acbb-ec9d9f48d26d,Control
feff929e-c361-4e70-80a5-93f55633cce2,Control
5a06342f-3aab-4734-9277-7bd95d295c33,Control
8ccc760e-a840-44f6-be6d-78c56f6a6955,Control
a4cde3fc-67f5-4d79-8326-9e37d17b6730,Control
418837d9-cc63-4063-80c8-95348251a61d,Control
debccfdf-3de2-45f1-9e18-ef10c9de6787,Control
e48b8525-fafb-458f-905a-e0de1f9a556e,Control
fdf995f8-74c9-477a-af49-722fde333055,Control
38767986-6dd8-4fd2-9f94-173ea02d75c8,Control
63283b8f-9fe1-4e45-a04c-0e9990d87939,Control
2d8ba7c9-06b2-45ef-aa14-e0e4cac16532,Control
01fa01ab-6be9-445d-aaf0-228f01a2bdda,Control
d78dcf57-0f39-4452-a1c2-37a1d41ea419,Control
e265323e-6f36-4677-a0a8-071fe4496bb8,Control
57c5529f-4f93-4215-aff6-a4bd1e8fd840,Control
db429ee0-c091-4cc6-9711-9fcd1e83b5c6,Control
fd74c1f8-b410-46a5-90ee-18b3904463d7,Control
e85122bf-b988-40a6-9bc8-c6ec8715516f,Control
d9f38e2f-0864-4151-a586-a809de873304,Control
c440dc29-6938-4a67-9b9f-cff20b1dde4d,Control
3be6719a-d961-4a70-96d7-98934dbaa917,Control
47ae46a8-5eb5-4f26-8a53-ef786337f45b,Control
67532839-c1dd-4292-bae8-688bf96d797f,Control
757527af-1a4e-4319-b92b-0f39f4d45f40,Control
ae69d66a-d631-49bd-9716-f2643b8530c4,Control
d891143a-8113-452a-b56f-f2f9edea7657,Control
e271705c-950c-41c3-9443-8914d1ca8297,Control
ea34efe1-9cb7-4a6d-87d6-86a85ec41929,Control
aaed55e7-f6e6-4a79-9fb8-c976f65747d9,Control
4348f78a-a43a-45c4-ac04-1083f05c2e99,Control
ed8fd20e-854d-4ff5-b40e-5973bc1caa1e,Control
05c4e39f-cf56-4fa8-b514-f5959b73417d,Control
57d1e2bf-77d8-4bcc-ab4c-93f2b7382a77,Control
1cb14281-127c-4a9c-a9e4-9fa2c88e71a6,Control
d302d7b1-5778-4b4c-a857-adfd6965ea1d,Control
1dff0482-23b7-46a0-a2bb-3929c1cb08cf,Control
76970df6-3e79-481c-8912-6bc5598bdae4,Control
3ee03074-502a-41a7-ae18-6844982960d2,Control
2abddadb-6b0c-418e-a693-b07001494c3b,Control
c43ca4a0-ca1e-4d00-bcb9-950b78ff6d33,Control
bef13824-899d-44d1-bb0e-e29309b3318d,Control
eb0e453d-d975-4ac1-8a65-673af7e1d1c4,Control
35cccbcc-970e-4b2a-bb35-a094ac6a7b05,Control
af055fdd-abbf-4cf5-b0e4-3ff3f32d6c6b,Control
55e888d4-0dc8-4d92-b9e7-e5f74f7ad8ff,Control
18116549-780b-48d3-9bcc-a5aeacbf7a81,Control
483dc23a-5812-4389-928b-3d0f5a55ff5c,Control
c1ee8f3e-0111-4e9c-ac66-c1d694045fd6,Control
b175ae77-c645-4420-b88a-7e29239b1060,Control
654d5b30-bfed-45d3-99fd-5f2965a70560,Control
5727b032-12f6-41ce-b660-807590bf23c1,Control
fe00f0fb-a7e9-47fe-9c0d-92fd2d8bc15c,Control
c0eeb77f-d027-49e0-8bf2-ed94dacf3457,Control
cecc1943-eb6f-4cf8-ac84-4ba4199b6318,Control
d718b030-6b34-43b4-bf3a-e72bc6a91407,Control
4f6b1756-c973-4d96-8190-c49d182f934c,Control
ef6eeceb-c2aa-45c8-a2ff-13188692cfeb,Control
bf199695-97d9-4033-972e-2663f6891244,Control
4a89c06c-9be0-4d66-8d26-bfd276921eae,Control
38ea9d1c-e0c0-467a-b75e-a49c2654cfb5,Control
1e3f7fc9-2070-402e-afa1-15f3a9e05999,Control
77a09f63-ec26-4f26-8857-7983c10b09e0,Control
7d447011-326a-4ae4-a518-64ef5669412b,Control
f78ae2c1-ff0e-4bc7-856f-2fc2256fc160,Control
1bcfc037-8ecb-4700-9757-25122e9104c7,Control
ca5c75b0-f2a7-4444-ba51-1da8ea35021a,Control
4f7faff7-6624-4c61-99f7-f120f5963b72,Control
5750eb20-cf75-4429-aa2c-6c5aee730aad,Control
23b05754-3868-454f-a621-66bf34ea142f,Control
e7125aad-279e-4b3e-a2d9-8eb16d1625ea,Control
e0e0d734-056e-4413-802c-2cc50af646a6,Control
d6f77a54-538f-4b0e-b75f-ac714ecba847,Control
2b4ff068-183f-41d7-a31a-8741130c8aec,Control
27324cc2-c65e-4abd-a86c-b52973634981,Control
731b14c8-d1cd-4daf-a43b-d45212546562,Control
5b556053-9204-455f-803f-3940822efdcd,Control
ddd0df09-9848-43b7-8fc6-61e603b56b39,Control
bfa4870c-1ab0-4c5c-8e61-8666ceb9c309,Control
6a9cf3a0-ad0c-4e32-9423-2dbcbd4a7ad2,Control
bcf5ee7c-1a7b-4e84-9cc8-d912b704594a,Control
985c6b9d-929e-461c-9afb-47ea7643ec5c,Control
b4a144db-cd29-459c-93b0-b1e75693a60a,Control
2fd0c53a-6206-4e72-8022-e6f5c14c15bd,Control
7300d03c-99a0-4197-96b9-533f8d55bf6a,Control
2cf1db66-de41-417a-b672-a2e8e15d15c0,Control
6cda7c50-973b-4b48-ac9c-67f48f0d53ff,Control
1c28eeb8-b355-4ee6-abfa-9e00b7e7c58a,Control
a6c18903-61a6-4ab0-98f0-79e7d6adfd71,Control
bf72a8fd-1b30-4881-a158-53aaa2f6d6a1,Control
bfde3bb9-0a10-4909-8136-9860804ba4de,Control
83caf32b-3a68-41ea-abc5-79dec4f2ab28,Control
7fe7f10d-bcb6-491a-a6d9-d09efd9dce63,Control
f49a7133-df4d-4618-aa06-7160efaf8dcc,Control
a5546fb5-336b-4840-a3b8-c301492ee8a3,Control
507356d8-1418-4932-afb0-374d154c2386,Control
92ad25cb-84b2-4355-b5d8-cbe82a1d0691,Control
0d89217b-adf4-4bc4-8e5e-c1d6f049bcba,Control
1a002eca-3436-4076-b36b-6224ce8eda82,Control
2f01ee9e-b273-47b0-83c9-73e1521564e9,Control
e0261fbd-f8f8-41f5-ab7a-b6f322ce15f0,Control
018c22a1-902f-42a9-81de-341543f4700c,Control
703237a5-da51-4bdf-8885-21bdb63b883b,Control
ee28fb65-2f51-4e42-a4b9-1dbf35b7da35,Control
b986ba22-0dd2-4820-a6a6-7f6296c0af14,Control
51d77f6a-b36f-4721-a40e-efe313197202,Control
a85a536e-d448-40af-b973-fcda61922642,Control
12d8dced-e021-4955-9c78-7de1a760a261,Control
e4f94fa3-bf6d-4f40-945d-d246a9a662e5,Control
2eeb654e-50b7-4846-9b5f-5ea69720efc7,Control
1738c373-ffe6-4013-8736-6a49e5af3e7c,Control
379d1266-b1c7-4cf8-b2de-a3d221a2596a,Control
10270237-0834-431f-b558-de6a1756f6a8,Control
d65a0190-3306-4019-8594-b77e420ab726,Control
7790e5c7-3b05-4b92-bc4f-392d0ab73f97,Control
e09d1be5-ab57-4b3f-828b-08b88ca7aab9,Control
433e6995-9dfa-4a44-8c0b-7b5fa227e7c0,Control
56a2d57c-aee7-48b2-a245-24bf486a204d,Control
dda6af34-82af-4c30-ac8d-be7129bac9be,Control
5f5bb797-f832-41d3-bd0a-c1c7c74d5cc8,Control
371677e0-858c-48da-aa81-be3560d65256,Control
d63dbfed-ae65-4768-9153-c5f2af49a083,Control
62235f17-edc7-4093-bdff-49f8455bce8f,Control
896e1150-87ca-411b-af5b-099bdbd45192,Control
f7fa79b0-9448-4231-b16b-5572c38f1e33,Control
0858a483-57bb-4e6d-be73-bca3a1baabc0,Control
3160cae6-d44b-4fdd-ae1e-abfe9127afb5,Control
0ae79d37-6f28-4f7f-b506-b9c6ac32bde9,Control
72e22a36-68d0-4a15-a7a6-98aac47acef4,Control
a0224c45-73c5-45f8-b21e-37e64646f6fa,Control
3f84a41b-ebe5-490d-97d6-51d01f5558d9,Control
c6744b00-0272-4743-bd1a-05dd2edaa9a9,Control
e69d7434-6b8a-4513-8bac-a4e591dd18e0,Control
118ba227-b63f-4301-944a-151a87639730,Control
fa51025a-1d81-4d56-8638-f4b3a1999d0c,Control
21353f95-a8f7-4859-9ff0-2d2bdb66ee1b,Control
4b5fde1a-7151-4943-840f-0894361a59b2,Control
6438df21-dfa6-4f69-aa3f-698c99211ff9,Control
49402e62-e072-436c-a145-12f78d4e9c77,Control
96587da7-b3ef-409e-8617-496a7cbe74ad,Control
e647a49f-44d2-4daf-8807-e1667775d070,Control
e502a53f-e987-47a7-b84d-255c920244ea,Control
7b703180-673f-4578-9114-29f03c4ca0b3,Control
a511bd09-515a-40d2-986f-84236ab93da2,Control
545d63f4-3b80-4749-adf8-67f1a25490a3,Control
0f338c0b-4748-48dd-a333-57b64f398081,Control
b254013d-ce06-4e6d-9f73-3f9c9a2d8df2,Control
7b66f834-3ebd-41ac-841e-031184d5edfa,Control
cad9e4fd-a22f-4bdb-af57-554008bd066e,Control
58d6916a-bc98-4baa-a36b-60741e7b411d,Control
7d0eebaf-ab45-4d61-b4a2-ebb7adddc418,Control
4d585e42-ba3e-490b-8489-1ded7277a168,Control
97e05f3c-7af1-4178-aeb4-941721cacc43,Control
ce048f00-e337-403b-8690-a56eae0a31ec,Control
66b78ab4-7aaf-4bca-85f6-36b6ea7fd476,Control
2c1f10d7-45ea-4b0c-b014-6cce8cd31b53,Control
d9114f67-3947-4cef-b9ce-44c8cd36814c,Control
caef6fe5-a98c-4a67-963a-f29b937222cc,Control
94810323-1d98-4e7e-aaec-b1a6cb9a999b,Control
3ce72c86-445d-4253-828a-ad2ce9421514,Control
0427e9bb-0e94-48bc-8967-2d70b2befba3,Control
8ad53aea-d64c-462a-88c1-60c4d9a1ca0b,Control
1d561929-3f86-47be-ae46-dd96868bdbf7,Control
eb53e946-8704-42a0-bedc-2053d1e97b02,Control
9d727ce0-6444-4be4-ac81-ed0cca75ac30,Control
f8ede085-a84f-44ef-8222-2aa7ac9a0009,Control
7dfb5cc4-880e-4f12-9a75-a11848ac39f4,Control
fed5f53d-1364-4ae0-a6b0-95bde155eed6,Control
5b1059f7-d7d3-4015-8ab5-dae29993d941,Control
78e4be79-79c2-4c3c-bee1-74307b26036c,Control
2824c89d-61ef-4446-91a7-09edb53645cb,Control
0927b19f-1d32-4a38-9c5a-d7c3bda5c22d,Control
8d93f684-6403-4824-8b45-316b439ba5c6,Control
ba939c12-ec6a-4b1a-b3c8-c795c425bc6a,Control
bf4505af-e512-4af4-886f-1558d5807d50,Control
bd06f4dc-cb3c-42da-bd3d-98ef5812bbd3,Control
d297d0f3-bd52-4cf7-b129-c009779b51a8,Control
a59d3961-cacc-4399-8a81-b21eea974482,Control
7e0dee14-82f9-464b-9763-c86386e03ffe,Control
07d7d61e-2391-485e-900e-4f99c65dcddc,Control
ccb79db1-26ad-407b-8cbd-55399b91ace4,Control
e0432d4e-7696-4c4c-8688-b77f6e34f921,Control
e715f592-ccad-4d0a-a31e-ef2598189ef7,Control
34c93b9a-161b-47cb-9244-6b5824c343fb,Control
35c1ac8f-a098-42fd-972b-64716ca8f22d,Control
e7c7a250-c359-47ff-81c8-d11f2b25be41,Control
f331569f-c2d8-4d2f-a437-e3e32c461445,Control
1a580996-f7f4-4661-ac0c-7840b345f711,Control
c5872052-ec97-4575-9422-e0446c2d861f,Control
ebe66343-ceaa-4aa2-98fb-e03c8ea9f1cf,Control
bc6b2dac-8e0e-4889-bf31-43d6cec151b3,Control
35829c36-dac5-4d25-933d-f171026ac135,Control
18244a4e-cbe7-4a7e-883c-2d45fe05cfa3,Control
b2a36ffa-369d-4fc2-9bcc-70275f44fb13,Control
47bd4bda-a906-4204-9624-140d9e66f795,Control
c8c713a1-74a0-425d-b941-54db7c51420b,Control
f9396462-b138-46b2-84c8-9e8488b63b42,Control
605ead64-93b3-4fe0-bedd-5a1b0231a4e4,Control
a8666696-1c28-412f-801d-56e4e08f59b3,Control
8a35ca75-ae5e-4dc5-b816-1b34c072e53e,Control
77f9b655-4645-4866-a93f-3e43a7b26bd1,Control
48c53a0e-405a-483b-8499-c87ca9b67714,Control
32d221b2-f01d-4352-b496-a326a380239c,Control
8ae1d52e-5a04-493e-86c7-96930a82e934,Control
ecea7963-5cde-48c7-8d13-e8ae552d91bc,Control
e527af72-dab6-4749-9890-8e2268a3af7d,Control
53a528f2-bf6f-4d8d-ac3b-6277585591e7,Control
83a21884-6d3b-4950-92a6-69ea1427d33d,Control
1b45c4b3-f601-4525-8741-aeae55e1d720,Control
abfe60c0-e16f-4afb-a648-a4184d856cdb,Control
fb727826-881e-4a4f-9b19-8558039b64d2,Control
d1be2240-65b0-4dee-a959-8ee306510f88,Control
0b6e0bf0-5979-41c8-8a9e-b978e46dcd14,Control
6b8f73fd-4005-4dec-a973-ebc99eff393d,Control
1adb38b9-d116-495f-aa33-318f7eb18ac5,Control
7bcd12d6-898b-4d45-9118-c147582d0d9c,Control
8415d1bb-172d-43b2-815d-9ebf5d2eeac6,Control
ff254b08-f956-44b7-963c-2a54da296219,Control
dd2e794c-9c1e-4cd8-b71e-cec39e701e9b,Control
ce136fd4-aaaa-4375-b84c-570ab65eddc3,Control
27c9f82d-b416-4fc4-8a89-67f89740716a,Control
916bbfd4-22e8-4e65-8821-7d385fbe9c41,Control
8cb1c6d9-1953-4b12-8393-723b7c286044,Control
d4af9dc2-42a1-4d3e-a4cc-1c5c2b27858c,Control
f6acd16f-eb25-446d-be78-68e5956375b3,Control
8ec32182-48b5-40d9-803e-23e314b89cc1,Control
b9967b56-41e7-45d9-b987-e7271d99dc32,Control
66b9f7d7-b34b-4ff0-8a7c-d3b9943ee69e,Control
a1f66696-953f-48f8-a932-c551f0e08e44,Control
3554d506-a05e-4aab-a74b-1d09843bab5b,Control
84e86efa-67d2-4d4a-87a1-9bbbd509bfc3,Control
21d1656c-69f9-4d6f-b9c7-4a616270a369,Control
09bcb11d-5be5-4b7d-848e-ae64229fb39d,Control
c41cd20d-a844-4177-8b1d-ceb030ea591c,Control
f0b382d1-2d68-4d71-a688-9c09f869c054,Control
e65d3a5f-6db3-48ab-a219-7317257a5f9d,Control
52d5c64d-bcce-4812-8c25-ebf2da0c4418,Control
fbc4beac-e9a0-49bf-befd-9b7bd9571ca2,Control
dc204592-bb76-4e87-8269-fd5e04c9e87a,Control
37a5bc8a-b46c-4aeb-983a-b40133d9cd6f,Control
6cad944b-71e6-457c-97de-d8fc8454bfb0,Control
099e4c6b-858a-43e0-87ae-190189c33580,Control
ca435d26-66ed-4229-9782-de926536ce0d,Control
78313bc4-0253-4b2b-a519-b090916e8598,Control
83bb1589-143e-40c1-a427-0beca48c20f5,Control
89fec081-5003-43f6-ba12-7624ed6a3d08,Control
8618d8bc-a5d0-449f-b160-84761b04fea7,Control
d931b664-e47b-4ebd-9571-59e60b5ea7e3,Control
63f1684e-7c23-4bfe-a768-948074f6d00e,Control
e4e893b7-8143-4db3-bf34-a1cac3aa6fd1,Control
d432b984-a9ee-4a6a-8c44-e50dd234056e,Control
9d4cb6ba-1771-49bb-8796-001dabf4a31c,Control
67d78ecf-4c9d-4c66-b7a9-bb50bf8d3f6a,Control
add377ca-c709-4918-bc30-ed5a208f78c4,Control
aeb7eb3d-f8c3-4882-9f0d-4026a1b93ed1,Control
00da196d-a03f-4bb4-960b-03bdb6277467,Control
0134f88d-93f5-4439-9896-1bc76bdbfa9f,Control
b8b8e16c-dca5-4e88-bc42-a1cea675b6c6,Control
9e7d9943-b895-424f-90dc-149f3c276621,Control
fee37f32-914d-4c4e-8f8f-de4226a929a3,Control
7b0690a5-fc87-43f1-bd98-60bed8deb448,Control
62bb1dd4-57c8-4a34-abf8-de586ec124d3,Control
460c7d79-f756-40b0-ad03-19c810a30a19,Control
2c71c069-5e83-4817-bc59-e72cd2dd2147,Control
4cf3f4f9-b6e9-47eb-90aa-0fc9d353dae7,Control
17107494-3bb6-46cc-a375-2ce0c930291b,Control
399a7f05-ba65-4c2e-8819-4458e7213a66,Control
9204f761-2963-4c80-8893-f561c5ea1971,Control
8e686135-4dcc-4d46-8436-deaadc26ef05,Control
26e8f695-2dc1-48e1-9ad1-88c7a2900cbb,Control
bf257ab7-8de3-4c8c-9917-aa908ff4b93b,Control
13642b86-5d3d-4d20-bd5b-4f3d403056ea,Control
8c9a4bb8-effa-4fb7-bf26-8fbf6d161806,Control
63d80c78-8ca4-4d13-b042-be4275ad35ae,Control
f1946d2d-d3a9-4cff-8fa9-55222ee28d97,Control
84f441bb-f827-4b0b-a408-5ad1a82dc5b4,Control
b09e0df3-8450-410c-8b2e-7fec490f1308,Control
3ffc9da3-7ee9-4bd6-b908-a58f700a58f5,Control
27687b6d-673d-42d5-b851-7fab0f193d40,Control
cb7d077e-a202-4f25-be9f-c8dd9761b4bd,Control
91ec2096-d008-4f92-8d4d-551f25f08e9f,Control
31d2be88-abe0-4667-b17c-bea3dc7d1b0c,Control
87db7647-1f5f-423d-933f-150eeb77a7a8,Control
87a60c93-7cae-4dc2-8caa-1579f92900a9,Control
ce75d267-3d70-4c3c-8f86-01349bff4030,Control
dd2fe1e0-569f-46fa-933d-c25e0261dc66,Control
8acf99a1-c189-4fa3-b23b-33aaa1333e74,Control
5663c9b5-9871-4045-beef-0811985c598e,Control
c5276293-4579-4ca4-9223-66138b5a1fda,Control
f9f254e3-b63c-4e15-aacd-023a795671ad,Control
9c2644e1-bff0-4e11-98d7-5f552ad4a8d3,Control
afb41686-64c5-453f-bdb8-db9a8006c626,Control
aa02cbfe-efc4-407b-8cde-d99f194df80f,Control
997870cd-b766-401f-a5bd-f6af3c5f5300,Control
dc75bdd6-cd3c-41b1-8c97-140c7147f30e,Control
3fee13ff-1fcc-4ff2-bc7e-aaf0d279bef9,Control
02c71b66-e6da-4e1b-8ee6-74e8948fb0fd,Control
0cf0371a-e3ba-4ad1-859c-f2fb60b0fb73,Control
e4540c30-7ae1-47ad-b4d4-f6f1a26b670e,Control
afb9410a-bac1-4a43-99ca-a1ba6e1f0a7d,Control
f9cbd8f6-1579-4833-9c30-f881e2b40ddb,Control
4fd17db0-1c61-4b21-b68a-d3c12f878a33,Control
ff462b4e-7d4d-4945-a0f6-dbd738742757,Control
9a67981d-edb6-4afe-bf24-bc8887ab37e5,Control
86fae1a0-53e1-461c-ba65-98050e720042,Control
f102c9b9-fd1b-4e93-83a1-a368aa8f85eb,Control
2f338b89-9ecf-45f0-b47a-93edb4f90a58,Control
9cf580c0-018b-4774-b03e-84d16f925035,Control
6c4cafb8-40b6-4329-ae1f-b8e8a7022ec5,Control
3f5f1e5e-a5f2-485d-90eb-43f18cb8d1af,Control
4b35055c-f6af-4eeb-b8fa-1fbdb32230fe,Control
e85a2d59-69ca-4cc9-bf18-cc71c8ebe52e,Control
32f71a80-af5e-4f43-a757-e2a586f7b352,Control
967a17df-cf6a-4c8e-8db5-670fc5a4cbaa,Control
1d2713bf-69e6-4019-a4b2-b7eba2484e55,Control
7e6a686f-5f37-4193-bc23-db5c64947af7,Control
e1c5a560-1541-4063-b842-1d27b75cc78b,Control
c529505c-2fa4-400f-97f7-efcd187f63a2,Control
be6b3eab-5948-40e4-b845-dcaac0ceea8c,Control
593ff3cb-b10f-401f-be2c-3fab0d85f209,Control
f4f8d466-d870-4834-a0e8-2519825e9a18,Control
57c31495-8231-4b88-a7a2-a2f9c16e7349,Control
f36db4a4-dd80-4392-9d4a-0ea957c2e0ba,Control
afd4c7c2-dbd3-4dd7-9755-610775a62ded,Control
1df71140-d1e1-4353-afaa-7905e955e3a1,Control
decde009-5cd1-4e99-b687-0f5eafd489b7,Control
67a7372f-d73c-48d5-82ab-6bccc5087176,Control
93048971-1d91-409b-a681-d4b4586c2eb5,Control
fb34af5a-ff69-4dc1-94cc-402c3961acc5,Control
5e53b9a9-27ff-4ea5-9567-857901801c3e,Control
75287496-1e6a-4c6e-9c30-2a7e1b4a93ca,Control
56310981-a220-44be-abf4-d4d3b8fafe2f,Control
82c14013-913e-43ca-a7f4-31599da9609e,Control
9be9c91c-a99d-47e8-92a0-aa6342b07803,Control
e3bf4102-79a0-4b71-9713-bcce9128f533,Control
27887323-e113-414f-b6b8-423452e9c9ea,Control
949d9ce4-ec37-4d76-a10a-a9b56ddd781a,Control
053030a4-1970-46f0-9636-bc1ec238df41,Control
fb086303-acd9-43c9-8fbe-c7452e891344,Control
b11f0841-e2ac-4657-9d8a-7ae8f4acbd92,Control
3f766025-048b-4aba-b105-d91c452a9a4e,Control
9d08c627-4afe-4674-89b9-61ef602b692f,Control
e7727e27-ae4e-4b13-b014-2572a824f469,Control
49df8cea-02d1-41e1-bbda-ec8d6b396603,Control
5a9adc51-22cd-4eb0-a257-e0ab9a59a7c3,Control
50ac20dc-57ab-482c-9aff-a7d707ef5d76,Control
a36ba05a-ff04-4df0-86ca-439d07b030ad,Control
7bd48f4c-8ad8-4074-b978-6d2e06802790,Control
1ab2b406-ea1f-4ed8-a71d-a773188e3732,Control
677a7d75-e963-4538-a14f-65ba66592c6e,Control
71dc6989-f019-4963-b1a5-d3b71a0e9dbf,Control
d4a1a367-bf79-4bb3-8ca4-4b3e218bff76,Control
2d3c1e5c-d8ed-4820-a304-ad398f8cbff2,Control
dfdd0b92-f5e9-4d6b-946a-f1426fac5872,Control
880de6eb-d8fa-4ac9-8536-357a102ed86c,Control
cd454dc3-1e0c-4d8d-8661-5a8dbcab4ab8,Control
e3e87745-d2d9-43f8-b5be-fdadf60d9ecb,Control
6f413473-31af-4559-95f8-cfb26a2b7fcd,Control
b26ded5e-4c6a-416e-941b-a885f16b1634,Control
1afd7c67-0213-4f09-b9f2-b970fc65ffff,Control
340da9fc-258e-4360-90c7-41c607f2f2fa,Control
ecb119fe-e5fd-46de-9897-810252fc4bc0,Control
ac3aad2a-2a29-4ad8-b528-fc2d5185f68d,Control
de9a5c60-1c4d-4939-a7b0-8b30c2d1650e,Control
d2c36961-fe57-4dbc-9d1e-c1aced073d6f,Control
aa9b2e2b-4ac9-4f9c-9ef8-6849b1c12c49,Control
1dc93583-5611-4bb0-867c-75dfc6d6069a,Control
97f23d15-1248-462c-bfdd-b2fe130295b2,Control
739365d9-aa7e-4ff6-b51d-a83439b5ab2e,Control
b3558ded-4f59-40b7-9711-92f15f194367,Control
71a612eb-6fd9-4cc3-88ff-32baf205a86f,Control
b7b537f0-c424-460d-bbe1-aae55e62c5f8,Control
4e39adbf-4672-4994-a604-187e351db155,Control
194a617b-7c9a-4e82-9e69-4714df45b2fa,Control
5bdff644-45fc-4ef5-ae40-988b96bed313,Control
880c0f30-1f33-4cb3-828e-ad185755c8c2,Control
efee1bb9-f4f3-4304-9111-59413747c78a,Control
0c898c50-bbc5-47c8-91f0-3552477868cd,Control
f1e0ea51-b999-46a7-8586-fdf1ca14cf4c,Control
531de77a-38cd-4dd6-8553-90aa82442460,Control
7358b0d7-9c58-4476-9825-42d601786560,Control
41d24173-245e-4e3f-b1b1-eddf3500caed,Control
4c9e98a7-e3be-4ef6-914e-b74d6ce96696,Control
b163a18a-4d47-4c87-aa65-207c77fecdd1,Control
9f57810b-33d7-405f-915b-74e2807f2441,Control
2638147f-c495-4643-b139-3fc2fb2c3859,Control
608771a9-4f23-4c19-86eb-09171cd578df,Control
667daaad-ffd8-4532-b626-680ae2e4e40d,Control
c8fc00e4-e444-4739-815e-670a76313072,Control
6571ae22-2775-48bb-8403-a294b3734f6b,Control
b0468b58-9a4b-4e41-9306-b6eeba1d82dd,Control
fcd9f649-8636-4967-b243-405130ee0ea2,Control
3866da91-cb78-4612-b0e8-9ecb2602bfaf,Control
20392878-2b87-4c78-91a0-379666d965c6,Control
1fe5b7e7-ae0b-4e8a-8b59-b2eb141cb3f9,Control
2f600b76-b122-4cc0-9e2d-b31adb4e16fc,Control
fe835475-f54d-44a1-8b50-9b49d9daf883,Control
76614aaa-7721-4e3a-b804-bd97d4381b72,Control
f55b833c-9ebb-4022-9469-19f1f3980908,Control
05196459-79e4-4cf1-b59e-3647097d58d5,Control
238cfca9-b60c-4a1b-ad27-560ba2f5624f,Control
0d47de1b-0268-4a3c-b9b4-cc805e8b08d7,Control
f37f9288-13e5-434d-b159-a7a753e20c43,Control
6d3c5ac8-3d08-4727-8599-fa9f60abfee4,Control
d3a10073-9ea9-4c44-aa8e-a06766744dc3,Control
93445fdd-7e34-4cef-8aef-6776aa71bf48,Control
04b30b2e-a362-4a0d-9f67-31324e4cc814,Control
dafcc9aa-faaf-4423-9f4d-b31cda69df5b,Control
afe969b2-1741-4d70-bcd8-627e58bda62c,Control
0f355a58-764a-4e67-8c7a-d0808fb6d52a,Control
d2e7e8b3-004d-4456-90dc-8c8b5cf5198e,Control
5e3c6f40-a55d-4e7a-a606-4780ba6a2721,Control
bd14ea77-c7c9-428d-b1bd-4bcc78e9ab61,Control
8b3351e9-f73d-446e-96fc-c1ab1a3e71f3,Control
c4a5d77f-2bf1-4989-a95b-5ee200320c1b,Control
12f03b18-9169-4da1-a5c0-791dbb05862f,Control
2dcd9541-2474-4604-82c8-0880d04246c4,Control
3768dc5d-7022-4cae-a9ce-d1028721b3fe,Control
9aca4261-e23d-4f6e-8ec8-4c470a80a41d,Control
087b4d2c-aa8c-4d2d-b991-072114012b65,Control
b23ba158-8019-4c5b-95df-ad1b8b863a69,Control
06a4ed25-f4b8-4854-9601-165ad7cd4ea6,Control
bcb3a21b-8bde-4187-9441-05c8fec3a478,Control
f16b35a9-0e92-4411-b1bb-ff95b44c9192,Control
3d50baa4-a370-43c7-a3de-e8080ef3f620,Control
875ed3e5-a81e-44f5-aa5d-afb6b1f5da40,Control
11f60a8b-338d-48f4-af37-ab4a7a1d8c14,Control
b4dcdf27-ff8c-4306-b99c-d65691949e2f,Control
2e480d80-2d7c-4531-b478-ff99c50d93a7,Control
fdd73ec0-96ce-4080-8002-68bc2e506a10,Control
d30ca73e-c647-4f1c-b447-d88e8c4ab66d,Control
aa7c3f13-655f-4c41-ba94-589071c7bd00,Control
3e45a712-b665-4044-a50d-d3a805834e2f,Control
443a4c01-6540-45e0-af08-954b2917945d,Control
6d69f01c-247f-423a-9257-3bfa63fce0e3,Control
a30362cd-90e2-45d5-9e3e-fe4a00920b16,Control
5cead699-3cbe-4ab5-a951-16f00bd3b75a,Control
a4abed7b-5828-4b81-b797-4a12d1a836dc,Control
efd4086e-7662-4d66-8f99-4c63ac2ababa,Control
7281a62b-004f-41df-9d1e-b324d7bfa4ec,Control
22779ec6-48d8-4603-8d14-70a87291a727,Control
6a165c87-6560-468d-a942-10706628918f,Control
6c38db6c-cb9b-4f06-8e3d-ee5de58eb17f,Control
1b87943d-6dfd-4ae7-a983-a5f093a49fc8,Control
c28cdabb-68da-42a1-889f-2a38541ce440,Control
6b81bee8-8350-477e-901c-a7ac7d19947a,Control
608fa1df-b3c7-42e8-9074-52a6c850a775,Control
e3374b1e-58dc-47a7-99a8-bed6ad4eb04d,Control
3f8c7eef-6590-4662-b27f-b41493c944e1,Control
8475cf1c-697e-4a43-808d-a0cce17cfe96,Control
fe3c4071-480d-48cc-89df-51d8844ca243,Control
be55e988-0bb6-4511-8ed1-a75399bcbb05,Control
bb98d1bc-7523-405e-b715-c5f1067f9a15,Control
21bc3a4c-9486-4819-8664-a55089963bd8,Control
8f7e7e42-ffa5-4a14-b208-aee28182c481,Control
15ae30ab-6843-446c-aa71-1e644207266c,Control
454a5fb7-3b54-4562-bc35-1d7a215d5916,Control
ac772330-9bc4-420f-af8b-b7978e0f42dc,Control
b2ef36c7-015a-47f3-b9b1-5377b19d6f3a,Control
6bbf8c44-4f90-4606-9039-36f7813a2398,Control
68462c70-406e-438d-a09f-71c45b20d9d5,Control
c3b595fb-2cc1-4705-b563-9dfce649d7f9,Control
432f8a88-c1cd-4a1c-b09a-1a0ce3186911,Control
9f8ffd00-46af-42e6-bdef-c85c3c46b8ee,Control
e62b5290-41c5-4af5-a174-4d6eaaf03197,Control
343cb0c2-cbd8-48a1-a93d-ddfec2870b21,Control
265e8d89-a8ac-4f05-9365-6083a25d53a6,Control
b46a3683-0989-4034-adb4-19b581f08342,Control
edbc1aec-f0e3-4e81-a236-864c21b5ebce,Control
94b11013-1626-4cc8-b787-4b1a6315bed2,Control
febe9593-5ce6-4208-8f09-106e339be673,Control
409fdef3-dbf7-4d9f-bed4-5453e5c6a6d9,Control
48161cb1-ef2d-4385-a59f-052076f83edc,Control
5f2a6a6b-6ff3-4bae-a3d0-2547854e6eca,Control
abfdf5ee-f30e-46e4-8d4a-b560e9f45d46,Control
4ad3ec50-0518-497f-a58c-b2f5f048c914,Control
3f681934-ec73-4819-b870-9b52239f70b9,Control
ca9253da-10c3-4802-8aeb-0ee6905a1c08,Control
95497e03-d5ac-4f4c-93f9-8be2c659c382,Control
1eaa0548-7344-458d-a2a4-ca6fbbc3e388,Control
aa30045c-1169-4114-9597-6946c5b348ee,Control
0f45bb5e-30f3-48d7-9430-96e018a4a685,Control
72d79929-52dc-4c11-a10e-61f8903a4f18,Control
1dc0705a-b260-4e61-b0ac-827af199d5f3,Control
5e0d7ccc-6525-4d24-9221-28b6af6c6823,Control
f990f154-c65b-445c-8ded-347aecb39cc7,Control
46cf221e-d2a5-420c-b7f7-98564f4a58f9,Control
a1021327-d5db-40e4-88fd-20c2870779f8,Control
5985c6a5-b736-4932-968b-f70bff290c12,Control
d6f4f16c-fd7e-4bc1-80bd-d614a1156ca8,Control
f1b739fd-c219-4f76-a440-ce68df7bcd45,Control
d6982a33-e832-4867-b0d7-36ed33b6a7be,Control
8f73f093-9e5b-4252-adde-ace937570fe6,Control
6a11dcaa-429a-474c-b5ec-fc94381a9956,Control
c68662ea-f70f-4d94-bc85-f6a0a1412bf0,Control
7f43ff10-49aa-40fe-8f4e-59a3cc5f8ef9,Control
4fe5650c-e163-4d86-ace9-3d72841d29a0,Control
1bd4b5cd-ed97-4e16-9fb9-e0554629e743,Control
bc95672e-6474-43ad-baa2-88ff6fafd7a6,Control
7ca6459d-28f2-41b2-a73d-bac574febfcf,Control
013eab22-4efe-4c99-8f77-46d6d72816ed,Control
f2414ac3-e020-4db4-8158-b478d67690cc,Control
857a036a-4773-4e44-8a6b-5c64d7cdc66a,Control
6cc0c78f-e52d-4e69-ab45-7f53b85c5bf1,Control
bb99d6a9-31e6-42d9-8b5e-82ab94a231b8,Control
598a8234-3b58-4bd1-8445-d7da09fe8182,Control
8d3cf704-c07f-4bf1-9564-735e46df4402,Control
7b8d2301-e619-4fa2-b7d6-7a6c18b1be3d,Control
ae96df95-e4af-4877-8ad6-7cba35a8f718,Control
eb714643-beaf-418f-b0cc-0aaca8ccc177,Control
6dba5ba2-9ca2-49f9-ab34-afd454a0e718,Control
65c65907-1768-466c-a148-9341e78e1f76,Control
10851802-b3ef-4bd8-8c7d-911b14049871,Control
adc1e640-7e7e-4a52-81c2-c6e35fb405bf,Control
15631b7f-ee84-47a3-9b2f-28af105a2f82,Control
03d8bdd4-0a52-4502-a397-484e605d3895,Control
544d51bb-b1c6-4d41-a02c-104a073b7038,Control
9fa68645-5457-4a81-a855-8624232f0ba3,Control
fc5fa26c-dd53-4884-8ec9-a785babf3f23,Control
6baeff21-7196-4f80-b075-c1cd6454f511,Control
7c7f80b5-78f6-4c82-b565-03ee70e2fcaf,Control
51cd562d-3369-4b13-9cb3-5996f52b17f6,Control
cfec4b47-58d0-49f3-b8c9-a11e2855eb0b,Control
0d7a856a-fcb5-40c5-bbbf-27cc02a9748f,Control
bb568aa0-6fea-4c1a-8bf0-cf89a9ed110b,Control
4e8a5423-2310-4234-bd6f-21a11b8eb3c7,Control
b1b812da-0c61-429d-99f8-f8f6abc7a95f,Control
4525f282-0329-46e2-b524-09a64b382151,Control
a9781e63-c7eb-4bbb-9464-6e1215cf3997,Control
0006bedf-098c-4ef3-9a29-e7d6714eeb8d,Control
acb1f765-5ba2-464d-88b6-713cb2f3fcbc,Control
7afdf88d-1bad-49b5-9fde-b13fe7471b4e,Control
6713e5e0-3371-413b-b3bc-d8c0ee956220,Control
3af4c7fe-5243-4ac3-b09f-dd771ad18066,Control
81ea534a-0626-4733-aa9f-faedc640e1b6,Control
d59b48e1-de46-4ab7-bcad-2fafa3cf8723,Control
978fa283-8bf2-45b8-af12-2a3a50d2cd20,Control
9005f4c6-8bd0-40cc-a280-7b8c1c53db9a,Control
c1ec42dd-80f6-4478-a4b5-fd0c8f7bc177,Control
bf484228-a739-46e9-9cc1-4854d9ca25e5,Control
2da8727a-e526-4977-a8d5-cf3db66e3809,Control
970cab79-0c1e-46f0-b2df-802f780405f7,Control
c317a840-2309-4884-a76e-77d00c0f9017,Control
6ab08bc8-326c-4885-8c8b-245c15444af6,Control
960b1371-81ca-45ca-91cc-294bc3831775,Control
41704160-c205-42d4-8902-99a06594b262,Control
5125a720-c99d-4978-868d-89e327bdddb3,Control
a99f217d-f08d-44ed-a207-3e07b379f29e,Control
ad2d71fe-9796-4616-94e0-bb485bc9291d,Control
f74aef19-89b1-44c3-ba79-71d61e84d09c,Control
bcc5e0e3-141f-4c3b-85d5-eb9d292409e5,Control
04a0c30f-3d5e-4451-ab5d-9bb96f19d0b6,Control
39707ce9-a533-4344-b5c3-3dab59519a6d,Control
d2524fc0-e870-4980-8c55-1db579f43616,Control
ab877771-03c1-473c-90e6-8fc08bcaeb7b,Control
f3f072a4-2020-46e4-be82-6ecda4a530dd,Control
3344282e-3d89-485f-b8ff-6c4296c45329,Control
79cb4e85-273d-4064-9695-de003b85a04d,Control
6154082a-052a-4c00-95b8-3ac77cdcc077,Control
d190303a-3f5a-40b5-80b8-b8921b781ea0,Control
5a13698c-00ab-4ecd-be13-117a83c01592,Control
96e17eb0-425c-45a8-9636-b89ef675c076,Control
1e46dff6-002d-42fa-b6d3-b340e373084d,Control
8a5ac2cc-7289-4179-9860-830f5a73fd41,Control
e3ccc78a-891c-4c75-b35b-634468a3bae6,Control
332d27be-d4b1-473c-af75-bc5ca09cb7e8,Control
a24c05c9-23c1-4868-af70-afea04ef835a,Control
f4f045f1-00c8-47c9-8b74-cf9db98fa58d,Control
caa9302d-c845-459c-ad14-217810183ef3,Control
d8b9f76a-9305-474f-a7d2-79434e67aaa6,Control
e144a033-8c81-4efd-abf8-63e8d04bd16b,Control
e2f52bfc-9629-4e21-8389-bdaefa75dec1,Control
1c33a3f1-e79b-47ee-9e90-5f1429eff47d,Control
1299bf05-5b76-4273-a613-83bf8e306415,Control
1114e802-eb2a-4702-a9b2-ab8dfa503a54,Control
73c48162-397f-4ecd-b467-86dbaf8b18dc,Control
00d39242-40e2-4b0c-92c6-88c436d017f4,Control
12ce2931-9008-49e4-9803-8dd340da2bd4,Control
513c136a-421f-4691-a24d-71115a7b7c18,Control
6b26da97-2416-4a6e-9b1e-83dee977979c,Control
03976633-3c92-4385-97bf-e0a6c8459c5e,Control
bf005d29-507b-4c44-a406-195ffc84690c,Control
9e9a11c0-26d8-4c11-832d-8dc5526f4ed2,Control
948b7199-cbd8-45e6-b7b8-178d744098e1,Control
98462a1b-a1e0-47e6-902e-e685da69ea1a,Control
0fe3a1a2-f649-41fb-92c0-ce67a30d92eb,Control
c297ebd2-d441-4cf1-84ad-fa1ab47b8f3c,Control
1abe162f-1484-4c15-86ca-9be54e7eb21e,Control
01388c2f-1295-42d8-9036-43f56959174c,Control
58d6ac9b-d7d7-4f84-ab0a-747b616bbeb2,Control
1ede2542-0975-48e5-ae27-6ac03dff6614,Control
30164c36-c182-4241-8011-f66b44beb6e7,Control
7c005666-b88b-4ae5-865e-188e92e416ee,Control
f27362a0-ef96-464e-bc3f-ae1c4c1fca55,Control
bc4a5646-c3db-429b-81e3-c164e202b7af,Control
3e970b49-3292-4379-957d-e2aa593f7d54,Control
f2f61a21-e36f-465e-a843-3e5245e398fd,Control
9e8b0ca7-dbb4-4327-91a2-e6e206b0c666,Control
dd5113de-d4e7-4ec1-9471-a0b986579a3c,Control
f1efda57-107f-4ddc-ac86-352114412c4f,Control
63ac421e-9d60-4744-856b-40900922c204,Control
9ce91979-2af9-4c62-92e9-785a7a4b7bca,Control
62807ed7-58ca-4081-b671-2ce44839c98b,Control
d2a4ff76-f342-421e-98f5-21a4b4056992,Control
c2d3a8a4-067e-41b4-8743-142139d1c129,Control
395eedf9-3434-4b7c-a634-03af41888643,Control
d938e868-01e8-482f-8a51-98df6d3eeff9,Control
3ae07061-2ec8-4683-8536-4e2279b53f48,Control
a94c151f-cf09-4b32-8e29-d6d4eb6efd0f,Control
e1bf6da8-84f9-4c97-923f-03c806d41d21,Control
7af27381-8f1c-436a-8317-10b6624bd5fe,Control
e008671a-7e3f-4fb9-8438-3cb1a1476bc4,Control
8ff2b04b-3834-4b40-8082-c639ff6d672f,Control
d2c698a1-5b3c-4527-a40a-0cc9fd0613e7,Control
7f95de76-d44a-4204-9b43-babcaa5460bc,Control
c5d228a9-8e01-4e85-a22a-54d4e2ee6608,Control
e8715661-2914-4d8d-8e25-d8ba10f36195,Control
a549003c-0b3f-4bff-b922-f5447943b0a1,Control
86fe1c2d-dbb6-46ac-9759-12b3d47cf14a,Control
208efeae-3826-4632-b48d-30416a1a6ec2,Control
2ae01701-dea8-4822-8145-b4eccd8f571b,Control
34d5e58b-2229-4814-be55-c58a5a0f692b,Control
c61dddf3-bc4e-406a-8cd5-06bd2dcbc428,Control
b6e32ccd-348b-4a54-adbb-d840ea171452,Control
2980115f-deee-4251-8fd6-72eb461ff00c,Control
217c9a2f-a3e7-4441-940b-4099a751b004,Control
8ed8c088-d61b-4229-90ea-866ef5f21af5,Control
7988633f-65af-4042-b946-6f8840a1e68b,Control
f2718905-0aaa-4d2f-9f89-d05c75a1c956,Control
c2b037a9-37f0-4708-8e0c-8de799cfacab,Control
e4abaef7-57e0-4f97-999f-d27c0c82c87b,Control
4bd9c9a6-f151-4e06-b97d-019c83adf15c,Control
e36fd140-ee0b-4c46-b844-ab2f0ad351aa,Control
74a558ce-d001-44a2-bf16-d6d7a7673b47,Control
759c2e99-75e1-4e8d-b9a4-a746263d7719,Control
f53dbbb7-62f9-4c0f-a07a-293f5a733749,Control
08cb71ae-056b-4d89-b25a-e857f477fc43,Control
f6bed23b-2702-49df-9970-ac293f0ccb35,Control
a6ec8c7c-9bd1-4606-9b18-68d03b5f885c,Control
9489d62f-c685-4535-8c06-642886670378,Control
bad93298-1c26-4d83-a302-ee8ce4e62e9e,Control
37773fbc-b041-4f6a-b158-a63c6dfa11e1,Control
aeea47d2-0415-40da-bb5b-a1c0fe871929,Control
78a2a34a-26a7-4cb2-93a5-79883a8250be,Control
76312900-9719-4af4-9c4d-31540260e28e,Control
6bb46d3c-35af-4b9f-9b09-4608257990cf,Control
479ca45d-8873-4318-91b8-883ac48bb196,Control
0335ffea-bb8e-4a9c-beff-e4713e51205d,Control
14803710-c154-492b-86a5-abac2cee9697,Control
486a2d22-a2c5-499c-b47f-4fcedc8de0df,Control
cf3671c6-c1a6-4170-b42c-a89929d997f1,Control
3a536373-be64-4b8e-875b-96ac9f88c043,Control
2c91c825-33fb-49ba-bcac-7ae8db15c8d5,Control
c7f2f8c2-32ca-42a9-842a-1451b4baa35e,Control
c776ca47-294c-40e9-bf91-85a3e1280416,Control
024f9a8f-a715-4fcb-92d9-d7ecdf3155cb,Control
17e1d9e0-2ce8-4d0c-9bb3-8c30647b5ff0,Control
7c84c0de-76f4-483f-b552-a15900985ec7,Control
74c64fb5-b92e-4081-8680-68f218f47f39,Control
ef826f38-cdc2-403f-b423-9dc5847d5e8b,Control
005a2695-83fd-499a-848c-769218bda211,Control
31dd44eb-815f-46c9-9004-661e183ddd0c,Control
8c85cb95-a0d0-458e-9bb5-2379d10a31a6,Control
7cb26fac-3107-4db9-8e06-af5201566e98,Control
6cf2d4c7-5f08-404c-8d81-55ba54e8bb3d,Control
414322d9-47bd-42fa-a263-a69ae553ea5b,Control
37d0b82a-97d8-4264-9c8e-17e0aaa1d2d8,Control
0c9bc4e3-c2c3-4517-99f7-6034175fa6fa,Control
702c3220-85e0-4bf2-b9f4-4f975d8d1308,Control
06d93e0c-83d4-471b-adf5-f6c817d01301,Control
1c0b258c-4cf5-479d-b331-6cd55b8b36de,Control
4a8bdd88-fb89-4203-b637-0410104418ba,Control
32afe1d5-ee4e-4054-a1ed-f6f02dacda04,Control
7724edac-ffb4-4cf9-8089-eefd338d1191,Control
94e4234f-c024-47a4-b396-31a1747eafdc,Control
f60bca62-cfd5-4bad-b805-947e5e315e8e,Control
b3c7805d-ca63-4c69-b902-f37dad6090eb,Control
1cfff5b5-ad92-40af-95f0-950a102f8c2a,Control
fbbc240e-c7a8-4e88-bc89-7824b0e4f5a2,Control
73f319ff-fa87-4427-9e77-e2228cb4c904,Control
a7a00618-08c1-44ab-b74c-154d235c2797,Control
4e19777d-66f3-4971-b0e8-c29fb4a3e60a,Control
8ba8e398-bec6-4935-980e-e6f67a75ed81,Control
33f0385b-7270-41e7-bc0c-da90f084b7ea,Control
9d04c08b-e8c9-4f6e-9ae3-28c29cc3eb73,Control
433f7248-72d8-4b65-99ea-71e6dbe89f00,Control
e7bb2291-d0a3-4c24-b8f7-bc3ebbf920e4,Control
7b7ea9e7-f631-49b3-b604-9b62b5d9fd36,Control
96ea92da-a516-49fa-bda9-a30ea442c58b,Control
e942eb68-722c-4b43-a760-5da3ae44b632,Control
25405d00-f2d5-4035-98cf-99f87f09599b,Control
231e9952-9a5e-4139-ad1b-1f58cfd08656,Control
607bfa5f-351a-490a-beea-35d3d346034c,Control
5d82a875-bf37-4d9a-bddb-7d4dc709be99,Control
388afbca-b051-4786-b1d3-f7ab9c8d081d,Control
4a04dfc5-f614-4de2-80e2-c1b20ffc6f7f,Control
2c767863-4b97-4d0f-bd91-d317b2c5a7ca,Control
aaeafe4a-a2b0-48f7-89d5-6f7027f6fe16,Control
a8d35f98-6869-46b7-9582-1dc2f12f5ec2,Control
f9c6060f-1874-43c1-9b03-1d54377b58a5,Control
cb21bf57-4094-4464-8733-c350ddde893f,Control
1df5c3b8-b3bd-4fc6-8520-b1bfea061336,Control
eff322ff-bce9-4bb3-8a01-22d639f3d4a4,Control
844667e8-1b7c-4285-812e-359a613bcbd8,Control
5617a521-0903-4267-ba6e-281041bb5d14,Control
6a5f28c4-2e31-47fd-a484-fe6682308afc,Control
5bd73e29-a2af-44ad-8c39-0db572abdbb0,Control
f269ba24-5011-4f88-bf2f-eaee746b86d8,Control
93137b15-4d93-481d-add1-30a78180a2a7,Control
6a9a003e-ee32-4730-a757-acf1c0cc12d0,Control
bf605af0-8bab-412f-b762-0d067c604e56,Control
c895f169-5cfa-4c0f-b31e-e1acd8cdf023,Control
f879e2e8-413b-42f5-8a5d-b82e877e1435,Control
392b12d3-f583-4251-8bc3-60836472f871,Control
97f01685-07b3-494f-ad51-878dcb95168b,Control
29ef9365-078d-4565-b78e-82f409ebda10,Control
8ddaad87-6908-4b82-8e79-35e879b778a1,Control
fac5a4ab-33c5-4a18-b089-8f760b701d92,Control
1bf0dd53-152a-451d-a959-c6706ce6c60b,Control
e3adda5a-efe5-43fb-9ed2-4f68ddf39bb7,Control
904d53ff-92c8-4af1-8811-7975995098c1,Control
7c3c2451-6f56-4fd4-9d1f-c3d4154608c1,Control
be43cf10-8318-4ef1-9e10-13ee779293c1,Control
5030e483-94ce-4576-9329-73949673d2ae,Control
160d4c94-ea71-445f-b2bf-01ccb219862b,Control
a8ed3617-d3f9-494c-b384-8beddfe1ae0a,Control
5025460a-c255-4204-8069-3f3ad2dea877,Control
4abfa90c-93f9-4b41-9e38-fde1d0db8981,Control
e9af6ae2-1e13-4f7b-ab04-c9f8e991f921,Control
671e62b4-7b20-42eb-a75f-4534ab5b46f5,Control
85f23f22-5bbd-4217-81b5-5cab45f9ef3e,Control
e447c36b-bd24-4b58-a249-1e69c8997ba6,Control
6238f4c4-f87a-48c8-9b8d-5c09d6f9649e,Control
09ea896c-a318-43b7-8342-a5d027fc2362,Control
ccb3da76-6476-41e3-987f-cf327a8c989f,Control
1c01f307-e9e1-4bdf-8f43-bf5bf3493b60,Control
7053c702-a00f-4166-bc12-01abf5b731f4,Control
a0bf3bb2-cb46-4edb-bac9-e85441de149b,Control
98d27549-f84d-4296-ad75-9b1b082c328e,Control
ce46d299-13a2-46ac-895a-b0181201f72d,Control
ca96b13a-5246-49c9-878d-378687da9ee5,Control
b6f8cc8a-693c-4eba-bbbb-d8ad74406788,Control
11da2a79-8859-43b7-b70a-dd5c8d019376,Control
36404abc-3ea7-4cde-b440-3ae06f030672,Control
bcfcaf82-9c48-4c34-9718-6f3d766aa182,Control
7e0d7c0d-8ba5-4f6f-996f-e10ea2c53a98,Control
fe206ed1-d551-42e7-a444-df2e80a4c48e,Control
e3296986-0f21-4b39-82ba-709bdc033327,Control
705f7912-16e6-4db6-8ac2-ad97aedc719e,Control
69c2f36a-b5a8-424a-be23-2103d72f7f1c,Control
6afb736f-9510-4ddd-9e24-e65c44b24080,Control
2c2b75b6-d89e-40c3-af2c-c503f498776a,Control
bbfeff63-932a-4f93-b586-ffc2cb8d1a79,Control
42c6d33f-5a3f-4d73-9cee-6583d0affdc5,Control
0ab72ada-3ba3-4ab3-b902-01952c7ddcdb,Control
a3044e84-b691-4e99-99fd-017584e9e73e,Control
56da1a68-c195-413f-adb0-0c8d6654b04f,Control
9b7be633-850c-4916-92a9-72354ebd89ff,Control
c1eced08-9527-480f-af0f-73f298bdb36e,Control
339b8155-0893-4582-9353-2ee922932725,Control
ff5b208b-85a3-4cd0-96fc-d73f46bdfddd,Control
3507b5c8-d58d-470f-b1f3-ca55594acb42,Control
3fbc94e5-f3c5-48b0-837a-afc89bc48b58,Control
0d3f7944-d9df-427f-84b5-4774c35cb7a6,Control
51a415e2-255f-49cc-9667-3d43c6af0efb,Control
dde9c84d-0a24-443d-b315-ace7617c8c5e,Control
8861400c-9742-4abc-84df-3a054aa49c95,Control
a0af1c97-8fb5-4fbd-8257-de85735da676,Control
08efd660-c206-42c6-9f99-9cf86738a13c,Control
d31ce492-7fa9-49dc-b686-439b28940e3a,Control
03c7dde7-b4e3-4783-aa30-a84c3820978b,Control
06775c43-db1b-477b-a431-23525e5b8458,Control
a8ebbcc0-d1c8-4f76-b441-7aba652852da,Control
f1a45cc9-0184-4a9a-a516-337d74334f08,Control
19c312a8-6416-4a65-9680-917732e0b2f4,Control
0123804c-df73-44d9-aeae-5d8307a6be56,Control
a5fdb7b3-2d49-4b74-a5dc-602fca0052bb,Control
da8bc537-4d0e-44ac-a0ae-fa67a2034e9b,Control
1e59f37c-7fd7-474d-ad57-806e585dd2a6,Control
6e29803b-f195-4f0c-88b2-b6bebabda85f,Control
ba545474-4cce-4943-9bd3-0b46713fc404,Control
5859a1ed-c642-41e1-be2f-b8341b5c9146,Control
47d7ec84-2e73-4033-bcfb-3a85cfdb8d61,Control
a0beb1ef-f710-4a77-a738-e95317c4ddfb,Control
cbd3e4ab-7f2b-47e7-97c2-2ffc17d7ad08,Control
0bc60b82-5901-4de8-8912-7fcf8e763e25,Control
e68955e8-8db7-4b39-8e1d-9962d2fdbece,Control
643924c2-6a1f-4db4-ba15-cd1fcc9a6c63,Control
5af35166-0a7c-4f26-b40f-feeef232a83c,Control
dae56e30-d7de-4e8a-a471-905ab8156e04,Control
8fb9ca3a-74f5-4df8-84bb-cbedb7f42520,Control
84998aef-16cc-4cab-939d-e40dcd671a2c,Control
f1875037-d062-40db-b7b5-e8dcd15d46cb,Control
8598780d-1be5-4662-b48f-b0b6a04824be,Control
94e8acac-df52-4afe-b7e2-38980a7ded63,Control
42646285-437c-4a70-8c46-55328b7d80e7,Control
bcd5d47b-bfec-4b9f-bed0-50a90c0f9a85,Control
d997be92-06d1-4328-be94-bfbc7eabd469,Control
042e31e7-7614-426d-b254-994780ed7ad3,Control
a88e7575-f4b1-4484-b283-73a56851caf2,Control
227eac3e-9131-4dd4-b09b-ef014b42a5cb,Control
4f8d6c78-e261-4ae0-ba93-adfda670d047,Control
b5cdb107-00c3-4c69-bdb8-2c616f39f7b7,Control
e77b497d-f864-4afb-983d-54907ece0537,Control
9b698431-264e-4f09-be1c-d9c7251e6782,Control
1981e665-835b-42f8-a900-f2a1888eff8f,Control
f179d8e0-6c25-4cb1-96e3-16b821643cda,Control
a9ec0700-470e-4706-a07b-25f9cec81198,Control
5fc50f5f-7fda-4a44-8ca8-9321e29c40f0,Control
99d971f8-c977-46ce-b020-cb2a39e29861,Control
153b3aca-6a97-4bd2-bdb3-4e7c9190272c,Control
021c4ea2-1d3b-4c6c-a140-d40fb6e84cf7,Control
bb022ab5-528e-446d-bc68-1d8f4e9a44d4,Control
0f39e3af-8d66-4278-8a1d-8a10e5757557,Control
683f1f01-b675-414a-8e14-51ab5b793654,Control
6ca1aed0-58d0-4a0f-adab-cbda752ae08a,Control
81936048-1eb8-4e6f-a228-08b70ea36b05,Control
37fb78a6-dad2-49be-ad08-91885ef8d07e,Control
53f7b255-9e86-452b-b5c5-2910c2ceb120,Control
072b34c7-da75-455e-9f0b-87b3fc5f61f0,Control
6b28a5ad-627a-4df5-bc0d-97c53b8e8f89,Control
a93798e9-0300-4890-8e4e-a78528eac659,Control
dda1d60a-df2c-4420-b050-f7b875a5b902,Control
4c358e58-d05c-4bb7-8d76-480936ef9556,Control
f90d88fd-7991-42d8-bb7a-a244a29c901d,Control
d7a0f69b-1587-459f-b5e3-e7fef463f20d,Control
1748d8ec-7d61-42d4-a95c-6945eff1682c,Control
3c555a9f-a6c9-4657-9a58-10484e665971,Control
197b788b-1eb1-4860-81d2-ce4da207a4f5,Control
60133b6a-d015-41fa-8129-07837c025ea8,Control
351f9448-7bfb-440d-8430-c9bccb8547a7,Control
24af1af8-d22f-4858-bf33-307882da4fff,Control
02d4da4c-bcc9-4e36-95c0-fddea375d804,Control
98d88134-c577-4ed4-a2d0-2781d2d96101,Control
67d823c3-959e-4763-98f9-d1b4b828b112,Control
4445af3a-28b2-4b81-8d49-eb18b845dad7,Control
6b766dfb-1b1f-434c-9ce4-ad5bd47313dc,Control
f93c0305-3302-40a3-a0fb-603cee0474bc,Control
eadfa94f-a286-4366-b5a4-8f0244ba6194,Control
f1da1625-09f7-40bc-8487-ebc59761ea6a,Control
ecb0dae7-bb37-4dd6-8897-9c4ec00ed4f9,Control
900d76e7-ac5b-4a46-adb5-af32b5239b4d,Control
9700be6d-3cb9-404e-a089-db8f78dbe44b,Control
0585090c-9fb8-4c08-a524-d2eeeb1d852c,Control
240a7455-bbef-4e6b-8173-86d05a522976,Control
4635970b-51b5-4891-95b5-8d9bb75545b4,Control
7501c608-d2f6-48c5-ba72-f43695647608,Control
15720117-bc4c-46a0-9e41-e163cafa9d97,Control
964870ae-aee4-4a9d-a3d7-def4ef37860c,Control
189c7892-17a2-4e86-98dd-e0dedb9c7b42,Control
440d0c78-021d-482e-8f9f-e4a533efa4fd,Control
e8564625-cfb9-4148-a994-219f4a34c22c,Control
c4010acb-9b2e-48a5-8008-514d79dfe8c2,Control
99cbf0f4-6ce5-4f94-9d10-d3a08a00bd8b,Control
a564c3d7-0bdf-4669-b826-1165df762a5f,Control
68202275-6fb3-48f4-9341-421bf052a843,Control
186e7f89-5c99-4159-bbd2-589d2ba03686,Control
ec7de6ac-300b-47c8-a1b7-caf5c39c567f,Control
6871acd3-b4ea-41fc-a730-6ffbe79b3567,Control
c0f11784-52f7-4b96-a14e-2261de0b5289,Control
c5647bf2-7d1c-4d60-a70c-b97fcec4d15b,Control
79bf3624-1a4e-4b40-b1cc-cff520a77b8f,Control
022fa8f6-4e6c-47a5-852e-cafb4ee1c4be,Control
15e365a4-c480-4ff5-b6c7-c155b5d81d94,Control
f046e9e2-86e2-40e1-8ce7-f7d732b64f1d,Control
429651ae-f37c-40b7-ad9a-3250be90e243,Control
b36a6552-efc3-4302-9d58-067ba445e5ce,Control
b2d9623f-9a9c-4b02-9d8e-09f92d944a3e,Control
454cc1c7-5022-4f34-9f9e-a6f49f2b581d,Control
9abc0b7c-e148-4332-aa95-e44581ad774f,Control
3fd58b96-9fbf-4f99-bc26-7ec1f9339928,Control
3936814c-a8fc-46b0-840d-4581d3bce4a5,Control
1d2fb134-3b66-4fcf-b097-d0bdca2b2760,Control
d7140fae-3772-4076-885e-2e8e6ceec1e2,Control
f2ef3a23-e086-4762-8bbe-8ac743c77b6a,Control
dbea80d9-81f1-47e8-863d-316549c09c8c,Control
a9e17e15-7d55-4947-a89a-b48dd73b18f5,Control
f57e9aff-334e-4fb5-8053-6dc1a50e0cf1,Control
c40969fd-1b36-4dc3-94d5-15ccb3804d7d,Control
f8db098f-95c9-415f-8594-d1c94cfe341e,Control
3a7de224-7b0c-4cad-bc3e-2f30c0f8a889,Control
c9975ad7-9648-445d-9add-447aead740fd,Control
815dbcef-10c3-42a8-9517-567d95d9dadf,Control
d76871fc-f986-4842-9291-794e78a733dc,Control
758f8845-9ce9-435d-9dee-7f5b9fae8aa6,Control
d4183cb5-6832-4e9f-b37c-58436e82a89c,Control
3040df41-6b49-407b-85b5-3d599dafeab6,Control
c5240b69-5a96-4e1c-ad17-6ea00ee7cc42,Control
c7349693-73c7-4e22-86b3-3ee9a04f02e6,Control
4d16bf3f-5e93-42fc-951b-0ff51a8827a6,Control
8b8259b6-3a1e-4490-9f91-5e5f4e15ebe1,Control
fceb4bb6-9780-4d01-9ed3-6cf888c2b2e0,Control
f77da488-b701-4b8b-b3ef-526b95b24e5a,Control
04575104-d400-422a-a5a5-fbefeb1acf24,Control
d7a14fcb-5fac-4e51-b0af-44a0532badf2,Control
c7033baa-0902-4b3c-8fbf-60b30774a0cc,Control
8ed5e1d8-40cc-4754-b581-fa1d2bf6a10f,Control
b7688c36-303b-49df-b5c7-3167834fa01e,Control
038e73b9-80b5-48fe-96d7-b3f4a4dd4568,Control
ec4d5a5c-fb8a-4795-8fda-306459b50467,Control
7a8a21c2-436f-4c0f-ab35-01523b3d7564,Control
7902385d-27b9-46d0-b728-7c0d12bff0e1,Control
70105523-b48c-47d4-aa63-3b9f5aa185d6,Control
4b88cb78-fc9d-4aa7-b4f5-c8e8f00def7d,Control
6b3ddf2e-ecfb-4223-85db-50f4f06930ec,Control
cb6f7974-d046-48f2-a19a-cfaa911cca4d,Control
abdb12f4-cb34-46e9-bd4d-06fe4c23effe,Control
c25db070-77c7-47d8-8c8e-fe9a41b9dc68,Control
8901fcc1-bb8b-4fde-b9b4-7716d42082d6,Control
21395206-106b-4d3a-b1a8-adaf17ea9f6a,Control
32369dc4-3661-4b45-9250-3b14a30d7683,Control
3143267f-3f14-4299-b9b6-45411c34d3c8,Control
b053eae9-44a7-4379-964a-7bb8b0178f61,Control
4426d535-c256-41dc-8433-e643f954ca3b,Control
a7d4cd78-8e31-48ba-863e-89004346b758,Control
930f2f2f-8585-4445-a5a8-18dba6e72108,Control
8c53f1ca-04e2-483b-9397-b599a4a60d13,Control
6e1181fa-42ca-4301-ad71-5e2e65fed10b,Control
589e8b55-89fe-468e-be92-7b2f64927671,Control
69842712-d3e1-4fc4-865c-3dc141b148dd,Control
6ca23caf-69de-46a9-a437-d4a5042729de,Control
a2eadf0f-76b1-496c-901e-35c62fce9e08,Control
277d319c-f9d3-450d-be80-26f17e8ffaf0,Control
ccb30053-2e48-4ee2-a705-aabfd7e3b261,Control
d856bf80-f952-4642-8e21-9a45330e9250,Control
e4d44cc3-18f7-43a8-ac1b-231eed806978,Control
3e016925-85b9-4276-9169-4914e6b61da3,Control
96685c8c-4fb2-4df6-bfac-0cea14a9ac2b,Control
b0201289-42c1-4036-9b92-47848a25bcf1,Control
6795732a-25f9-48a5-88a6-904dd1192a09,Control
7c778e7c-7854-4512-9810-9c79ed9b4cc8,Control
32bb46e2-ec91-4407-be92-675798607720,Control
607ff829-12d9-4ea2-8afd-8df1376efb85,Control
0a2e2cf5-d003-4de9-8e64-788496149a41,Control
3c6141b1-d396-437b-a89f-c05ef9ae4ee2,Control
b10fa210-b03d-49de-b5ae-779130098141,Control
fb1831b7-341f-4e47-932d-20ed94cc863f,Control
7745427e-965a-4285-83ee-e1ce4a80851a,Control
679d40b2-c9d7-4216-b20d-bef9b31e212d,Control
993213c0-3723-4708-bfaa-d61644b88049,Control
27cdc1e6-c496-4ef9-ac5e-886f5789ebde,Control
4901e80f-3765-4b08-92a1-0acaf15ef5cc,Control
e5180ddd-e0e6-4996-bbf0-2295af75e34a,Control
8fef1b54-8879-43e0-a12d-677f1a763a79,Control
ac62cea3-a3f5-4ff6-a6b6-8a3d17f28ad6,Control
bd68b8ad-e7a5-4574-b1d8-75dad857687e,Control
cbaa7af8-8c49-48da-9981-b52378765a38,Control
f01dd9e8-9fc3-4940-bccb-524a7ceb3657,Control
64ffeb94-6f03-40bd-8c2e-7a40d0e72563,Control
2dc81acf-e572-4191-99a1-019abf2397b8,Control
fb949df4-5f6a-4538-ac94-cb2124b3e692,Control
418bc290-79a8-470d-a1ec-1dd72da6df95,Control
68da6c02-89a5-47d4-9036-31266f9589be,Control
02e7d760-58f1-4e2d-9b42-2db8f3e0923c,Control
731ecf9c-e30f-4ef4-9a7a-6c78664aaea7,Control
61baa2b9-0b70-4d22-afb3-f559545b371b,Control
112e0a45-d301-4334-a862-5f9bb0eac3dc,Control
bc7fa5bd-5342-4bdc-9569-f05f79f5424f,Control
36d6f262-5110-4a9a-be80-25689f79019b,Control
8a562cc9-2b12-41d4-a433-e4d1594a0cbd,Control
ec079e00-4397-4f1d-9adb-701386c37ce1,Control
861d2dba-ae65-4fce-8408-ad6c9761623b,Control
4f323ade-bc5d-4d65-9df0-3f3c14e54143,Control
e5f1c1ce-91a8-4dcb-b4e4-f5fc21f8572b,Control
a42865c9-9744-41d8-b0a7-06fda9caeda2,Control
8fce4c6d-b087-4f65-867b-e88888631a92,Control
f5e60b22-d159-4a2f-97da-abe147bc1f1a,Control
d6c5a019-3a0d-4a62-a72e-59b885c16d22,Control
295eff7c-698d-414b-a878-75452e263868,Control
c90b0855-e7f2-4cde-bf37-2c8831089df5,Control
775eb3dd-ad9c-474e-9b70-0c6b119c7211,Control
afc5445c-7aaa-47fe-b779-10ed46492d80,Control
f87303e8-bed6-479b-a034-37493b659afe,Control
cf77e6a3-492a-4215-a18b-ae3d27c099ef,Control
ce039a77-eeef-49c6-8f48-55f523cbcd94,Control
43f145f4-d447-4ac7-9e59-41e59d08beab,Control
137d924d-acd1-434f-ae61-a7531f3ed5cd,Control
e6ba7d8e-2b55-436e-bffd-648c00fdc1b8,Control
451b6798-4f02-48d7-89de-898fd3e3a1b0,Control
a85308e4-377c-4e8e-9a43-94925ed5cda8,Control
c8e2de6b-56ee-466b-a45c-59dec4bfc2b4,Control
c496fea0-2eb9-4c08-91c5-fecf551ea1ab,Control
0c2241b0-f3b4-463d-b98a-4727f2e83fbc,Control
f6e414fd-a743-4faa-b7c9-4b8b9953a268,Control
9767cc73-9bb5-4895-bf95-c081df3e19e0,Control
79da9507-f083-41e1-8bd3-65b3f4c9c102,Control
07f12c0c-b03a-477d-9c39-8f9620197980,Control
afd50d7b-ee4b-458f-83fd-1088a517f06f,Control
0a4fa32c-2689-4d95-897e-ad7d77dff350,Control
73320907-a160-43e4-a8e9-b9858b5699aa,Control
cf8a0fb8-4369-4dac-8627-15fd36247397,Control
14883363-2eb8-4cc3-a455-4fe779f3a7cd,Control
f5cb49e5-ea8c-4173-bf38-d35572acbb8c,Control
e7ba700f-b2d4-494e-a1f6-a5aea9e7f7d2,Control
d2e62dbb-50ba-4f0c-977d-99039723975b,Control
6e8a6806-4ef1-4f0f-a592-904ca2eac908,Control
a260c872-45a3-45c4-ae6f-14f1e57c99cb,Control
8b747f77-2c42-4eba-8cd7-1ec72e1f7a14,Control
eedb4816-f562-48b4-8002-d2293a116d59,Control
e68cf13e-aefd-4f3f-bdbd-da769b9ade64,Control
a15ea034-4aa0-4837-aff7-57020d2d9992,Control
9ec48afe-702b-4d4e-8b28-6e44c1f1639a,Control
df968f8e-0919-4ee6-8e56-9b3c5572d048,Control
4d78787f-781d-4ca8-a41f-e8f51f269a99,Control
3aad55a9-dd5c-41d0-840a-4a543b4a2b0f,Control
de286953-446e-49b0-b7b1-51e953da4246,Control
6a33c173-0f82-4103-859b-1ab15dbb753c,Control
5abde91f-0041-476a-9dfe-2c1e11a8d922,Control
4844cc49-599b-4d63-8203-c065dfeab07b,Control
b8d00138-add1-4291-80f1-698165616ec3,Control
1e034a2a-97bf-48d8-b321-1f488ca24d51,Control
1c792983-2bce-43ee-8f87-9618d5013d35,Control
a7c045cf-551e-4683-966d-d17296910fe7,Control
d9f47c1f-f134-4df5-9e09-51c80bf75c93,Control
74a7069e-64c7-43b1-9f31-3cd35f5580cd,Control
0356e2cc-bd06-4341-8c35-a1d6a15bada3,Control
0d6247e7-1557-4a94-bdd9-54f840e3a50a,Control
29c6e135-63cb-4f3d-b41c-d944691252fb,Control
4f0c6517-93e6-4b43-9570-92156d79e1cd,Control
7dd055ea-746b-4b14-a6bc-73fa66eacf3c,Control
218ee820-8dab-41fb-a0b9-2d71294bd4e9,Control
7f719e22-deb0-4ad3-bad6-6d632943d653,Control
fe80a981-0425-4ca5-9930-5ea3df126256,Control
00fc84ab-0803-453e-97e7-efcf06b2d74b,Control
00a9c9df-d5c7-49ca-a357-e8dc0722d8ef,Control
ad041820-7e4a-4ae4-88b1-4bdba9ab830d,Control
a769eeb8-827e-4487-9a01-d6e2b97fa490,Control
85743b20-cacf-44b8-a8b9-443b6c070acd,Control
df68e9a1-ae89-4540-962d-c6cc51e4339f,Control
5682ac0d-0d1c-4582-b390-e745f31bfca1,Control
57db4954-9184-4b5d-b692-7589f9fd1178,Control
526bffaf-0178-4101-9049-a16ec1759e1f,Control
6af2a129-e8f5-4a00-b4b4-6e57596da490,Control
bbfbcefc-ae5a-4b5f-a49d-ae1bf6a362da,Control
d27002cb-feb5-43bd-b793-825fc84fd875,Control
32576fa9-7f07-40fc-b222-64a33ab873a7,Control
89944697-5576-49a1-859d-9bba43627a7d,Control
2fbdc0c2-d6a4-4d6c-a3fd-bedb03280d26,Control
185feb05-33e2-4216-8fa0-b08e717c95d0,Control
76675e99-5329-493d-b1c9-265c54dd9aa5,Control
4db570ec-726c-4a24-99a3-553b88b2599f,Control
7afbe6cf-f218-4b12-bca4-99bece9d432f,Control
726e3e00-6500-4be0-8d6c-4294721f34ce,Control
181da34d-d9fb-49c2-b75d-6a64a557c06d,Control
ec729c65-4c74-4145-b4da-2bbdb0f964f6,Control
cffd5e9d-27ed-4a64-9baa-c21534afc339,Control
036abe3e-0d39-4c2e-9011-07cc002354bc,Control
49d16832-b308-44bd-8ceb-5eb37151d67e,Control
ffb0040a-7f7f-4023-aa70-c08f22814c31,Control
2262ff14-3e31-4621-9081-be56cd0d2726,Control
48b9b113-ed9c-4f70-b8cf-4e99d89e8cb8,Control
6571592c-3f01-49ca-b6ca-4a198c229dda,Control
471939be-cae0-4f85-a806-4cf047a07ce9,Control
2a8eb4e1-fe18-44fd-a284-40c26231201d,Control
30b6db5b-ce74-4033-a322-2764bebe44ac,Control
1abf1cae-fed5-47f9-9c0c-a6ca104eacdb,Control
ab381d24-9078-4b3a-a576-0e95b9d1ed5f,Control
a3684259-9636-4844-96b8-2b28e8fbdb67,Control
64967f45-ec6b-4295-ad39-cf66699d0f06,Control
1cd53698-8b1a-45fd-9992-23a6ffae968b,Control
81143fbe-40b5-45c2-9bbd-dee5c474d573,Control
e600a684-52d6-40ae-9676-6fce777ce4bf,Control
e1448a6d-120d-4f10-8021-e256ca1c1dd2,Control
7775ebf7-1376-4c51-8d6b-2b697d441287,Control
35da43b1-0c6c-4bc7-ae20-c04970975608,Control
b757dcb6-5e30-4b8a-a554-f8fecec955b3,Control
239436ca-5525-4bb1-a4a0-4ead4acb4367,Control
aff8daf7-f20d-4626-aa0a-866354b2cb18,Control
bd57f976-1d4f-4dd0-a1c5-f176e17df39e,Control
5e1755b3-6ebe-4f08-b8d3-6bde15b295ea,Control
926cfbc9-df66-4dce-af7b-d906e8c6f2d3,Control
7e3dcb46-84b0-46b7-a44e-d8475a379ee8,Control
0b58b029-a9e8-4490-b958-3d2eb08badd4,Control
bc6d45e7-4ee5-4890-a39c-87dc75b8e4d0,Control
13f8a1a1-360f-4d77-b622-2a3e1335c49e,Control
3b463da6-3157-4c27-96b2-3f265a8d49d8,Control
7cd8bb19-f5e9-4473-ba2a-c95e87452ba1,Control
09e9a41e-9e0b-471c-b392-16e46f03e61d,Control
15fd26c1-1457-4961-b8b6-02c911f0f615,Control
2b6fc4f7-cb11-4d73-a69b-cb3a62976d3c,Control
c40e732c-b1ee-4bc2-82b2-dedf0e31f8b0,Control
1b217784-fe6d-440a-935e-2401d158949c,Control
5cc41620-a703-4fc8-b1d2-9f02438cf49f,Control
be9a6211-9d8a-4d77-ac19-83facdfbf5e1,Control
2c61776b-217a-4465-9125-fc2fc274bdca,Control
1a24b047-dcc2-40d4-ad4e-f5a759b0ed8b,Control
0d7fd43e-5231-498c-ba99-258a8313a0c5,Control
7599f107-7520-4e57-835c-2750efec6961,Control
11ccf783-c64e-4d8d-b60d-a5938198258a,Control
8e2af97e-92d6-4067-97a2-547ce6d41f78,Control
2864bebe-a579-4cb6-9f04-4410ddbe9600,Control
672e479e-1c6f-41ed-a843-7aba57ce67c6,Control
ca3a8d3b-59bb-49d0-bfe7-0c6b302ac914,Control
2fca5dd6-50ce-4892-91e2-d592313e651a,Control
340a97f7-edb2-40a3-97db-70fc569fad94,Control
0062b1c6-8773-4c8f-aeb1-4a0c7e3e9006,Control
4df83c30-3112-4bc2-86f2-f5b5c74bbe5e,Control
4197d356-e7b5-4e21-82c0-ba5055702451,Control
830ee0c1-9bce-46c4-8f80-c8cb4f5589b5,Control
7aa3cab4-d5f9-4972-a927-c2cc3461955e,Control
15271e21-8cdd-4407-bb7d-6c69c7e4037b,Control
9eb3c1f3-a46c-4f61-9f45-9d81747df511,Control
8d696fd0-d6e8-4a57-b2c6-ef35051b781c,Control
d28ee46a-1dd3-45cc-8aeb-53bb6971ff3c,Control
6e214f30-73d8-4b2c-90e7-b170e1f6009c,Control
8528f454-a0eb-4793-8c2d-482b0fc7e6b1,Control
94621f5c-14f8-4d44-81bb-87d23c7f6b5b,Control
a19fe141-e7c6-4b52-bd1d-97505b585c56,Control
700b630d-d776-44b7-b45b-ea95647c88df,Control
f21f4407-39c6-414c-a02b-db42de6a628d,Control
a16a2fb0-3932-4fa9-95d1-bec1e42edb86,Control
2acb5afe-9ab8-4997-8e31-63bc2545327b,Control
c8cb2b74-2ecd-4e28-9921-faa1521e51e0,Control
f27d2055-e418-4ada-b9a8-289750b293c6,Control
6d803b3b-97fa-4e82-9985-457bd5f918da,Control
939262d0-597b-42f5-9236-1f2270244c8d,Control
7769c845-2806-4bdf-b5b8-7d52d4d8fff4,Control
cb77968c-b452-4508-bfca-575708774fa2,Control
8ad1a013-49bd-4a59-9d0b-6fbcbaaebe59,Control
e538bc25-72c3-4afc-943a-912b94d4e4b9,Control
1058ec1c-4aa9-44b0-829e-87bea9c9cc38,Control
f7027942-9644-4b07-8b26-351527e66c85,Control
e5f0e23b-913a-4e99-ad05-6867da76fab3,Control
5faa4623-9bf3-4676-95fe-9afe19c07b22,Control
6efa9501-b51d-4f77-aaa4-07ca1285d545,Control
8b580e4f-0e06-437f-aa0b-c27ba08d154c,Control
fb88132c-b9d0-4887-b431-5b2fcaa1157b,Control
b281b0c7-03bb-4a29-8dc9-5fc784049950,Control
e22b7629-f122-4d8c-ab7f-dc7bef0bdb43,Control
eff4a6c5-1a8e-4d79-b683-671486ed1c9e,Control
2ab7a2d1-b8ed-4581-b5a2-1b4a7c96071c,Control
162062e6-ef73-43e8-9d27-148791421b22,Control
8b1457f8-d5a3-413f-8842-aa77966e966c,Control
732b1251-11da-42c6-a9aa-557e4e53d986,Control
dca96268-4402-4354-99e8-d6f604171a32,Control
63f664ee-9d49-40f6-b2bc-8972ac8c1c3b,Control
bbb47795-c3c9-4d08-b13b-e744bc5a7195,Control
bef45d6d-7b54-4396-a336-7fe005cf5a91,Control
4e18a1af-539c-4b23-abf0-a10a602eba7a,Control
0972cd5f-f0ed-45c6-a6e9-236cdc727fea,Control
15ca66cd-5310-4aad-9d7a-65d0a671b10a,Control
a78bcd71-067a-4d28-af55-5e8ce44af2cc,Control
553cd644-56d5-4fa9-8da7-cf27a351ed49,Control
bc76f760-6273-4d75-a882-3382d6e078b8,Control
ce6ef876-c181-40af-83af-a2000c93c7e7,Control
e93fc1a9-b707-408d-8abb-9d99ba3ad4bd,Control
9b878128-9214-4f49-a78e-9715356be53a,Control
2ede62c4-fc45-46dd-9d7c-3d01b824f310,Control
65beccac-7679-44dd-ac7c-d386944a4a93,Control
a40142e5-fbda-4d80-b4c8-a2b775d2a342,Control
5d5298f0-fe60-4c51-85d4-42d4cba5aacc,Control
099349e9-84de-49f9-abb0-89ca127a1957,Control
a11fe5fd-1a3e-4028-b919-d66c1526d8b3,Control
9221771d-b8df-4d9c-9836-765fae8d0357,Control
e90147ad-5a99-495a-b0a8-68998e0403e5,Control
662c9724-a219-4c12-9ce6-36d9f12ac26b,Control
8464bc20-5565-4e39-8960-be0d8ca9a88a,Control
27e8f8a8-3357-4afe-8be6-49b86d8cba7e,Control
46096a0f-a586-4b0a-958d-0c58a167269a,Control
da0de063-3297-4903-bdcb-fdd2038fe5a9,Control
ffa0355c-13f8-44dc-a2d7-a0e0b050df8c,Control
29ba6741-baae-4094-980c-2b8c50d8b078,Control
4abf004c-55e6-4d91-8875-cbac5f733f7b,Control
d9dd9caa-69df-4ef1-a756-590b5c13098f,Control
6656e17c-a260-4e2b-a79a-c756e196adf0,Control
a1127ab5-98b3-4669-9817-f287f223f352,Control
f2e36447-35d8-48a2-9522-df876b4cad4f,Control
03ebc8df-e113-41c4-9140-301e718fa83d,Control
33a0926b-2f0f-4b00-9737-4f64e9433570,Control
20582fc7-7740-4b5f-a27a-78190dccc9bf,Control
c050f1f4-d0c4-4dd5-b2dd-b788deea7f7e,Control
9c56dc61-ca36-4071-b81e-50453bc8ba3a,Control
02e83696-eb17-49fa-af78-f2f083feb9c1,Control
3aef13ed-106b-4d0c-bb55-938653e77a06,Control
6d606103-61bf-4521-a588-2dafbf285065,Control
6b1456cc-83ff-48b0-95a6-2aa95ad80e61,Control
d55ef553-9c4f-4947-a2d4-904ad2f26bcd,Control
734a3d16-5412-4ab9-afd6-5046812b95a2,Control
a78b5859-401a-4830-afb7-619d32fea1fc,Control
5bebcd32-1345-443c-abeb-cfe60e49481e,Control
d4f60552-6ce7-4a2e-8c2a-2fee89bd6829,Control
54022837-c6ea-4df0-9432-b882ed60a31d,Control
7aec3e73-b5db-4b13-9c3c-92ea2fe4ceb1,Control
75d02019-ca1d-4d0d-80e9-8a20bb6a77ab,Control
fefa8175-5a0f-4aa5-8133-2402e5d955e7,Control
47afdeec-d7c2-47bf-b4de-74a4ac2fd720,Control
0c612fe4-c4b8-4694-8505-99fde9b1637e,Control
61bcdbcd-0db6-4d42-9e4b-41223bc3b7f7,Control
935df203-927b-4d34-b1a2-ef7ab135b3c8,Control
6805472e-26aa-4dd1-b249-f8ed4e6c997c,Control
db09024a-53fd-4828-a866-9fbaa492ba40,Control
a878d71d-674c-45ad-91b3-2f92ad9244a5,Control
5c0ac88b-7a81-4b8b-a351-c3aa89c1bf97,Control
934a704c-c7a4-400d-a6d2-22b3e411a349,Control
968a36a3-46cc-47cd-a17a-a2152405f4a7,Control
c86757b4-e66d-4fc1-98cc-0b4e52dc9aa5,Control
68923e35-dc49-43d6-a462-385fb9ed5179,Control
e1cbaee7-1414-44dc-8add-e957e698e8e8,Control
d3b2ba1f-5baa-411f-8e46-a9d5c643210b,Control
3e153165-3f91-4f86-a370-6bee9a860217,Control
17e9c514-9db4-458a-bc9e-946ca2f8a777,Control
e6640b98-9c9f-4940-94fc-abb3a9dacf7a,Control
3ed456fe-ffbb-4b88-85e6-ee4ce27ee6f5,Control
8afe1415-bbfe-4263-8c8b-769e3405a91b,Control
43c95ccc-b77d-4361-9099-f994d27a14aa,Control
132c0829-2a02-4f7f-b56d-c640cb5873b6,Control
0e87c12e-794f-421a-81fd-bd28e8ce1c81,Control
b19e7b41-beda-49bc-8745-370ffddc1a18,Control
d3ecd9b6-1cf0-4616-a77b-0a3e4cc471dd,Control
5a075e6e-d269-4d4a-9a95-9ec0aa655e20,Control
c9531972-4b6d-4a07-8a70-6f6e0dfcc410,Control
4c3018da-2849-408d-a100-af1d4a046c24,Control
b8620151-ed9d-4551-93b2-f231bffd64e1,Control
c3191044-96ca-4b51-91d6-cae46c180590,Control
016264f9-20e3-4686-9fe9-5854566dfa2a,Control
a2180aeb-a596-4b03-840b-4656bee1806c,Control
9262e530-bcb5-411e-b801-3c246aee458e,Control
ca3ed624-4b20-4bcc-80c7-4089e9315598,Control
247440b0-8989-4057-8ace-693f0c9f867f,Control
f88e6eb7-7723-45e2-a05c-5a14575a555e,Control
bd83ccbf-bb30-46bb-a4e1-c7d37b292b6f,Control
84b060ef-d3b8-46ef-86f5-8b4ddeee175c,Control
328b59be-56c8-4026-b7f0-67542edbf79f,Control
29abeb70-3686-420a-8a19-eeeab77db999,Control
a37fed6f-fccd-4a52-98ed-9a71020e0ec8,Control
eca6330a-abde-4e70-87a4-e853d5a254ae,Control
70d76f70-05b4-4637-9e97-9b1e731a1002,Control
174e356a-85e9-4482-a695-718ad89581a5,Control
f05af8d2-4bfe-4362-bb73-3b8c6bcc832d,Control
5c08626e-f72d-4460-a0ff-8c34dea38d4c,Control
9b3cfb11-e91f-4b45-add9-9c7b5135fec0,Control
97d1fa99-749f-488d-ae5d-2bc7c2a9421c,Control
f5847944-718c-4b5d-902e-b7cb7320b8b0,Control
68162dd2-5017-479b-afbb-9f3ec8f0f4b2,Control
32f124ba-48cb-4d19-a3be-f157b92df2bc,Control
f22dffac-6694-4868-8a6e-420054c39d81,Control
e5ca22b0-9f41-413f-ac1c-5129c64299d7,Control
f5ef9f65-32fb-49f2-a105-a279498b4364,Control
f3e68352-1eac-4664-a879-dac25a1f0206,Control
741ed9a8-689d-4d9a-8f3d-b10e334d3d65,Control
21a07ca5-bba6-4f3e-ad5d-7b2be5b67f15,Control
16624533-6bfd-4aba-be7a-afdc0e0c4110,Control
6b8dfc12-e01b-4341-b102-f16226e4d632,Control
5a64ddfa-2135-4e10-b517-b0df3acd357a,Control
05f944ee-4254-4a22-9f16-9d8c05174dea,Control
f07f21a7-a7d7-4f4f-a843-b5a3cfe821ec,Control
81a316b9-dff9-4387-adfc-131b936771a4,Control
714d2da9-f7cf-44b0-920a-b672cf8d3416,Control
8b4ec4f6-a5c6-4a57-a057-48e8f59177fc,Control
79453d08-1543-45e1-9581-0bb3960cbc41,Control
ec975251-16e4-4336-91bf-a3d7b259c867,Control
a4101a15-cb71-4b7d-b7e4-cc1b6cdfc337,Control
33a07383-4823-4c55-bb62-3064344aed72,Control
a42f1a7b-f70d-4f86-aea0-b4bd0c002952,Control
9b4575d4-9b11-43df-95cb-2bc057252960,Control
a253ce76-cada-428e-9d54-3f85241d6790,Control
460da524-f839-4c26-ba72-dba3f66c6b07,Control
9772fa14-6931-4c2e-bfee-a0f25c71156f,Control
52dd9798-2ac5-4c6c-824f-eec513fad013,Control
304ecd2b-11da-428d-9654-753016650193,Control
60e314c4-f93e-4b11-90ff-4392d85cac76,Control
f53fc42c-7730-4719-8728-a073d12ec875,Control
eef26f15-7f3c-4fb8-a1fc-3135edf152ec,Control
3bd099f8-9e99-47a8-8db4-a7a674e72997,Control
2f227932-21cd-4435-a688-2efbaecc0845,Control
15bdb091-ed11-4aef-ab39-211ee06f6045,Control
2ac1746b-3cb6-444a-8519-5634a76712ed,Control
b701ca58-2be2-4efb-8454-f27a7244fe50,Control
feea1e49-1931-40da-8079-b8d910c34bda,Control
9a6bfe37-0372-41a8-818a-ead2744539e5,Control
33936056-6e48-4b27-bb02-ebb25cbbd82c,Control
b9b026fb-f4c3-46fd-b9fd-8eb497bcf4f2,Control
fe58a10f-a441-42bf-bcf5-1cb9278929f1,Control
d6867431-10a8-4404-84b8-d76e0aa2e9b2,Control
9d6e138f-6cb4-4d70-8336-217cd5fdec37,Control
300066df-356a-4785-b5e9-d539511b677c,Control
7fdea35f-8e2e-498e-a3ab-b6e84de210e8,Control
0551b05b-e426-471e-8c6d-ea675c70b59e,Control
6fa655c9-8d9d-4828-bfe1-832326bf18b6,Control
50c320fe-e78a-4633-b288-876d9805d966,Control
da8141f8-69ca-4392-9792-50e32c069957,Control
45ebcef4-672f-449c-a065-ca8a38452492,Control
ba45ce55-556e-453b-8387-89563f558473,Control
c3d5530c-cd43-41f8-98ca-f9158db0a2e4,Control
e4f5b1d6-dea4-4ae1-85be-3e3067882e49,Control
b689afc1-909b-4a30-9a2d-428dbc5d06df,Control
ae8192de-3bfa-4109-b817-98799c922bd6,Control
804d1fbd-9407-47b2-a9bf-d58c771329c8,Control
e7c4bc24-aa4c-4b59-8c0f-8382f62b03f6,Control
668d5f6a-0e2f-4b49-9c2e-2674242fec07,Control
a5cc2f70-a090-4052-ad67-1b1804a953be,Control
e033da45-97cf-49b2-bfe4-a7e016c84989,Control
d7b23592-1a9a-4e80-81ef-13edb415a540,Control
e4740ee9-c556-4d32-a7b4-8272043e734c,Control
354d71dd-1d37-4056-b3a3-87af49dbae97,Control
310ef4cb-c6a9-4431-96ba-6ef6a7d3ec1c,Control
cf7614be-bf8b-4b60-bea1-4243e40a1043,Control
b882fd53-c115-4913-b18c-e87fd4f3eae2,Control
d735d5b1-b997-4318-be9f-717285a43a55,Control
37c079b6-c23a-4d80-ac76-bc356f9289de,Control
46eed61a-5f0f-41fe-a785-c91a0ca11aaa,Control
5600ce0f-af5b-4808-8e68-17ef617f2a99,Control
510abc29-0d10-4220-b4bf-687f17cfc78f,Control
b57f6c0b-04f4-44eb-ae5e-b94dc9b41323,Control
5784c393-9784-41f7-badf-a074d069bd76,Control
9a995ba0-667f-4fa4-89c2-18bc8603a748,Control
b963fd20-76b8-476e-9d0e-2810b0c86dad,Control
b73b06fa-83f5-4dbc-b388-17fc32094d65,Control
19d4d996-2aea-460a-a73d-4f8b2d57f020,Control
25b739ab-2cc1-4980-9634-383b58971b2a,Control
185d093f-57fe-4fe8-941a-0966319a077c,Control
e8f925f6-5d87-44c1-bd6d-a8413c541a86,Control
5a116032-bf7c-4aaf-a956-aedc923d906f,Control
fcbba568-871d-4546-93d8-1fd51ac8b667,Control
f5bb4223-f31b-4455-ad66-d714260a0b8a,Control
f08773a7-c6d4-433e-8438-d06d7d343938,Control
399412f8-55ce-4e75-99a2-5af1edd6f387,Control
4da17491-707b-4c5f-b100-045209102052,Control
bee10626-375c-47a6-8845-8e78d0515f00,Control
c1a9cd58-caee-4dab-a446-77b209dff411,Control
91046752-33dd-49c5-a47c-6fe9b6f0cf54,Control
31cdaeea-6380-4df7-b0f9-dd4227184c20,Control
d20e9142-42c1-4544-b318-694d4d120278,Control
5b658c94-63bc-44b5-b48c-169beeaaf40b,Control
6810aa78-41e8-4652-8e2b-7aedfa299fa0,Control
28bef4ed-d022-497c-b9d9-f3b5b96a1e15,Control
c063f118-df46-4196-8686-980afdc0bd6e,Control
25d4a296-38c1-4267-8569-43a189d467f4,Control
968e44ea-ed50-4841-848a-974bb987078d,Control
2aa1dcad-6445-4149-a709-932e904a1bac,Control
25887045-7c58-4f4b-959b-7d6a193f0737,Control
86110bc0-5d7d-47cd-9536-26d2778d27d0,Control
88f6d738-15a2-4644-860a-e7ed5e14fdf6,Control
6dd522a7-e918-4ce8-99bb-bcfe81f8d449,Control
76828e10-5989-49dc-951d-5b60015e2e96,Control
969c86da-b7fe-4f3d-a5d6-fde4f7ac82a4,Control
e1d05b8d-5cdf-4bdd-b5ae-27a74115c4e6,Control
013d29f7-f751-4df9-8877-dc95901f3236,Control
b15481f3-5af7-4234-b9a0-0c1273770a4f,Control
ef38c455-75f1-42c1-bd9f-868d6501e5ad,Control
42230ac0-dc94-4a51-8024-d8adbe0c8e0d,Control
1813812a-b6b4-4f14-a67f-636756beac0e,Control
050f62a5-5b86-4341-8de4-48df3fec2e08,Control
74be562c-3fd5-42cd-9d64-ad44030407eb,Control
4dd7b31e-eec4-4bea-b7b9-f77524eb6c9f,Control
824e9eb8-5020-401e-8975-74705ebf17f7,Control
210177ec-8299-46f1-afca-3ad0e90bdb72,Control
c7da26df-9827-40d5-a418-a72872012919,Control
a5485b67-96e1-419f-8175-e45a0bc199a2,Control
6c400cf2-ddf2-4684-bdca-e8897dacf2e7,Control
b499d086-f8cb-408e-9d28-798e77706682,Control
27d5aee9-6b90-4aa9-9bad-a65979458030,Control
8a9ebd0a-5a41-4815-ae64-a9a74fd03ed3,Control
6842145a-e149-4df7-a7a3-5cdf127fffec,Control
7479f3a6-736c-4107-86d2-35115ea22cfd,Control
52722e03-f90d-41aa-9607-a0a5af77f3f1,Control
9d764d85-68c0-41d5-8edb-cc7c3b478629,Control
8bd1cd03-f4a8-41b3-8bb0-b869c6c5aac9,Control
73b2e953-bb3d-4a09-92c6-456db7287773,Control
467fe8dd-85d0-4f84-83e2-7b9c466ffec4,Control
b74b68bd-3b4a-4e81-aa70-c652f37519f3,Control
ed7a66f0-270e-4f0d-b869-41bcfa56424e,Control
94c1ea22-5134-4dcc-ac70-a50111758626,Control
ffbdb60b-af0f-4411-b151-2e7a5061c6be,Control
bbef98e1-468d-4368-a21c-99fdd26367bd,Control
5f5a593c-4755-4fe8-9115-7fd2e4fc62f8,Control
3f93ce8e-c3ba-4f8c-a33b-a6bace25b648,Control
814d9427-a731-4424-b871-3f4ad2e5ba86,Control
9bb6e7f1-4110-4fec-ae49-6c7211dfc492,Control
33d1dca9-7a80-4a6e-b956-02fa4fefd556,Control
a3d1ddf3-1b36-49b2-8fae-c98467340cbf,Control
f96c93ea-4220-4cd4-80df-68a1bb3a5217,Control
096d9a08-f13d-48af-bd7f-2370dfb89a19,Control
6ed2cc84-87cd-4eb9-8ce6-73e0330d2877,Control
29aa9a44-b2b2-4b2c-87ec-c97ff55eea0e,Control
1539fbbd-1f02-4ec8-8daf-f26d91fe1d74,Control
0c4f3221-6046-4633-8abc-c35361ae648e,Control
155752eb-a297-47e1-8a4b-aa08c0f42f2a,Control
4ca9985b-43b5-4523-a9d3-0bd59809c50c,Control
6c4561e2-1614-4036-9857-b032d2651d30,Control
47f81f99-33f5-44e2-81ca-23bf7fa796ff,Control
e81ae84e-9be3-4f60-95df-99111f105887,Control
588062bc-8f7a-450c-9d66-50ddb0cd3396,Control
ef873a36-6b9c-423b-8cb3-62c4ba644de4,Control
b845e558-1273-4c50-9daf-cacda1dc33b7,Control
e70fd287-78a8-423c-bcbd-555fa076aa3a,Control
415725af-81b5-45a9-8d5f-61876ea3c439,Control
734b0eda-cba9-4286-b026-f5ae39baaeb2,Control
4b086a7b-f002-467c-a7c7-91ce38e992aa,Control
343f7320-7fb3-4512-abbe-7bae67288504,Control
37825cb9-0e07-42b5-a518-14e83284d377,Control
9d860705-2295-4beb-b41b-5b9f64f89d5d,Control
0a1ddd91-e903-4d9a-ab25-80449c20a291,Control
d34798a9-e9cb-4031-9530-7a95399fdce0,Control
a35bfd62-bf3b-4349-9322-c758db150cae,Control
028f302f-497f-415a-93c1-4fc6cf2e18be,Control
7da63d3b-838a-4e68-bc40-ebb060f04d5a,Control
c30f3954-4171-4777-b43a-784cd573923c,Control
fc26986f-a345-4155-a747-d8b46a513735,Control
ab0855b9-b5dc-4dc7-b9c3-6015c0f41664,Control
a4c6105b-1a53-4674-820e-120be565d73e,Control
9ee8bdf2-bc8e-4eb6-a267-3b343990430f,Control
e4d9e8ec-42b7-482a-abca-c06afe77ccb5,Control
7760750d-9050-4b22-98e4-006b6882010b,Control
cebd7356-2a06-423b-ad0b-6cc179ba3bb4,Control
cb224cb7-66ef-448b-a2df-1dcfcfa97043,Control
13c7913c-fcdf-4c51-b193-9f3a9a190508,Control
55f5aa2e-5645-47e6-a9f2-b8707b5313b3,Control
5149e0c8-d3cb-4cd6-8fa4-8990531f5477,Control
d5cbef09-b427-48d4-b657-2dbeb055b28f,Control
1d341212-60ed-4bdd-8e48-5830b1d1861e,Control
862c6d69-865d-4b15-96cc-46c7976bbd36,Control
51d213b9-c1c4-4a0b-8a26-3541b7e532d9,Control
7e33534a-f878-4715-8a54-a712b1e6b32e,Control
2c7bd5cc-1956-4aec-9acc-6df48dabf1ce,Control
a63dbed0-09bd-4195-82e5-c77f34820687,Control
d446d2bf-5f35-434c-ba9f-cd2e27311c58,Control
b750aecd-55c1-4743-b2ca-b1c81c522472,Control
3818fec4-bf2c-4351-99e8-eba3c64376df,Control
64ca1c2b-4273-47af-951e-0d2ec137271f,Control
2680132c-b6f7-4e90-81d9-28069e988d42,Control
531b9388-88e1-4765-9295-3e44fb772e58,Control
3666a20a-a725-4990-84ec-711590645b6b,Control
32760a32-4320-49bc-8d1e-e5785daddba8,Control
ef3cd935-84d0-41e8-80d4-b59c6eb2c19b,Control
0300de8d-8d6e-48a9-b850-d42164a33cfd,Control
44c5a9db-f2f3-468f-a87c-c7dedbbe0228,Control
f55c6e32-cad9-496d-8bc9-b4d617ba798d,Control
1f6ff1ef-c5dd-4ee4-8f07-3cbdee5dde22,Control
6de2665f-881d-4768-9a5e-9639972c52cd,Control
4b18dbf5-dc3f-4bd6-a2f3-7498392605a3,Control
b66c0fb4-04df-47d3-bb1e-266a4df16636,Control
20b33e19-fe30-4e7c-bafe-50587937e8c3,Control
cfb0f548-0f9b-4625-a5e4-62969cacfb6c,Control
09a99d6e-30bd-455a-bc23-a2a1ce83ee36,Control
c9f84d49-ddc5-4b44-a929-5febe8322f94,Control
a084aee2-c17b-4518-874c-fddb26c830fe,Control
61d0606c-8d94-4e62-8532-edd87905859e,Control
11b46031-1907-4576-b1c1-ebef7d1240eb,Control
43068c94-8621-4dd8-8146-6a36e22e5bf3,Control
c30d8be1-5ea6-4dda-a594-075e4c436201,Control
1564d09d-612e-4032-b60d-07f23b687040,Control
9e964666-0283-4284-aa46-03bf1e3fa795,Control
6fabde4a-6c30-4c16-9e47-e527b4c7795f,Control
5633b549-5c74-40bd-9990-3b1af69e5826,Control
6ef10439-066e-40e6-81dc-3a93f614832e,Control
1239b938-32d3-4697-b7c4-d9e66f5aaaee,Control
121acb6f-dfb3-413c-8d69-78ab78f14efc,Control
4f823b1d-e314-4d3a-b6fe-350711664b51,Control
1ee4f581-acd3-458d-bae9-3709956ac9dc,Control
97989fd1-1faa-4e85-86a1-9a029164eb9c,Control
7f62c1a1-bbe6-45ec-84e3-371e03c589a6,Control
fed18ba5-eee5-4e31-9fd8-6d8d5a47421f,Control
792a6cfc-dd9e-4d75-be67-c970cbe32b21,Control
dc943140-f450-4a0f-ac24-8626b46c4552,Control
01b0dfef-980b-4538-a5c1-46dbabc10a87,Control
efb8b794-8497-46be-9603-e7622f7fadb6,Control
177ab31c-5b58-4fda-a867-4692da7bff3d,Control
23d5651d-ef12-4a7c-a6c1-36fc9bfe4a02,Control
1786c7ab-3503-4de7-a3bd-eb646e350dd4,Control
1e7fe914-c592-4744-9ae5-d37575f76afc,Control
c0bcfc1e-d3eb-4900-ae6a-9c9a1fa68743,Control
c6216fb0-2855-48d5-87e4-b017cc43d0c7,Control
c92f614d-d70b-420b-9821-65e6af1d500b,Control
c6285bfc-258f-4aeb-a3b2-9080e80cea9d,Control
740e92b4-3f25-4d44-9878-4c507d98e2ed,Control
3a833f28-940d-4e13-84f5-b5d6ea4d11c5,Control
b4c09472-068a-4c1e-952e-7b354fd1d575,Control
9224a92f-ec65-47a6-ba8e-eb356b2f235d,Control
3c43d59d-30da-4a53-a738-de4afa0489a9,Control
0615037f-fa7a-401c-9169-b5f3e4c1141b,Control
33a888a5-e523-4170-aa3e-2af8508dba1a,Control
b83310f4-e202-4817-a90b-a6cb72e409a8,Control
8fba93e8-97f6-4a90-873d-3e29c1738943,Control
98eb7241-f2a4-4645-852a-3bf2233bb46a,Control
0f28a749-eb24-41d5-954f-3a4a0e479376,Control
5f2ce294-5fa4-4049-b1fb-3aedb55a0c16,Control
d027f3d2-17ee-46b7-b767-6f34ffa5ae35,Control
ed625bb8-eb4b-40b4-9e7f-b4c57bd11897,Control
da069569-9ea8-462f-a6cc-03b191a21ce9,Control
e970c4b6-ba52-4f01-b7d8-465b4bb89d65,Control
fc068b90-c8eb-4940-9223-5d8bb39fe204,Control
e1b64de5-5fba-4e5e-97e7-8e18ceec4522,Control
998994af-a3dc-4572-b7e1-61f72795c1f5,Control
28a550e6-c04f-4b86-9c36-cec552aca3d8,Control
8ed6fed0-e366-46ab-bb68-34868b34e1f1,Control
c7cfbce6-24fc-4158-959f-1f0a4a043734,Control
1f96e403-493a-41bb-aa82-037b7163eb02,Control
97cad4c0-f756-450d-8d98-65389f2a52c0,Control
101f0d84-d9b4-42a7-9111-1b67a4e8e661,Control
2bfbcbaa-a31e-4ff0-b4f4-947093c3fd33,Control
d0c1d732-a0e9-4c49-aa86-4e7bf7c833b4,Control
ad3fb864-e75e-45a2-9cdd-502cf9033c28,Control
22af9732-7d59-4d76-8d22-e8b7be5650f7,Control
46bc21d0-e0c9-43f9-8d7b-3176f564169c,Control
54fcdefe-c66f-46a4-80a9-b045926a4ec0,Control
6c14d118-3078-48a0-ace8-32f1acdcfa63,Control
aab465e2-1365-497d-ad93-360c263ae4a7,Control
39b5bd9b-935f-4c50-bd32-82e094cd6b0f,Control
01d7223a-8529-4f62-a5bd-4b4302d34772,Control
2bb66e48-a49b-4040-b7da-df24a3c29c09,Control
500390da-a15c-4b47-89d7-d61a16461caf,Control
6e7ee31d-82d7-4e7c-a83f-cbc864d9a91e,Control
f879dde7-cd44-4ec3-a6f6-77399117c361,Control
c43adfc6-a850-4df1-8afe-75dddfefe39d,Control
ec6413a9-b924-4833-a2f6-9b0410704cfb,Control
23ba4a7e-8b38-41f0-b663-a21445f87690,Control
08c829c0-068a-4bb6-9ef1-b59ef4d84878,Control
65a4fd71-c990-4570-a755-1f8c5410cd4d,Control
a77418ba-1699-4a61-9fe8-d8deaf9d7fea,Control
f71801ac-682d-4c7f-bcf4-b29f85c1600f,Control
d48939d7-3bee-4d38-8174-b1774fb040df,Control
7f45f314-9280-4216-ac44-04c1633df4bf,Control
8db8041c-d902-4a4a-ae21-e09cf6ac8a21,Control
38575a9e-4148-4394-8056-a5143930b775,Control
b5899b0c-8bea-4749-8590-1309b24d305d,Control
d8ebf165-4a65-49b0-a7c4-7ca05a6b0582,Control
eb6fef58-7d76-48a3-a82f-0b159e40a9f3,Control
dc910997-a636-4c4c-aab8-74927b8ad6c6,Control
0762ac8b-fa0f-48b4-9fe2-b0816d62e243,Control
92a95d39-821e-4be7-ae0a-ac7eff53afa2,Control
51be7e8b-8697-490a-b051-89367d624b36,Control
efad385e-bbb1-4333-b3f9-5759c4f34d10,Control
23b6a5b5-d2fc-489c-bd27-4d904657bd7a,Control
db52fce1-103c-4d23-bd33-01a3621a5b69,Control
a375c90c-3c67-4ea3-befd-bd2ded9ef79f,Control
45a13c5d-d61f-407e-bebc-cb392fab594f,Control
ce191b4b-6b54-459e-bb57-d091c5043b66,Control
5ba9a0ee-ee0c-468d-a985-5cddd759e8a9,Control
2df5af59-824c-4e7b-b478-6907009b0ff7,Control
9d858003-e433-45a4-bc98-adea63f8f8a9,Control
13e5f951-2c2d-4f51-ad3c-62c4153bbe00,Control
807530e9-85fd-4e8d-a870-93aef5497831,Control
a66a27bf-605d-4ac3-ad90-021976b46b7a,Control
a13b26bb-03ed-48d1-8670-ac0de19c8092,Control
1d7c4f4c-c959-4f94-ab4d-3e347eb2acac,Control
081c0308-aff7-4a16-a10a-584bbd90113e,Control
ad399b5c-aa50-432f-9113-e7dc78a53f27,Control
a8015e9b-283e-4ca1-bfa4-e7b5524cf5d9,Control
2ebf0d7b-1954-4214-bc02-6926e5546b87,Control
50866d5a-4a22-4a92-9d9c-7bad1831b92f,Control
8bb93e1d-350e-4a42-8ac0-a7c56e2cd97e,Control
8251e6e0-ba2a-4289-ad6d-28e21f6a9ae0,Control
69e47bc3-842f-4d5a-be97-2c2c69bd49dc,Control
414a5190-3bd7-455e-a180-a1ceb09861d4,Control
0a6a21f1-9114-4d98-af86-c181163b6b42,Control
f758544f-610e-4b57-9b14-d48b0fad25b7,Control
b9eb1d70-f936-4ebe-8b24-f20589e67702,Control
ffe82d71-7b08-415e-8218-a00a5e0fe204,Control
58ac2981-d013-4b2b-8c35-8a7e440d90b1,Control
b11d32b0-6cf0-4fcb-ad53-a7d760569e9e,Control
b04682bf-df00-4c96-9e5e-e7fb28432bd5,Control
4116f526-c7f8-412a-999e-7374125d0435,Control
0a357b50-e2f9-4732-807c-b621485b5416,Control
e09a5b83-547a-49e5-ad46-df9223385b2c,Control
2e25db9c-6d57-4917-bc17-7c906c3b7559,Control
77ea31cc-39ff-48bf-9e0d-d052475b45c7,Control
2fb0fc2e-19f9-4492-abd4-cb06bf5570e8,Control
52cbb883-29d7-49c4-adbd-5aa3bbf4cc57,Control
9214414b-bfe8-4d19-a79a-6e432c00b2d0,Control
e011c8c8-e976-4c37-99a1-1ec3becf8aeb,Control
12c67e34-f58f-48cc-98da-99ed33cd47ad,Control
977b1c9f-868f-438a-95ca-630a99fd1e58,Control
cbd1b523-ac0b-4586-a32e-6f0c0a89f3b6,Control
afe708c8-c723-42f8-a32f-d150f4aa108a,Control
3aef5b71-9533-4ea8-8985-257efd28876b,Control
da792181-6e7c-40bf-8e72-961ca391f2ec,Control
54fdeb2a-ef2f-499d-b11b-adaa63f37d86,Control
4298033c-2b9d-4fb2-bd75-47a299a613d1,Control
89681598-8101-4747-bdf4-470f24c60a27,Control
a73d189d-f354-48a3-ace7-023e39892ef9,Control
93c34262-0ee9-4f05-8df2-2f5f953ac078,Control
ba255c32-845a-4a4b-97da-050ad93e30bb,Control
8e9a166e-5417-4063-ad3a-9c82da8bce55,Control
01d76a2e-d303-4873-983d-df382ae7a047,Control
87bfec69-ad69-4141-8914-feb329fec326,Control
0be66dd0-0a8b-4cff-b980-8bb41f9544f4,Control
afdd1f9e-f2a1-4109-8b51-3033b9c166ec,Control
a15f0e46-233f-4345-ad67-cef358c7aea0,Control
fcc0ac98-04a9-4ddc-8f58-bf0228e0b069,Control
ae8882b1-d56a-4b2e-aba2-a3ad3cdba717,Control
9c689702-df97-452d-a181-11a87653ddef,Control
40441c1b-397d-4448-9334-c6d6ae7ea93c,Control
942c2dd9-9599-436f-a342-2af8df85726c,Control
d5f8da99-a692-4b19-9070-95f04d18fbe9,Control
4a2fae28-b5b3-4448-853e-9fa3c3291716,Control
c5d65e10-9122-485b-95af-b731622247bc,Control
e94cff79-9cc4-436e-84b7-7841c5970310,Control
ee78622b-4f13-44f2-a461-975a78b45401,Control
0b931048-e700-408d-a338-6f5fc08dcb17,Control
53e48495-7cb1-4183-a147-539b29a33b53,Control
009c9e2d-e272-4df5-b6bf-715d8b233c3a,Control
6b317c55-f886-4c78-8ca6-7c7b3ac756f3,Control
2ee241fb-0558-4c45-a32d-d9a1a09de876,Control
9d7703ee-43c5-432d-a3a7-ac0499b81ac2,Control
2c6f658d-e032-4114-a700-ad2d39bf2d59,Control
72061ddc-a703-4c85-bb40-78f7b23fa997,Control
0b644d92-cfc2-46a7-86bb-611cb336db1e,Control
3e99ed53-925a-4a1d-8801-c03aa001128d,Control
2a73f91c-8b26-410a-a05a-f82ad3fb7b6d,Control
1d068ca7-fd2f-4ab0-a939-d05c853c5a3e,Control
827da687-c1a2-422c-bfc0-98c1b6e68b5c,Control
928d0183-8dfa-4b35-a71c-fac8cdfb12da,Control
f31a8bf3-af2a-4df0-9be6-b0a1490d0d78,Control
493d252d-b0b9-4c46-a6c1-07929f6be846,Control
2be22449-c7fb-46f3-aca8-c543911bc689,Control
a783be4d-e8a6-4e6e-857f-4f3725d566c1,Control
7b523459-465a-4621-a385-29f21299775e,Control
44659ef2-deac-42e9-8790-46cb4fb98061,Control
7f6542fb-1b30-4f24-a2d8-fa9645b81b9b,Control
09a56d4f-8aff-4938-9fc2-ec6d50940612,Control
a62de359-a9a8-41b2-8843-63b384ecbece,Control
980d7d6c-2ae4-4550-9a1c-5e6d8d21560d,Control
0df77308-9c32-4df2-9877-d18a4e3cec5a,Control
4079ab09-0b67-4811-95ec-041756300be9,Control
9fe4240b-7345-4877-99d9-57c7cb679d70,Control
27fd101b-3c44-4fdf-9f5a-e1587f62338d,Control
40d5fe76-b60d-4bbc-aedd-142f679a3200,Control
cc26ced0-89ce-4656-a078-2441de0c483f,Control
966cff03-14a3-40bf-bab5-bc977530cd75,Control
e06be937-bc01-45b0-9cf4-4c7529a7cac9,Control
b66b5f1e-2721-4556-9b4e-c2687e609899,Control
0b954901-844c-4997-97bd-df6404f06197,Control
6b4c23a6-1075-480a-bd8d-cc5ab1841be3,Control
11d82b15-e611-4317-90e7-67976743ec4c,Control
3223071b-5968-4d7c-9d2f-158a2a9a5e3b,Control
ae4b0331-271b-44d6-98b7-aafb602c0cd6,Control
b35adf86-41bd-46d3-acf9-02006a1ebd27,Control
28fbf36e-5e2f-41ea-920e-2b57c4e9b8dd,Control
da18accc-3a3a-4e76-881f-020774488b35,Control
9b83a932-8f1b-4da9-af57-8464eb0a03ca,Control
a7f0de4f-a180-4e20-be12-a69b88833466,Control
d51528b9-e0ea-4e01-aabf-efe9904fbb90,Control
ad053daf-715c-4394-9d50-694893779a2b,Control
84604cec-f7c1-499e-8a55-243a046a1603,Control
baddaf64-f21e-4538-b7af-5278851d2436,Control
0edb6482-816a-42dd-8efd-eeee91592e16,Control
68f0fa49-8192-4461-bda3-d9a38cac6d68,Control
0be124da-e743-48d3-a545-526560acea09,Control
4cba0e0a-3fae-4ef4-b401-e2bdd87ec892,Control
093e7924-6f82-4ac1-a8a1-88a45a62c056,Control
6113612f-a090-4bf6-80af-a2d39b77d5cb,Control
5660a1d2-9819-4219-aa28-09e5bd3076ed,Control
366aa9ca-168e-419c-a6d7-f23f7f3fe053,Control
1c6834ce-1169-4182-9ddc-4b2cde1587dd,Control
e64e46da-6184-46ac-8734-1d993ff8f4b6,Control
712e0ea0-436f-43b5-8477-4cfce194feba,Control
8298de0e-e053-4012-9b07-cf5f66b1283f,Control
176a6df1-7dfb-4efe-aab3-2642d2a9056a,Control
c3edf7ec-158b-4ef4-83cd-030a352c0ac9,Control
50828948-d0db-4ab6-a847-829c11540587,Control
4a33fe0f-d50d-479b-99c1-4473f008a67c,Control
c3a05b46-a2ef-4465-957a-070cfb4b8be2,Control
3418b0bc-2a57-4040-9614-675ce1fdaa2a,Control
99224b38-3405-4552-a69e-eb7e8533e180,Control
65cc5dda-168f-4c36-a64a-458bfc326d00,Control
ed251c7a-d347-435c-abb0-66e16fc9bb81,Control
6abeda10-67ed-4026-996b-eb28405e2c22,Control
ab8a4fe2-e4d2-4384-91c8-ebf332801f5b,Control
45b2bb1f-9380-421c-b4d0-277b838b974f,Control
7da2a012-b0a2-4341-ac0e-5d2d41b256ae,Control
181bfce0-8115-411e-a95d-852ffe52180a,Control
96810822-929f-478c-b836-3be3e4c66a9d,Control
fbfe551d-8477-4284-98a3-88621ea651de,Control
a079baf1-168a-485c-af08-1b4ddc14a8b5,Control
bdcf92fd-161f-4e49-9a2b-b698de36c257,Control
a7862b49-a059-45e3-8e90-401243cd1316,Control
c2123b80-144d-4b15-a494-91dec96ff71a,Control
3bcae943-ee6a-4fe5-b8e2-5c2e862cc4a0,Control
c73ba2a4-ffdf-4989-b348-43ed5bf1d2f9,Control
b52b8111-aa88-4c8f-89c6-6f0a0bc8ae31,Control
803d4510-7c38-4895-990a-fef00b4af1b4,Control
05e7faa1-0793-456a-b6f6-40e76179b36d,Control
4edc7920-323e-4cdd-90a2-754c6b9ecfba,Control
05871e87-3180-4690-9cb0-2f6803dbbcbd,Control
4fcc76c4-cab0-49c6-afb1-3e90b64b23a3,Control
597de8b9-cd98-4ee5-a98a-9b721910655b,Control
48ed848a-7eaf-4deb-a146-88be66f080f7,Control
8862e156-4dc7-45bb-a41b-b576df2932c7,Control
6fbb2581-ed61-48e6-969c-91fd653c9e41,Control
b1987d74-8b22-43ee-8de8-2e448c03421f,Control
0a05d6f7-ada7-483d-8e73-b5dd61db37d0,Control
2f9321d1-cba8-4850-9c7c-3c62f9893b0e,Control
c2537701-daa7-4399-82e8-c0d2b776602e,Control
a5866937-b75b-4ed2-9882-369ef54a526c,Control
a649e78f-f56b-469f-9e3f-b4338765a76a,Control
42fc5fb0-c103-4312-8d56-9e13d8193695,Control
fc2a909f-4b10-48dd-8f54-ae8d70942c08,Control
5c80c349-2c4a-4638-9595-e78ca17aea66,Control
cdb5d341-4772-4a18-b37c-43035c16738e,Control
eaa66b50-8a5c-4502-9c1c-c678d1443b4e,Control
3365d206-17d9-4f32-95e7-c1dbf8b80d17,Control
30445f46-af8a-430d-bea0-2d21e4c22ad5,Control
4c0fe91e-3a32-4214-9605-f0c816c998aa,Control
9771e2df-7828-414c-9d0c-f89721e63e7e,Control
a8faca2c-f136-4126-9664-fefd8df0a450,Control
6e55a3f8-be25-416a-8bcc-d1064d039e20,Control
b8f80b64-8dde-42cc-aa2c-d191d8e02786,Control
ffc77424-8b82-4957-920e-737c92c86683,Control
cc2abded-d520-47f2-ac43-e3202b311ff6,Control
e4cdd743-1f79-4541-adee-40952a3b1be5,Control
f3659546-c80d-4f4f-8603-1de3c27a7f92,Control
081ae243-4d6b-4f8b-98db-ae6c38193e66,Control
09f2907c-2dd7-452d-891a-b59b8d1eefab,Control
4c169278-d83a-4cdd-bb9a-5c7aeecb8aae,Control
1d27a7e8-d365-4189-ae20-1cd4cf69038a,Control
6a66bc57-ab32-440f-9411-b0b998236f66,Control
f7535296-ac68-4373-bdf2-38f09066e830,Control
074ce123-c432-4ddd-acfb-2803e8246cac,Control
e670870e-a919-44c2-97c0-d4c9df724b9c,Control
63651ef4-0b73-4ea0-8949-1082fefc6310,Control
2903e335-9024-45d1-a9d9-4a2ed1b3b8ba,Control
0e60b9e9-5f0a-45fa-a80c-9cc1d38d0776,Control
c1a9b8c0-6ecf-4810-a748-76e7015b08f6,Control
87432645-1bdc-4efc-ae06-b05fac9ff4be,Control
3bc5cd8b-98d2-4bf5-9684-d09191b6b31f,Control
13d66e06-63f3-4ac6-935b-5d5001a0af4f,Control
106c5355-65b8-45a0-87e1-ed8c67faadaf,Control
76ecd08f-a10f-4d67-9ea9-3669eb5f2eb9,Control
35306918-be9e-491f-a7b0-9a556178b77a,Control
a80dafc3-7104-461c-af4b-e9aabf743d58,Control
66cfcc22-9cb2-4d02-b470-dfd73ab82888,Control
069c45da-c7a4-4b0f-a229-8c462baa90ae,Control
b15b9d62-5f54-411e-9042-8bd1a22e236f,Control
45d069bb-7933-46b1-9f93-478d380efd7f,Control
723a04d5-d90e-4b2b-84a8-16d6cbfa4964,Control
5846b856-3c1c-4f0b-949a-c51489928134,Control
abd2f8a1-1a91-4cb9-969c-8c67012a6338,Control
8681e92c-e8b8-4f5c-81ba-e0736b36e8ca,Control
3b822621-1a6f-4bb9-b7cc-cdb28fef138e,Control
38ef8c2b-e35f-49d0-9e33-3a4c1a344573,Control
8c5cc416-2358-4c62-a75d-c45596b7eebe,Control
835e1991-68cd-413e-8793-59e33cbaddad,Control
b4e0e74a-3b6a-4293-b00e-abd196215d27,Control
219dbf7a-12a7-4bcd-8692-159607a116d7,Control
17df492a-b686-483b-9f2d-861bf9de3d24,Control
6e45e735-0bcc-4cde-9d5c-074e76092c6e,Control
0709b068-8e8a-4080-8639-330c8fe96080,Control
0e4aa7ef-2e13-492d-8da1-1297724a773e,Control
aa0399f5-7edf-4c61-8b11-05d00ef64171,Control
ea27f2c4-af98-4039-91a3-78c52710fada,Control
900155a6-d8c2-4b68-89f7-04827b59a0c9,Control
494f1d76-0dab-4605-a4f8-ac3b3c45563b,Control
df7699d6-2539-4b89-87c5-ef837087bc3c,Control
b0e5664f-1a34-4fd0-9b22-7ada4ad3ee91,Control
cf8b6444-25bd-48a2-af03-48c02a990d23,Control
4f4e69ed-d817-4edc-bd23-5f83adf4dc8b,Control
b8456c0a-8b10-42b3-9461-1f814dd6ac71,Control
e541901d-c5b1-463a-81e4-1d211b93343d,Control
6780d837-fbb1-459e-87c8-1f7e4f33b1d6,Control
8dcc13e1-2174-48c2-a0ee-1d9fa9d243c6,Control
01cae8d9-6410-411a-bfef-f91c9b529eb4,Control
91cdfc4b-3bc6-426b-aaa2-aed2f5cbac9a,Control
659e623d-f5fc-44e7-b974-ed9c85922055,Control
bd9e94b2-7405-493b-9b43-f1ac5b12e576,Control
638d2a01-ad1f-428a-9ca3-b01841694e1b,Control
2bdb6e83-7925-44c3-95d1-687d41def9c3,Control
e3b02341-4bf1-4791-9ebf-0b9c660310c6,Control
d304f078-9283-4d4a-8b08-172c7d1577dc,Control
9a6d8caa-84fa-4017-8613-c6f81c060b9c,Control
b16f0600-a29a-4bdc-b46b-ff1a1b217dfd,Control
0b3a88fb-d03a-4e56-8a9c-ecca9d0e610c,Control
7e243fe9-f504-44e1-853a-518a1f112720,Control
b42e9cb6-e6f0-425d-a71e-db2aa9556b9e,Control
64b81d62-6ea6-4602-bb07-16079bc46fbe,Control
d00e577e-734d-4361-9496-3839921afdea,Control
bac8fa77-8fc2-4c77-a6e2-983ff6dac440,Control
efb4be14-9fe1-4e18-9a60-b8dfda7023fd,Control
80c26026-1ff7-4fbc-bfaa-899f52b4c825,Control
ce510b65-ff6e-46e5-b8a1-1aaf739760eb,Control
e4618de2-d13c-45c2-96d4-9962a5b74c4d,Control
1cb1caf2-6dc1-4623-89a6-ace1e5cc7d15,Control
c884a918-0d20-41c5-be51-6294ee8694ee,Control
aa526aa9-965d-4ce2-a1d4-5dc5826ac8fd,Control
80e5cb4a-2562-4ba8-bc65-67edf27dfedf,Control
2817bca6-fcd7-4059-b93e-e89f34682840,Control
5ec6fa83-c524-471f-afb7-8f27aa551025,Control
2f704898-ef47-4172-9e92-543395f713d8,Control
8f99b42a-71e6-4c9d-89fe-33e35644bbfa,Control
09469854-229c-4ea1-9751-24f75db5ec59,Control
28649a7f-b2af-445e-9057-61c61dbf12ca,Control
47425ba8-7e1f-49a7-9655-b4f3a9b00b36,Control
98c687f2-dda5-4787-968b-4f902accbe48,Control
7f38a28b-4465-45b7-afec-7d68812b137f,Control
84672277-60fe-48b7-ac6c-670f2c8708ae,Control
3de73ec5-f5d4-4e1e-8314-e00f4257c85e,Control
3bfb09ad-8493-455d-93f7-085897215f20,Control
7d3fc70a-8ac4-4f5c-9c91-d380dbd5f964,Control
0bd108f4-300e-4fb7-9d48-087d54137c8a,Control
0fe29c26-1bca-4ddf-83cf-70a9eea2b361,Control
bc82ed0f-5b1f-45b0-9e43-b03171432f3a,Control
45d6d33c-829b-4d87-a009-c49c0760556c,Control
76a5867f-92e1-440a-a777-dc76bed4316e,Control
65491635-fec6-4a60-b8ab-2016c06baec6,Control
8a48559f-db65-42b1-9533-9412f663bb29,Control
5c35b565-7f6a-4332-9d42-ce1bc2d57729,Control
accd0f52-ca58-45ba-bf84-8f2fb7672afd,Control
2386855c-8c1c-4de5-a98e-79104e848bc0,Control
edc6afd4-50ae-4989-948b-86702dec1fa6,Control
d9b47081-357a-44e3-bb38-d9ac7515bc32,Control
86b66b15-628b-4d19-947b-73e9dfd59ee2,Control
38577098-ce4c-4ec9-9ab9-efda9134bf2c,Control
d3bd19f1-50a9-46ad-aa18-6e65e514e54e,Control
dbbd128f-5e64-4a42-9302-24b2e2bd5563,Control
dbf8d928-3750-482b-a9c1-bd0d746aa489,Control
e314e1e5-d2b4-4270-937e-717b35eeaa3c,Control
e9b4ff39-70fe-4be4-b87c-062f3f93b408,Control
46858e81-a036-4f6f-99ad-69aad895cfab,Control
cd72c03b-8b01-4826-b77c-e208367df89f,Control
cb24ba70-9f90-403f-a714-d8d61ae71738,Control
068bdda0-4069-4e08-a33f-8576df2be07f,Control
1f6beb42-4efd-4540-b3da-a56a84466502,Control
49af36fb-c589-437c-8793-14c77730c153,Control
d3a8f3ed-bb66-4a6e-903d-bf66efd3bdfe,Control
e81aa842-a568-45fe-80f0-3bf1fb2323e4,Control
57021544-41ea-41ab-ab18-9f472ec270bd,Control
2b2bc274-ad34-4216-a903-f265aff8c8ae,Control
f86fe8e9-16a2-4200-865c-c32e6c1c2c10,Control
94ed1dce-c491-4e22-bcea-e032c1a3ae2b,Control
f1dcaf22-b7a7-4cc2-8e86-eb2a19b6da51,Control
7b1d5205-e59c-4405-af94-34f3bc5960f6,Control
a9959f49-7246-4a60-8ecc-8b87fecbc9b2,Control
1c11fa56-bfbd-4703-8f8d-75b05ae6bb09,Control
1d619c1d-4f6e-4493-b8c9-0d1eff774f36,Control
06316c7c-7b38-4934-82c0-2269b4f10a1d,Control
4b6a86a3-41b2-4a7a-af82-62bae3481d38,Control
839ec204-d021-4391-b3c4-42c879fe0b28,Control
40628339-237b-4760-9786-df4b39a38855,Control
bdfe0020-e782-4ee8-bc99-be69f88847f4,Control
06a25925-0b8a-4dc9-9b9b-4ae96150a210,Control
d0013a26-cc11-49d7-af66-a06803f8a997,Control
e3988d6d-9795-4428-9eb2-91c5550859bc,Control
574738e1-21d1-4087-b094-9401e612c19e,Control
04750366-881d-4289-8633-ac5f8c83aefd,Control
966b1275-1e12-4bb7-86bc-1e03cf45e62e,Control
b503ac9c-1f90-4381-adcd-6b246b197f78,Control
d0d1c990-fe12-4afa-af4b-7fda45e1a656,Control
fdf07e0c-0cb0-403f-84c9-b2741b1865b2,Control
1c9b09cb-25ff-4313-ba35-15c5d1024a33,Control
67828ab1-cb0c-408e-815a-0048665b13a0,Control
1a552c2d-fb09-45b6-869d-0fec3175cb55,Control
e1be18c2-86b2-433c-a8f5-bcea88571488,Control
3cdb42ab-5d55-469f-80e1-83f6e1fbe5e9,Control
7f1aa02b-e839-4788-8445-b224b35ced41,Control
9712c5f5-839f-4e4c-b75d-7b2abfcbd67d,Control
7947f6e3-2413-4afd-8b27-dee232f015dd,Control
dae29a62-eab7-4c91-9fd2-342fc264e8e4,Control
a46466e4-c96b-4746-a31c-eef979109cc8,Control
32645210-3458-4186-b71e-28d1bc377c94,Control
8d0180e8-6779-4f22-8d48-d4ccf23c493b,Control
7904be76-0e3e-40d1-b6a1-afa06075da78,Control
b48142a1-d351-4b3d-a603-c714bbe917c0,Control
160f859b-bf08-4e47-b148-e83b4e8ce2d3,Control
ed3f2ae0-d1c0-482d-948e-d3c46ff0192e,Control
d7876b89-baf1-4ce5-97ac-206f6fc69564,Control
10191728-52cf-4853-911e-58b721b8e517,Control
882b5b6b-3889-40c1-a688-3050a52470ce,Control
ab3520d3-d2b2-4b04-adb5-90c819d15f88,Control
cdfc2ded-9a8b-496d-a30d-088282ba8337,Control
d3496e9f-1127-49a9-a0cb-067904027aca,Control
9ef61985-b9b9-4f68-b5b3-efd42f3b7dd4,Control
13ed3708-613f-42af-ad45-e0a48deea242,Control
a5e7bfb1-aaf5-42d4-b504-534df286e7bf,Control
240b3a36-cc65-4f75-a101-9eea00a8801d,Control
c3eb7e35-eb52-456f-8c47-639e4352eb77,Control
b3634862-15fb-4db9-994f-bb2a58a592b0,Control
7f027f1e-2356-4ce9-80fc-3bb7ca4e6d46,Control
23eaac25-da84-4a56-84eb-31e8aea64e33,Control
e8886afe-1fc2-46ce-92c7-109e31813d51,Control
855be1a9-8d6e-4538-953c-00ff6e8f2f75,Control
63a175d7-7cfe-4ac6-9fa1-f5922e5bea69,Control
6da9e28a-0fa1-4e67-985a-e7dc4f8b8981,Control
2eaeb9e4-9c39-4ec9-9210-aefc312886ca,Control
8cd8a0fc-716f-42a0-a27e-996ca47ac90d,Control
5a65f9d4-0e10-4d97-930e-8481f382be5c,Control
902e21ac-462d-4fa5-9b67-d7e5e9abbe26,Control
30713024-6c21-4498-ab8c-2a2d3ae60a73,Control
8742a56d-e818-4996-a189-c2089a85080b,Control
7f39e945-5486-4871-a529-7d57e8480de9,Control
962348c4-5dde-4ec1-9d41-8011d64c55d0,Control
7bc9f9c4-6a38-4c10-91cf-7269e0b755eb,Control
64aded24-d893-489e-abb5-5a2a87480224,Control
b0ade328-4978-4bfc-90d0-c8c3319e22a3,Control
2eca0ac4-7446-41e3-8a71-8657d54eaade,Control
cf14430a-08fc-405f-b000-cf95c75a87f7,Control
73d8c0a2-0dc9-4d7c-a821-d42a915b3181,Control
7b642757-ebb0-48a5-94a2-4e52c25dd923,Control
bde0d4a6-0bbb-458a-9342-2c8d187ec61b,Control
ba9ac248-bf26-4696-ac8c-8c8e46e399c2,Control
0ef9305c-da30-4e1e-b80d-aab62bf750f2,Control
de2d9cb2-668a-493e-8953-2c2cff681916,Control
e1310ad6-ad29-47f0-9021-463d371e3a66,Control
cef0f508-6c08-4ac9-98f7-a993bd38517f,Control
cae60e34-daee-4c24-96f4-afe7585be983,Control
c0f78e12-b7cf-4154-a05c-149598f81238,Control
71423cda-0774-4c56-a918-a77993b2b3a3,Control
a344117f-3a4c-424b-ae93-75e954440005,Control
2e411331-1864-49fe-bd46-7fd7d0d22f90,Control
8085012f-d672-470f-913e-e3eb8cc2be5d,Control
ff3bbbff-ac4c-42d8-ba3d-cb770f293ab7,Control
3ba211fe-69a6-45c1-b622-266ed84df102,Control
6edda195-ab4e-45f5-ab95-fd5b3b15b459,Control
f8bd735f-67e9-4916-b0a4-6d3081c82f60,Control
ec2ab252-35ae-48f3-b79c-6d18ac960298,Control
2ea97bd0-52c8-4d82-8d38-7f161ab0c0bf,Control
3ebf8229-7034-497d-9af7-9eb0a3ce5c5a,Control
d0e9120b-2c10-4e29-bb87-8d4816f9e0ca,Control
ecb4e6d3-d697-4562-a037-524a30b711f1,Control
23110143-e751-43b3-827e-ac2aa74f8ef1,Control
20d4cc25-da21-4dbc-b347-048d376b8292,Control
7d530c76-c69c-421d-91dd-31bc9d3190e7,Control
8378db1a-14bb-4c5f-9bea-12fdd769623b,Control
e41b069b-7ab6-47c5-a25d-b052b2f8ed3a,Control
cf9c258d-dfb2-4e1a-9705-8e5b1783612a,Control
3edca66d-d306-45ca-b5ab-08a1f89f343b,Control
a2ae0fe8-c40b-4627-b138-b8b5ec39cea3,Control
e24913ae-9a78-4534-a031-8e1412dfb11b,Control
b02941df-6a22-43f2-839c-74216d981422,Control
4389a8d5-cd3c-48f8-aa35-941613a3645d,Control
059735dd-6daa-4952-bc74-a5fa7b4d5d41,Control
2cf7149b-30d3-47ff-adba-9093748ace4b,Control
1f893c6f-f12b-4e90-878e-bc0912788084,Control
41ea7466-67e8-491b-be6b-0b84d18b6fdf,Control
454a2c4d-dad4-44f7-b094-424d7c44d7f5,Control
74342c34-8345-4364-9903-48810de33829,Control
948a462f-f1a2-4efb-b828-c02b28cb21d3,Control
fdab33e5-ae4d-40c2-a1e9-74bdf2267c58,Control
65f1f349-74ad-4695-9b81-2ee5f849341f,Control
87c1e1d7-5248-42da-ad3e-471ec9314520,Control
d2a4636c-d22b-48ee-863b-0b9ba2f1c4ff,Control
de140998-7201-4f5e-97cd-440bcb4dd0f9,Control
616426a6-9ef7-49d5-a21e-2ebf60c1998f,Control
fd85b890-9107-47a2-afbd-bf0c89c3aa53,Control
2b662406-b30f-47ab-85aa-afc14074927a,Control
b81cab7e-f634-4efb-ab92-4aec4006d4c5,Control
f6f44e78-4db9-490d-801f-03dfacfdc793,Control
6b9748dc-3287-4c4f-8030-063028ea8e09,Control
a4fff738-2aa9-4078-9327-f99f091d7dde,Control
efbc9824-9ac5-48b5-90b0-e1c8c39171cf,Control
fa1604ea-d3bb-406a-8a37-95dfe005225d,Control
e8214748-3473-4105-86f7-08e60146a022,Control
71ae579a-19b0-4105-9281-577af0e87ab8,Control
941cd426-f8bc-4566-91c0-d726e638b69a,Control
17ae4504-516b-43e6-8e6c-0adaead5142d,Control
fb3118a5-994d-4808-8a0d-41f3908ca590,Control
f8c41f95-0557-48ff-af2e-1bf84e86b1e3,Control
9bd35f74-57e0-4f4e-94be-e4014766d0a0,Control
aab1c23a-eb9b-4013-8473-a80079a63360,Control
7bc3f70a-1c92-4d9c-b1b6-8b5f8a5bbb6b,Control
6e29095e-110e-471a-adfd-533a9e5681d0,Control
cc043f7c-441c-444e-8cf1-09c15a13a2fd,Control
e48adcbf-1cae-492d-86ac-720c82c5698f,Control
08eae0b0-00ab-41e5-aabd-bccd0f85ff1e,Control
8a13a574-b2a5-48f9-b90a-235457db8a5c,Control
1a7f329a-b593-4400-962f-1519441409ba,Control
57d9afe5-9063-49e7-aed8-0e4f5021a40d,Control
29276af4-729f-4ff9-b587-77f85dfd1633,Control
04621761-ff31-4410-a2e1-802d57b56c85,Control
d303da32-6409-4117-982f-a0f102dcf42b,Control
2aae93b5-f669-4e52-91fc-a258e561daf1,Control
d1ebc47d-f773-4008-b121-317a8208ed6c,Control
7d6c27ba-ae98-401d-a31a-176cf4125578,Control
2bfada3f-146b-4f64-a31d-a04c9c923303,Control
426785b6-7d6d-4d07-be37-6ebbdae2c6cf,Control
bf960393-0866-4abc-953b-87f997233e8e,Control
4224ea54-3fe9-4042-88ff-eba40eed79fc,Control
a88d97f7-a4d9-42e1-a5e1-83fe7a103abf,Control
998f360e-134f-4a2e-8f76-9c68284be561,Control
43ffb351-bb02-46d2-b875-5f0317304fbd,Control
d8677c65-34fb-4c0c-96f9-d5f54b2abbd4,Control
b0001f9c-1146-4d84-bba5-080f479e0681,Control
6a712aaa-f209-4bbb-8319-9e3c65408a36,Control
1910df3c-5d97-4ec7-9d98-73cf8c1fcda4,Control
e352c80e-99f9-443d-bc74-ae38bfbeb747,Control
7253cb47-ccff-4534-944c-94a3723237cb,Control
59ba7dcf-bf14-424b-a18e-d9dbc443ba71,Control
5fcc6b9e-9bcf-48c3-9733-4446b8fd01ef,Control
beb41594-25df-4b2e-9010-fe3f6892d9d8,Control
d0e31517-df14-4770-9eb2-a2a37c642cb4,Control
9b39b8b1-6d87-4aef-a16a-6b6ac03d2ce6,Control
97f3a276-0927-4c6a-a243-c6d1e63efcf9,Control
61214138-85cc-46e3-b4e4-506af0d56513,Control
eafb3fec-4f68-4dc6-9a2b-73b4fb425296,Control
80abf69f-37de-4f0c-80a0-329c23c5bbbd,Control
f835a31b-ac23-4aa0-bae3-7a87788022a3,Control
70fd07ba-7023-4a62-9f51-2d5c4e4cba93,Control
8ae390f8-15d8-46a7-8e95-ba0074fa4925,Control
5e306f35-1baf-4a0a-93a5-1ef2b42f2c94,Control
5e0e742f-f37d-4f1e-97c6-a1421c76c5cf,Control
e49069ba-c9ba-45ba-9023-82064757baa3,Control
0213fcdf-62f1-443e-bfe2-479d5311e671,Control
8fdcdb3b-01d7-4130-9a38-22fe24a1dd5e,Control
59d7e221-aaf2-4719-b9c6-f2fb57660011,Control
415f40b4-e7c5-4724-a6f9-669f79ecaec6,Control
a4269c27-c303-4073-add6-30406b6ac2b3,Control
6c23317a-51c5-4380-aea1-a45c64252b0d,Control
a00a0094-9b45-4673-becf-f8197c537c1e,Control
baea426d-2289-4eb8-928b-2cfcd68ae244,Control
7a73a241-e6f0-4fa5-bae2-a8cdff828771,Control
931e8ff9-3375-473d-b64f-47739a30a129,Control
123dbd22-3eb2-42b5-9235-3262d46160e9,Control
30fd7c28-613a-42c3-b0f3-b1fcf87bc4ac,Control
ed404ebc-0e4f-4841-950d-70274386b553,Control
1303d8e8-3428-422b-9bd9-b655812ef02e,Control
ca0d3757-16b9-42b0-8ee9-567a844f4616,Control
5abb32d2-d720-4c95-be4c-4b2c25b8e6d1,Control
14a253c5-ce53-40a5-b0bd-8451597c959f,Control
c0fb759b-5ae9-4f66-a6ec-d40411e47fc0,Control
af89336a-de56-487e-a7ae-6df59fb904fa,Control
f10487f4-3282-4ef8-b643-ea7908c4bb5d,Control
5b5d96c1-f379-427d-b827-c7bd6b90d55d,Control
cee1543b-cdea-474b-b6fd-c6173693dfc7,Control
28a694c5-b38b-447c-b061-01f865c3e9e6,Control
0c338367-5b36-4f85-ac27-bc086f6ef3e9,Control
4a754512-567c-4ed4-b786-37dfac5dd860,Control
1fb3b6ba-945e-4cef-850f-59e545d50f9e,Control
d6c81d70-ebd5-441f-8919-ee25a1437457,Control
19d2750f-7d77-4a56-b3c5-fd7befa35799,Control
a3cebeb4-13e6-488b-9bd5-2fe84b45500d,Control
714d25b1-6ef9-41bd-b8b2-defb7e52c456,Control
dfca871b-630e-4ed6-8b54-f6c1ec12f6f3,Control
f2d3f9fa-a19e-4d64-8c96-8828317201dd,Control
b6d2aa4e-e00b-4a68-8904-f0cf507ba66b,Control
489e5c02-e0e5-4c1b-b407-ca18c2a78ef8,Control
9ed22dd6-99bc-4783-bde0-05d2b5d99a8f,Control
2e18ca00-f9c7-4279-80ce-2af72418c85c,Control
0708322f-b268-478c-88bf-dd5b3ea3efe9,Control
fead4c2f-e371-4f41-8fcd-1ea7151fe3bc,Control
12fb54e6-75e5-4392-ae55-2ba4176a975e,Control
109b6e6a-0ec1-47f0-91ae-8870382fafb3,Control
714b5764-fe31-4c04-b860-725815679dc2,Control
359b20ff-b163-48d9-964e-2fb7ed0ed3cc,Control
c117acd1-a2ca-4f4d-866b-bb6c767a7f79,Control
f1ee1dcd-3393-48a6-937b-da2c0d23cee9,Control
42f02860-0419-4608-8c75-6245554a7e80,Control
2ae781fb-8c7c-43ba-b955-3acb99e01e49,Control
f1729c87-853f-43d9-9770-d301c3e95b9d,Control
9be327a2-4ca1-4843-9add-010c03ae9b30,Control
8a1e7b1e-ea9d-47dc-9c94-f7ee11fc5e50,Control
dc226d41-0b33-418e-be76-30a7a5338f4b,Control
4b0d831a-9010-42be-a74b-45324180aca0,Control
b1fb7c02-9e80-47c0-87de-fb0458f573f3,Control
4ab72201-5618-4c76-b3b8-eacb6a55f9b4,Control
b6f738e8-3c91-4d04-bc82-49351d457291,Control
f017b792-c62f-452e-b0f6-794195388bd3,Control
a8918103-08cc-4a74-9f2c-8ecafa2a1f55,Control
c8ca74db-8b9b-45a2-9182-2213e9df3643,Control
6ad4d8c3-9bd4-4aeb-90b9-4ab0baace714,Control
b33edd80-9403-4df4-a13c-d819403f65e2,Control
73a368a9-ba00-41d2-9845-aabd24bab1be,Control
9f5dcb5a-91d1-44bd-b9fe-c964feae0b1f,Control
1ae739eb-2f19-46e2-84bf-43006eef0136,Control
5fa375fc-b8b5-4930-b21f-52a126a93236,Control
1918da46-987a-40b9-832f-8d774ca7b9a5,Control
9d5818ca-caa2-4f8c-b0f5-f80d324f6976,Control
740387b2-4b03-4fd5-801b-37dcd521a217,Control
ffc76e7b-3f9c-46b5-85a8-3e73c746892e,Control
10139376-4ad6-49e2-b120-c2b8f34d2c2a,Control
66687dc7-4dde-4385-b1fd-078ac972409e,Control
bbcf9340-8181-48ca-862c-b57b0a0c2e33,Control
fefa3bd5-889e-464a-aa33-6f86a0ac5f79,Control
fb0ebdec-57ee-4d16-8279-3003378d6f48,Control
1d8fca77-af3e-4180-9133-9acc2ee60fc4,Control
913572e2-120a-428a-a7a6-831ecae71297,Control
dc30674b-0054-4d1e-b281-4e3468713657,Control
b3ec48f8-d642-4579-b886-28ec819836aa,Control
c1d06bd5-2f56-4fcc-babe-383f168ce10d,Control
f410d476-63f7-4d67-b667-97f743af1bb6,Control
5643d051-d7a3-4923-a8c4-947867eb3f03,Control
e4266d48-8d34-4e12-a44e-2b7366f90334,Control
cc4f17b1-0456-4078-a032-7bc5e93b1a89,Control
f86f1429-bac3-4210-ac06-68ad0d469a1d,Control
1fff6243-effb-49a8-a02d-2f232a6e7e98,Control
5f2ed024-38c1-4bfa-ac5c-e974516f7a92,Control
be66c100-bff7-4463-aa77-bf2f0c38d0ae,Control
19da84f3-30c4-4889-a8f2-638c056f2996,Control
33d43d9f-9ec2-4c1c-a8ba-1ea97865de3c,Control
2020bab5-7765-4c89-907f-41d85b373359,Control
80882824-3f6d-4c6f-849f-9498d1bba0b3,Control
336f035c-cf39-4062-aeb5-1c9f751d5674,Control
f19017ba-8532-484c-92b2-716b7e2bbd9e,Control
5d2eea57-9273-4333-a795-a0988320de7f,Control
cc0c4cec-98ce-4617-9460-4099b228f66b,Control
c2d76852-3941-428f-8507-7b71d6bc347c,Control
3a5783e0-5fcb-4562-a91e-4b8f7a171e52,Control
a08d2f1e-c191-4d2d-a078-2e127619b3ed,Control
439947e0-2bc9-41a3-bc34-4b950d1adaf6,Control
1e28764d-206d-4c6b-811d-def11b09cf17,Control
40143b66-7ea9-4c87-a506-090db0662144,Control
cb53e4fb-0380-4ff9-a814-79c765a64ba7,Control
20d15486-352d-4e6c-918e-d7f8db91e1a9,Control
592bc9b0-234d-4cef-a3d4-68c686a48f4c,Control
cd76679c-3364-4745-b296-fd525bcdac30,Control
67e08239-8980-4193-85d0-9bfa28580fbe,Control
915ee1bf-9872-49e0-b515-fcd97c30a662,Control
81b62eab-a471-4bd6-b72a-3ed771fbf989,Control
671e82f9-32b8-4fec-bd04-7fe2689039b6,Control
4761de5e-8086-4ad9-9417-3ff9f527a401,Control
16f3246d-4af8-4925-9ebd-480ea69f3735,Control
42e78938-bb10-4c59-8413-6626ed960eeb,Control
45273384-801b-4fce-a656-ab3d1d3040f8,Control
8713a5f0-bc3c-427e-87ac-46e9cd3956a3,Control
7338e929-fcf7-471b-a9ec-549a983b0880,Control
73c17336-86fa-4c97-a295-c867fdf3d7b7,Control
6de6b56e-fee9-40bb-b6cf-edcab78c72d7,Control
1e339da9-d0b8-4825-b1ab-36a54931a719,Control
e0bf78b0-e06f-483d-a3d3-7af43befffdc,Control
7e0b42a6-394e-4504-bd9e-5209055e3a5a,Control
37a0ba84-1510-474b-9e4f-de1aa88044f6,Control
d91875bf-87f5-4f54-87e1-213aa482bf97,Control
1e191f8d-0304-4ad0-83a9-3a6d2bf1ae7d,Control
7afd2690-ce5b-4941-8d1f-6ca03b3a0bab,Control
1de23407-ba5d-4ae6-84ec-c864f2cd9a38,Control
a13a4ee9-dec2-4736-9470-73aeb18bcb0b,Control
d1e06403-5e29-4def-b6e8-ffc61f5a8abc,Control
74e0908c-d582-461d-bd59-dea91708617d,Control
fa95306a-e685-4a7a-9982-519b2e8c6037,Control
f0caa7dd-9792-47f6-915c-a14651ea3f0d,Control
fa1c54be-59a5-4c51-a52f-ce09beef9f99,Control
889b9a16-0cb2-408f-b120-53684a1e5597,Control
c2b63680-33d3-4bd2-961b-e791208a836d,Control
2ea14fbf-58d4-4859-8157-2f71273dcad7,Control
d3c69b73-d767-43ae-a23d-f7ba02f17cd1,Control
a7ee1253-b60b-4eff-857f-51c28520b0f4,Control
29a1a488-5dcb-456f-938c-8f6f8503837b,Control
5cb1b893-455a-4c99-841d-76a2dacdf5b2,Control
353f15aa-8869-4247-b0fb-747186384e7a,Control
38182105-4792-47f4-90f9-d9e7e6d16c17,Control
c6f6543a-024e-4565-b0e1-c91ec4a1dca8,Control
7586d6c3-50f9-4533-a7f0-a1445303de8a,Control
bd5b5a95-136d-4cfc-a3a7-3c3901bcc7b5,Control
aa0a5340-b364-44cd-8cb6-52d088e0f5e3,Control
aef5e08c-c1f6-4350-8cb7-df8979c63bfe,Control
6f4bdc00-6ac1-414c-bd61-b8aa0846cc2c,Control
3f939996-c25d-4fff-94bf-1633f76fabf8,Control
4361bcc0-e5a7-45e1-8a39-b8c173b01edf,Control
84c0293e-3145-4697-89c4-60d035a49157,Control
4f15de42-c61a-4daa-9be8-c8f0c87f10fe,Control
a3aef3c8-faef-4892-84f0-fbf259072a07,Control
c30fa884-d76a-4164-ab26-d01434eb9f1c,Control
cfa97d7a-b969-4017-8da9-e7298edefc37,Control
24a9c6b4-17ee-4095-9f5c-f00d632a7806,Control
078265ab-475a-428e-bb4f-2fe7531f0aa8,Control
6f920bd7-d4df-4af9-bcd5-7fb85ee4f741,Control
bdfac1bf-45bc-44c2-9110-dc4b5fb1f9b6,Control
2fead34a-a41e-42ae-92b3-2ca5a29f3343,Control
d2e248de-9451-44f7-a6a6-656fe72848ec,Control
c81e0407-e8eb-45cd-8a70-cda7d53b75c9,Control
beaa8719-aebd-4773-bcca-9d97a38def6c,Control
33f0c01b-04fa-44fb-a585-a6d6d80674fc,Control
6384df21-e965-4540-9dda-67cbce8f0cae,Control
488466ae-41aa-4621-b2a2-d51bf57cd238,Control
698f864d-fced-4180-91ae-8d079bc35c6b,Control
016b3182-f6ba-4688-abf3-3c10485c1cd4,Control
481d6446-85dd-43b7-830a-fba2f6f1f04f,Control
3dc714f8-def4-4b52-a375-995744f50371,Control
e2f53771-d769-483a-a05a-5d582d173160,Control
f162e6fb-cfa1-4ba7-af6b-68b99a28c4b5,Control
9547fe4a-606b-41a9-b6a6-6c35670a514e,Control
fc6de99d-3d5c-4b25-8042-e743cab0d864,Control
3324deb4-2d44-4576-b02f-de7be5d0ea11,Control
4a702e89-e89d-4982-a3fd-e918c382ec65,Control
4cef0502-0091-4d1b-8904-a4a88a36fa7f,Control
dc78fb7a-b7ae-4b25-b765-60007ce8ca99,Control
050595b0-8820-425c-8c7c-648452c8fb04,Control
6fffa114-e6de-46bd-9010-706ca2452fe8,Control
c729613f-2aa8-45d3-8b4f-758ab1e61246,Control
c92cd513-9346-4e03-b831-67fbdf9ba3ee,Control
d2ca7112-2c50-418b-8b53-6d2cf7648dc1,Control
5c156dbb-7c40-45bd-8750-24c86481ff45,Control
3db8e8c2-1cbc-46e0-b92c-a90fb3bca5e0,Control
e92a5ef1-4af8-4770-8e65-32995c641b43,Control
54d73722-e8a7-417a-9319-558f52bac2c0,Control
bbb46f97-8488-497a-a8ec-0125aa561c3f,Control
5f32ebdd-d5f4-44bc-bf7e-f2b46e061c4f,Control
8603f652-2ff6-4f6b-a596-58faf6f32e5a,Control
21db7eea-222e-4982-ad9c-348aac550d4c,Control
e141eac1-f47f-416c-b45d-9efe9a573afa,Control
8927e5c8-123a-4d22-a37b-e2fa33d90b75,Control
ecb19f2f-ba99-45cb-abcb-c4c83ddde354,Control
5ccebfe0-54a0-4b0c-a544-d3a80d7aebfc,Control
b36b7ac8-947d-4db0-a8ad-8aa759fdc948,Control
52f26541-46b9-4e69-b5a9-13b1cdda9772,Control
820d4be5-d25d-495a-afe5-46596c714c69,Control
879eb65e-b546-46e6-9894-6b712592e41c,Control
0d52ca66-4ee1-4b8f-8be9-dcc3079d3ffa,Control
385ab3d7-3949-4ba7-985f-664fc69b9e61,Control
0cb1c83a-1446-47ee-b391-4b0be6a9dfbe,Control
84b6f39c-8cc0-4c93-a4c3-db8a471f20d9,Control
b493c1a8-7f4a-456b-9a0a-a317ad565bc1,Control
67e881e5-960b-4e40-9b49-270193441224,Control
35faaea4-5658-41b1-8ffd-60119b8d0465,Control
f97e5985-6511-440e-bb23-12fb3cf74596,Control
54928f48-f405-4972-bb1f-132b14efa350,Control
14870576-0570-4a9a-a998-d0b97380f4d5,Control
84f5cb7a-8dc2-4aad-9c4b-701f9946a2e0,Control
c6d043fa-e71c-45c3-898a-abe81f15827a,Control
4c3dc65d-6a09-42f6-85ca-cff3ced06347,Control
e83262d7-1bd3-404b-b92e-bbd6076925a3,Control
ee11edb0-2884-44a4-81e6-ec9bda61e57e,Control
283cd410-f9ae-48af-b3d9-9db035964697,Control
b1f593f1-8c89-4460-a21d-5077a98bd52f,Control
86db140b-d030-49e1-bd2c-43386e78110d,Control
cdec7192-804b-48d9-a05a-12f589561d29,Control
063e9d46-b282-45a3-90a6-33a437bac1b1,Control
b6474e38-bdf1-43ca-a8fa-9d1caf6922ed,Control
6a0a4ae4-d473-4092-abec-566b54a643ae,Control
eb052344-c8cd-4cd7-acd1-55c7eb9541bf,Control
4a5db551-4cf6-455f-9065-fd6f9cadadf6,Control
5faf1bb1-cd71-4afb-96b9-da09f47257f7,Control
94b85576-60d6-4772-94a4-0f72582b26e6,Control
22e9a3a8-37b1-457f-8c63-81121658eec8,Control
246dde72-5393-4017-86f8-cd178c16a01d,Control
a78803d8-9152-4c62-aa8c-9f6dfe92daf2,Control
9aeab7e1-4632-4280-a619-fa6518301a22,Control
108ab032-6f9a-4d7c-8040-924ab2407b38,Control
ab168af5-3e54-40bd-94d0-739d5f0fc18e,Control
a2305444-f4b6-4c04-8a45-ee29c92873d7,Control
ee43e436-2493-46fb-9b63-1cc0d5e17074,Control
0a883aed-688f-4ad8-b71d-56c05acc251f,Control
0229510d-77b9-4662-b0c0-0e1b4639b297,Control
66420b83-ce0a-4a63-b47f-d22c57d0fdaa,Control
0154d967-5d63-4e11-bc90-570bb1d76056,Control
0310eb4a-9c3e-4ffc-9612-efce444075fc,Control
56c77038-b5ae-402a-a177-f254ab1eeb1b,Control
989d08c3-0fb5-41d5-88fb-bd5520a11934,Control
cef26288-06b6-4ef6-99d4-f2e05224b02e,Control
921a9741-8777-4cbb-9985-87a5d117491b,Control
b43d142f-a1c7-4fb5-802a-abc928840eff,Control
4862908a-0e84-48b0-a78e-03ddc2a7001a,Control
5092bd0a-f598-4db1-ae44-62f766f2ff03,Control
1509ed33-ae13-4362-abdd-7a65a1e9c647,Control
d17a7db8-aaae-4267-b8dc-e8744cb1414e,Control
1d6c1182-6af3-4c89-93d9-b5c0402ea2bd,Control
ca95a53d-021c-42d0-8843-899f5ef69e52,Control
5f2901b1-b24b-470e-a16f-5aa6370d66a0,Control
3ec6ac00-fb7a-412d-9682-0b44f6df7832,Control
7fbf9a6e-7383-436b-9938-4909579738cf,Control
5f8e0bd2-f266-470c-ae02-4d3d4e4687d3,Control
5591fa99-ec62-493d-b372-cac2e45c5860,Control
dcfada2c-f7da-4d80-ad35-8955066d1d8b,Control
5d7186a8-082b-4c47-8c6f-ded629e8cebc,Control
0c6c9095-68e8-44d3-b5dc-796152ae972e,Control
29a5f872-38c3-49df-bac8-cd635a3baa36,Control
093a279d-2ff9-42d5-bdf2-b598664e2404,Control
cb725a60-9a8d-4840-aff9-8d4a69129091,Control
6113d520-5541-4763-a773-644c8700f3ce,Control
166409e4-a8b6-4ad7-9403-1543d2e69c64,Control
ad106411-e95d-46e1-b079-8f77c5b63604,Control
ce77f12e-d671-42fc-a6db-f8399f4c112f,Control
615aceeb-7973-40cf-8243-c922f917db0e,Control
7e45a233-98cf-4ec4-824a-e78055a76813,Control
2f805339-d8bf-4f1a-bd7e-2250896a8e3c,Control
537cccb5-0c89-4066-b9b9-5d4efb2ecdd6,Control
273c160e-1d46-4f1a-a9fe-90c64bf6773c,Control
d210cbd5-d74e-4ddf-a325-f6b3f3f9c370,Control
268f8746-3ed6-463c-a874-a2573031f15b,Control
a0971759-628f-402b-929e-c09733311d81,Control
4f0121de-1aad-4bcf-991f-2455f1d2496a,Control
85c07bc9-3afd-425c-8a49-849ed1b10909,Control
63c84cf6-3ab2-4908-82ce-3cdf7ac555c4,Control
59b58a6f-3f1e-405e-afdf-12904e1e4d14,Control
1aaae2f9-a7eb-459b-a4cb-bf12d606436f,Control
acf33e87-b418-4053-a002-88e62e304142,Control
f308c5c0-76ea-4fb2-b09d-e27ce3eb78fd,Control
590acb39-2a9c-46a8-9fd7-c5b9d1a08197,Control
f6cb20a5-c3d6-4cd5-9c11-f6d5c5482f9f,Control
7df133aa-4c57-45ca-9aa4-57825582534f,Control
cf951ef8-7d6c-4085-a685-cf18677c2ace,Control
53b914b6-f214-46e5-984e-3b681280a97e,Control
ab9037c0-fe3c-4ae7-83eb-957f4cc09850,Control
6ca1dd36-783b-4c1d-8726-2eb0f1b0517d,Control
2248d8cb-ae11-4de3-9bae-11c7dfcc4ad4,Control
8f78c951-b64d-4e10-86f2-3a6003411e62,Control
5d59c988-652e-44bd-9d5f-8c3bf9c7a7e5,Control
4fabe9c5-b1c5-4c9b-967c-95998f0962f8,Control
690b940b-ea95-41ec-9f95-3a100f251a7d,Control
f29781ab-51ee-4c55-a173-c805ba009710,Control
69a5eb28-5734-4cc0-837b-d51e6883211b,Control
92687333-24f0-464b-97b7-1f987977cf1b,Control
1d0fe024-80dd-463d-b7c0-d8b4f8cd3b3d,Control
74558834-5995-4768-8b7a-862b3b607c1b,Control
a0be8eca-01c0-4ee6-9f6d-4408dad22e31,Control
14121d10-e2e0-4eaf-9110-2265131b85ce,Control
f7290e89-5db1-4e0b-aa93-20c9fd5862be,Control
6db4480a-2b58-47e6-98ac-8d33bb781c03,Control
64daa797-708e-4ac5-b837-97cd7483f0b6,Control
4c0e8da4-31ff-4230-add1-a69a52c2cbeb,Control
a1cf8884-ab03-4e4a-9b3d-45bee041942e,Control
c4a35ea0-cd7f-4685-9ec5-210afe9a4143,Control
9bb89dd5-0276-48e8-8ac7-6094e6d49505,Control
61714077-036a-4a18-8019-aac1ac6b5801,Control
714c6ef0-3c1e-4e12-ab31-c3f4cf339279,Control
9c45b13e-5f68-4e3b-8b29-c17cf3067b56,Control
f6d3a8f6-2b9c-4b5f-bc49-d121a5eae2b1,Control
4f68912a-0a69-4c9d-9043-c94b6cad0217,Control
66dcc976-6324-4f0f-ab4b-487c18c82cee,Control
07586ef7-6666-4a3c-b688-2295805102df,Control
3c225c49-d7e0-456a-a6ee-89b2fd3d023f,Control
3a5108a4-9402-4681-9cc8-e91244c7fda7,Control
8570dbed-d9de-41b7-84e7-d5a99c661107,Control
466c98b6-259b-46af-a19d-e0cfb6a982fe,Control
1052ea6d-e9ea-4147-b048-6b266db6efd4,Control
80516ec1-db4e-459d-8777-ac80bfa9fa3a,Control
c9e37668-fa73-49e7-b092-daabeca7b70d,Control
083a8553-b532-4c05-ac9f-b91eb1aa283e,Control
aa7e7c7c-0156-4ced-a085-757cc23e5e48,Control
20f2ef9c-146d-4ddb-af33-96417f3198ca,Control
9c874a9c-fad1-44d3-8599-19760f619793,Control
575c9426-15a7-45bc-936f-bffdbcbc1313,Control
af7fc633-a54f-4b79-8542-a725bfe96dd0,Control
b91fe3e4-10a7-4cc5-adf6-4e70de3e3f8f,Control
0d5dac4f-d76d-46d5-83b2-96d2e7d6f6bb,Control
b66b6e19-e4a1-412a-96af-8fa64acdd3a9,Control
d7993173-974a-400b-84b6-b7cb7a2ae574,Control
36e5bd69-fccd-4cfc-84eb-05cdee94fa5d,Control
d76b4ed5-2e34-499a-811d-9b3c870e95cc,Control
20eba383-d0ed-446c-9d8f-f705516510ed,Control
b2c5b5c4-81bd-40b0-85b0-cdd3fe1a2f2a,Control
c6fab247-0c76-47c5-a889-8b7241a52b64,Control
9e7fe816-fc90-46fd-a901-e010ee837254,Control
51e3e070-e37f-4700-8807-8b8ec87ffe5f,Control
3e2c31f6-1eea-4c41-a4ae-9b62588d67ae,Control
3323549e-2c82-4bc2-b36a-31f3ab5e47c2,Control
0486d100-bf05-4b3d-a93d-25699158d1f2,Control
2468b094-44bc-4e7e-8439-c131105bffed,Control
dccf8499-1803-45dd-9d87-d4487c7f35e4,Control
6f0211f0-f07e-4474-97d9-c6f71019e2c9,Control
ee3cc1ad-7a8d-4ec6-b6aa-58112e1ed539,Control
5711e849-4aad-4181-ae77-7c9a3c880a4a,Control
73706261-dd8c-4e23-ad42-3c21d13ebeb2,Control
51eca0da-fa7e-426e-9764-687496d752dc,Control
01748b65-8d15-423b-988d-caae46be1959,Control
7297ab14-2987-49fc-8a04-a35b11e66ed1,Control
40dd2ac8-7b77-45d8-9229-9c5174d082ff,Control
7f79e253-d3ca-4fb8-b90f-15ce264655df,Control
5edae37d-bdb6-4671-b4f7-2dd54a0ae388,Control
07e9efa7-76fc-44d7-be22-7cc997baf1d3,Control
5e460ab5-ff58-44f2-ad7c-f1e1e5deab0e,Control
82c52a73-ba86-4571-8fa2-e4a3a97fa879,Control
18c1f1b6-eecf-466d-9a41-e62a69b626df,Control
eebafc55-a245-4ae7-a25b-d0cdfe61347c,Control
375935e0-545c-41f0-86f9-def1d2214e17,Control
f14414f2-5715-416e-9297-a0dfebfdb0dc,Control
a908bf82-2c1f-41bd-a23e-e10ed5c47d81,Control
2fcbe865-bd2e-4ba2-b050-ccf8c4c85dfc,Control
4943cae3-6153-48ab-b83a-706cb38c0fa2,Control
74b834ff-92e4-42ac-9b2a-ccc68cb6baa7,Control
23a3ed1f-b77d-4b7f-b646-3082b5e2382e,Control
73d620f9-5c6f-4187-8926-d0f53432009e,Control
8d5658ca-595b-4107-9655-3eb8cbe1b63b,Control
990e0570-4ab4-44da-b8e8-b7be81f8710b,Control
8aa6b731-b556-499a-a299-2dc2d26b76de,Control
384c7917-0c16-465c-be3c-0055c22a9cb0,Control
45634d1b-9d4d-4b27-b7f3-01b1a28a3cdf,Control
0426916c-288f-4caf-b727-340051fe20c5,Control
b21f09eb-3f80-42f4-9d88-31b7d948bf71,Control
0e885dba-7e67-4350-8918-71166bb720ce,Control
edadfa72-9617-4221-b5ad-cc85602f4621,Control
d133952f-b3dd-45c5-842f-cd52e4c69ce2,Control
c87e4d47-1517-4b6e-b1f7-5901e1fefcc5,Control
b2fcdac4-b652-4d9e-a76b-b4adfe8def2a,Control
f31fcd18-b27a-40ae-b47b-2f392f002c69,Control
e52ba9cd-0de0-4722-be86-bd09569e0da9,Control
78abc280-83ef-4880-86d4-8916307843eb,Control
3c1e94a7-932b-4472-b03a-4d4fe0f2e14b,Control
d05f6d64-74bb-48ad-a9a6-6fc9f7538c0c,Control
f3cf4d1b-9f10-42e1-a01f-4ac42e8faa0c,Control
43e818eb-9355-4925-9fce-770fd1088d76,Control
5655d4ba-a780-40c7-ad52-76966e73a437,Control
b71a72bd-19ce-4b89-8d0f-9a66fd8ea63b,Control
44abeb4e-e998-44e7-a926-d7f1b859c8cb,Control
64b0ce40-a201-43e3-98ae-e1c3f2df1bff,Control
baacab76-18b8-4814-961d-4d9c79b42bcc,Control
d28dbe17-736b-4ffd-81cb-d65248063351,Control
81112b69-6d31-443f-ad59-beeac47df28b,Control
a74e9e75-b5e3-4470-a04e-9a61903e2199,Control
76a0e78d-9363-441b-90a9-fdef47f4c095,Control
60eaac66-45a6-48b1-b6b4-586314632bd6,Control
4ec6944a-03b7-4fb7-a191-c9e50b071f43,Control
bea8126e-caf8-4115-887d-04ecceaf10a8,Control
8465d331-205b-4525-9cee-7a36f3012960,Control
d82c8961-18e4-4ea8-8514-28530c866701,Control
edfb15cc-7f3c-4b2c-91b5-5c046d5d58ec,Control
731180a0-130b-4279-bdf1-386b3b7b770e,Control
71bce4fd-1b05-4fe8-9f29-4be4b056c263,Control
5e3f6c1a-7b84-4695-9c1f-d7fe59b7bea4,Control
669367d5-aa9c-4593-9fad-967b648b037f,Control
2caab02b-b32e-4c3a-b905-8d4184b8f0ed,Control
a78fd2e3-0bf4-4e79-bc80-5bbba0419c41,Control
273d778a-24b0-486f-9588-8b7d3a03ea5d,Control
232cf6bf-51e6-40d8-b839-3f273cdaa531,Control
4cb1995a-0559-404d-a262-f014bfc944dc,Control
738d254a-9fe1-457d-b23a-e5a756892188,Control
41fddb24-d794-40ea-a9d0-a2969232be6b,Control
61240756-b6cd-40d9-a986-721399a737cf,Control
e5ab0204-9f2f-451b-b590-a1602cf65dfb,Control
7d2a267f-c070-48d2-82d5-cab48d3bcd8c,Control
6b73cedd-127c-433c-9707-38259072d88f,Control
fe4e6a6c-8a3b-477c-bf87-bc0e00fd7cf1,Control
72a031cd-3e23-4390-9f06-111c4a19a5ac,Control
1966875c-5537-4261-8c82-6612e5950033,Control
e1b04078-2b3e-4f7f-89b0-cfc03fda8a4b,Control
a8cebd8c-ae6d-43f3-9fed-d49d13fb6fcf,Control
14872f54-fb78-496d-a2eb-c5435149a819,Control
434db5ed-4745-41d8-a710-065e94bb7cef,Control
fc79129c-241c-46e4-ac4f-0b820c7e1dab,Control
1d2fc86e-020f-4d8d-95ed-44eec29675fc,Control
b40c0674-c4fb-4a4c-8475-d2dccd8294f1,Control
04073862-6c73-4319-8dff-a747eb988f60,Control
1e293d91-baf5-4d1e-92d0-bda72af64193,Control
21afdf23-564f-44b1-a783-95905137aa04,Control
c49f1ca9-4de7-4930-9d51-1c43b2f0edf6,Control
26d628e0-94b1-452d-9b9e-1a020205a37c,Control
4e5f8c14-b90f-4d9b-ad55-91639a57d231,Control
026461c0-81ed-49b8-8e10-c3e90cb61aca,Control
9244d08c-4608-4f76-938e-f9b62c537d81,Control
bd0609ef-a1f7-4203-9cbb-c27bff1a7f00,Control
394acd2f-50b7-4a22-8ec1-78eb5f5fbe2a,Control
4552f485-5830-4fbd-b028-f033ee5f9933,Control
a7117594-7fcb-4ccf-b9f4-83bb33342602,Control
e427be63-da7e-4833-a8c5-5f95e276bbd3,Control
6c492128-1a15-4d39-b3a4-5fa6dc41ccc2,Control
eb213836-d55a-4d83-baf8-82d5379a1e4c,Control
02387af3-f90e-4d1d-986d-8d01a4737cad,Control
5cc32814-ee87-4e74-acea-988b49402365,Control
f54e5e5f-b658-4b04-bc28-9efd586092fb,Control
a33bb406-037f-4465-a5a6-749eb15758de,Control
e7ba58d5-88d6-42fd-b574-ae6a2a855c91,Control
6e8c6d01-f9b8-4b40-a22e-d38abdbbdd08,Control
43b1e6d1-c3bb-45b7-a057-7a6feb6ce61e,Control
5fa466d0-2718-4cfe-a060-d7bc9a44c3c9,Control
2b00f4e3-f429-4aa9-a71a-7db134d2863d,Control
c69b1d0c-e347-47fe-958b-1825a2cf894e,Control
a13224f1-4f73-4751-a1b8-cc426836cc5c,Control
9920ae4f-466c-4b68-875f-b196030699fe,Control
c935eba2-af72-4cce-bcd2-4fa9a0f22ac3,Control
3fcf385a-3d8d-46ea-b7e0-89d57482805e,Control
7a1b7c3f-c81d-4829-b33f-510b0d7e380f,Control
fc4b966f-4d88-4587-961e-1e1f082ddb54,Control
e011b13a-b84c-4cfa-ab5b-3ee763c892d6,Control
5b0385f2-1839-4a56-afb9-f7b1e2610584,Control
812510c6-448c-4fb8-8f85-302cf7de17e0,Control
44b29b38-80ba-4d81-b724-ea2860412745,Control
91b8d0f8-497c-4639-9d0b-f4c2855f352b,Control
4b1eeaae-cd94-456b-9fdb-16bdd3650770,Control
b5ffc871-51d2-4171-bac0-27f4e6aaf4a0,Control
12d2ab8b-6c55-4f54-b6ea-3ac4da8e4176,Control
3f954b19-5d1b-4b44-a50b-d222c568551c,Control
3e216e5e-f49e-4ef8-a469-2039f96874f1,Control
d75d0b8e-bde1-4c67-8c0b-d70f160558f1,Control
2d7e7c1b-38a6-4d26-82c3-057023648c52,Control
bee454ad-ae98-49d3-9a10-364936c6f799,Control
6268c9f7-4290-43fd-91ce-5c2fb047b236,Control
0aabecc7-f5c9-4fcb-b6f4-4be184074906,Control
523d540b-2ae5-4c5e-a82a-6fd44b4f83ce,Control
21634615-6a43-4fc2-a876-822bcfcc033c,Control
1ee0815c-7bcf-4e5b-8034-26fa5f503fe4,Control
66a2797e-998e-4b09-90d2-0084a320ff4b,Control
9a906867-c2b8-4e14-ab49-601df39f2af6,Control
c330358f-b18d-4206-8c9f-7b8bf087745a,Control
4abafc9e-19d3-43f4-b7a6-d5eb61553740,Control
6998ae01-417c-4afb-8da7-eadd7dbc2858,Control
367ad009-10ed-49c3-9e4d-ab3e130dae7b,Control
c6678a9f-5002-487b-8c62-3db1e600ee2d,Control
3df60a6b-4d9c-4314-9a65-46f785c8dcf0,Control
7d941fec-f921-4d42-b5f0-376ee85c0bc6,Control
a074e20b-8b0b-4c15-b05d-cf5fc81e426a,Control
e71fb438-eef8-44b0-8128-e5fc9c410eef,Control
b5138b8e-7005-4856-a725-266022177970,Control
a7128369-2832-4e86-92c5-997accdf3e72,Control
73ff1153-74d3-41ee-8f8a-7117dd4210ea,Control
6ebfd6ab-fffc-4005-ac2d-54b18c8d2097,Control
eacd22b3-e8f0-4904-b33a-b53f69ad4cea,Control
ce0b878e-83a4-4acc-a196-5939ade0ec9d,Control
1cc9aa9b-058a-473d-99bf-7bdb8bfe296a,Control
05a138e7-a236-4977-96e2-ed774514c4aa,Control
ab320b04-26c4-4388-b96e-e267737190dc,Control
e0956f61-520f-47cf-9c79-a4ec74b48d3e,Control
fa3223a1-6e71-4e24-97ac-724a1142b9c0,Control
409e5bbb-0fc9-424c-a2d9-09f487161e90,Control
539ea4b4-daa7-42a6-837a-ec05257f3e8c,Control
1b43f839-23fc-4abf-864e-d379681cb280,Control
53ed5bc0-3c74-4d40-992d-8b7aa875ad18,Control
a5c8438f-70e9-454d-893c-c55f82b6e775,Control
52fa092e-db09-443c-9a8d-96ba37349081,Control
7d3207c9-9840-4e5d-b9f5-03676cc50d61,Control
8ba6a896-2840-473a-9632-c23796f7d605,Control
8e3346ed-f1c2-4784-9d3d-37c2b3994513,Control
3c792352-6485-4bd1-9759-15af86b00033,Control
ed6eb258-74b5-47bf-b4f6-c90bd22b66a1,Control
d6facad4-f752-4e1e-a2ab-ab8a29b33ff4,Control
b5522ed1-a454-46b2-8eef-0d0f07e137a4,Control
4c4f54da-d56b-4c71-873e-674aa36c819a,Control
32540685-22a6-445b-b6de-aec4c53ee911,Control
f28e71bf-ad69-403b-9dd4-34891886f492,Control
58be5bfd-fb59-4e38-97d7-5e2ac1bbd0bc,Control
9829e277-5391-4006-95b4-d56edd8039ff,Control
1ff7a5c9-1d9c-47c7-b0bc-1b73a49ad94f,Control
5d1b6fb0-0ca3-436d-8061-a7ec77105f86,Control
ce7bcd87-c42b-4de5-b2f0-08c1275057bf,Control
800f0f36-fbff-4ebe-a5ce-ca27192b556e,Control
82a75f6e-e99d-4a27-9eb8-9b3b1494173f,Control
38b0f28c-dcec-4a49-b409-a5ec2765571a,Control
f1d070c9-4899-4555-b3ad-f500c7bf197f,Control
3f365899-d2ae-49a1-b459-01a3bd70ae30,Control
16954e14-091e-497a-ac93-e333d9c383f1,Control
436d9da1-812b-413c-a3bb-7fb02006897f,Control
76a81278-e1ac-4bb5-be1a-3bed72ab304f,Control
6f14f54c-bc73-4abf-80fd-b00c04d77324,Control
b63db587-5120-4336-8b6a-a1aac6f35bbc,Control
c6aab30e-460a-4d6f-9f96-0dc9a9a4514f,Control
f1d36b0e-8cfb-4232-9694-24e67649815d,Control
9152172a-9945-49df-b28f-717d2243b3fe,Control
e7815ec5-341d-4582-b9c2-c9196005fa6a,Control
6821770e-007c-4949-a28f-d3304411a079,Control
b97557d1-dbb8-4270-aaf4-a0dfc6f66fc3,Control
e894ffae-ff34-4f88-9b1e-03b737d4437d,Control
2149c769-20b1-401f-81a1-907a676b0113,Control
cb84c2d9-e44e-4a07-98fa-02cab3668111,Control
864b8091-5b91-476e-b913-3a71034e7da0,Control
602b621e-b801-4c8f-af85-a07b408f627c,Control
d2a6200b-720c-4000-8016-6aefe63c2afb,Control
c80580e5-d14e-411e-9c78-0e5e500deafb,Control
8c5271c1-d5b1-4603-b882-fbf80059c1ab,Control
a7ddf67f-bc2d-462e-aac8-107b28f2ca86,Control
77894fb8-c9e9-4c65-952b-2d70000efbc0,Control
f04c1493-6fb0-4a9e-afee-0989bbe9a72a,Control
12dca2c2-4e3b-4b3a-8d4c-d000da8c93a6,Control
db350c77-5661-491a-a3df-fc9fded72e5b,Control
efe15836-9b95-4a84-a26f-60911c7604ba,Control
5ead5933-e644-4499-bdb5-e324b88b7d7c,Control
b4791b9e-8ce9-4a3f-a7eb-c41d0ce379ea,Control
52296553-1d3b-479d-abc9-a6da96fa5c39,Control
7ae9b500-0098-473b-91a7-7c8871d67dc8,Control
2f5da26e-1aa9-498b-ae66-d3202f133dda,Control
e844ae32-a96e-44ec-8d82-cec900adafe0,Control
326cef37-c892-4fb0-9533-680aeafdd016,Control
b063b66e-f5d7-4c65-a8fc-590fc0d24af4,Control
f26d1cc6-de20-4e22-992c-16f6b4ca93dd,Control
5dd47f78-57d9-4b53-abee-5083eec916b9,Control
69d18ca2-cfaf-466d-a29f-f60724b6f602,Control
1dd26b57-f2ef-433b-89be-98d1238b02cb,Control
9d5854bd-2c88-48bb-a08d-433c409872e5,Control
e6e6c5ee-3f3e-4c00-981d-3d39c31bc403,Control
86d65a1e-6815-42fb-ad47-204aa6fd4f19,Control
90a2c8c9-7bcb-4958-9f00-97fde056a104,Control
5873f32d-35fa-4aa6-82d9-5c6dfea67f5b,Control
ca46baab-36b2-4631-ac86-743f11da5e74,Control
5e3ad31a-3876-4aa2-afb1-d9d3cd28f0f9,Control
29bfc579-400e-4e11-9121-d4a42cd29fb0,Control
33b02890-1c90-4cc7-b4ac-6a8daf5057ed,Control
64d1e00f-1e89-4fc9-9c2f-cae431bc6e00,Control
3458c7ab-f6fa-44d3-b96f-88c5025abfa9,Control
6f6706d0-481a-4484-9886-d104931b8027,Control
950c47c3-6366-4385-a766-d3fdf06109fb,Control
84d53ad1-3eba-466b-b87b-4f5465a331bf,Control
1038c4dc-68ff-46ad-856b-ba07383b90a0,Control
8cc08f4b-5435-48ad-899a-585562961d04,Control
233c1977-211b-4ac7-ae87-a527c307225f,Control
6b5ff5fa-e26b-48a1-8a2d-b9a2e17cde0d,Control
930a3832-4664-4467-b9e4-e5fe8430de6e,Control
c0e0164b-8a87-4ace-8606-6c5d4389d9a0,Control
2cd62e81-57fe-42da-b4ac-ff2837c990b6,Control
8ddf816b-2add-4abd-a867-4a6410f07d76,Control
32d4fd95-0813-4213-8143-ffcd732c632a,Control
6e78df7f-06c4-411d-ac2a-5a5f097326e2,Control
cdc8325f-d5a9-417d-84cd-08dc3b4878c9,Control
2126d1f4-7435-450f-896d-c3029e3c4114,Control
f4be81a0-d2f8-4b26-9eb2-0ee14cb5d4ca,Control
df087388-15c2-4981-aa4e-acbd0095d819,Control
87380e57-1285-49d3-b541-71865967e50b,Control
37896073-1a6d-4bea-9e07-cb230db05476,Control
3c93aaad-e826-47e2-9697-a67e0e78d7bf,Control
0fcf38ef-2a63-46da-a809-1c98526d9153,Control
acb48012-2c2e-44e0-8f72-f54e942ca0ad,Control
404bc0f3-3e3a-4c05-bce3-b0083c0e3a12,Control
3c3d4a11-d44a-4b10-9b9f-bda1f40f82eb,Control
d0e2d8b0-ed59-46d7-91e7-270ca990cbc6,Control
8416402b-bad7-436f-84e1-b189d4e02858,Control
c1d3120d-944f-4986-b2de-09e1a043ef60,Control
d7f25a03-ee25-4759-9b7d-e73b74e53935,Control
fa996a57-9b8f-4f3c-bc47-4f68d468549b,Control
8afb5497-b09d-49c0-8dd8-4feae6b7301b,Control
b2499d51-5f06-4153-af4d-e8b4d1ce2028,Control
8b8183b0-e722-4bc8-92da-b9a2b774145f,Control
231a3ce6-ca66-400c-af4c-6ea49184f611,Control
fa0d7061-1103-4a5d-b8b7-669f9e3e2f52,Control
d1ea2104-ea02-4234-931e-ed1675415f4f,Control
eeb31626-6256-48f7-827d-82bdc2a2d903,Control
e3ebfa8b-d5ca-4155-8cce-655ca4de2394,Control
def7fc23-493b-4ba1-88ac-b508cc631bab,Control
ac2924b3-7c70-4809-abeb-aef4480b4639,Control
30a979da-c71a-428a-bf81-4bdb870d2ded,Control
2fdd7d42-3fd7-46e0-b550-c801606b0d16,Control
2b566638-cf89-4580-93ff-a739c56d0332,Control
7f39da98-5b1f-492c-a606-cf225a18aff5,Control
d26ebb4d-b837-48bb-8fdb-9c14a053eab0,Control
45625671-b32c-4200-a3c1-2af374769213,Control
90fcca65-fb58-4251-bbcd-f2f44b00d292,Control
edb387cc-8e41-4ba6-9302-46501b6cc1fd,Control
40c0d749-55a2-4fed-b396-1013795e45b5,Control
57e67d85-c07c-4c60-9c69-4a9ab7a72411,Control
2655abac-e6a4-40bf-be1f-98e1789959db,Control
51dd4ed0-7e83-406d-9626-de16dde055ca,Control
0e646bef-a248-49ae-ace9-92c824890710,Control
209e64ec-a01c-4604-acd6-9bf2ba2fd334,Control
7c94d34c-8b0d-440e-8a77-ef8383d965fd,Control
3f80ecce-bceb-4017-abdc-df5631de4d7b,Control
fae21489-f37d-451a-9ec0-4501f5b85b2d,Control
c8cd9b63-92d5-4fcc-968e-fdc3b169c17b,Control
a9b8a081-e4b3-4746-96c4-c2b73ad60840,Control
d1b42d4f-685d-4276-a495-511219229f37,Control
21d9eb69-0afa-4eae-9bd6-4b950cf56957,Control
fda9fab0-54c7-45f7-9e64-c512846c3a11,Control
143f08d9-f354-4c4a-bb0d-bcf0be2783d9,Control
21532282-0cd3-4c95-a6ac-11c5f7e6f273,Control
48a54fc3-f0a1-4045-abc3-4912b2de57c8,Control
136f3b64-bc1e-460c-948f-d0f5a31db32c,Control
30b040e4-3d45-4703-bce8-3170766d35f4,Control
a187a06d-00f4-4582-a485-43859ac9e991,Control
dc67e49e-47e5-4d73-901b-e112588c99e3,Control
7c56c365-d29b-4c76-8909-c9bc2b61a8ef,Control
01edf0b2-7f36-4f6f-ac58-666950e1fced,Control
933d7f00-e088-4390-97f0-4aa34b68037c,Control
60c1edd0-e7ad-44ef-b864-b3974fd99388,Control
ca0c9dcd-ad88-48b5-aa87-d40b4911d1de,Control
dae5097e-edb0-4f04-8efa-d7846d09e5b4,Control
6abef961-5aaa-4d64-ba15-d8f01dfcf9d8,Control
8d59170d-4a0b-4f73-a975-18361f720c79,Control
d54530b8-4827-4788-b40b-27f93978d785,Control
0745b3b8-f886-44ec-a190-a5949bf34761,Control
e796c868-a9f2-4a47-ae24-97977677e1c8,Control
e550c4a4-c161-443e-b14a-9ad248b3180b,Control
2685b44c-00a3-493d-91bf-433668f61d13,Control
11fa6958-3044-4539-8b9c-3fe21bd2de95,Control
1637a3ca-da2a-4656-a7ff-2ddcfe6ae5d5,Control
3d0754ff-04a3-484f-86f7-21c19076f7e0,Control
851b6f04-df1c-4460-b0a2-6589586a6391,Control
97a11845-03e8-4db5-ad59-3bd93c7e470a,Control
0777c317-22aa-49a0-9929-13d9c39c72b2,Control
2fa58047-aa5e-4cf6-b0d6-264037b02655,Control
54b47cd4-5b96-48d5-b388-aa7f311689e0,Control
1260648a-b59d-4551-a82f-c5d593eaae67,Control
93e96ac5-b37c-4deb-a8c2-3ed0b364fe4a,Control
df6f350f-767d-480b-94a4-c77d6d2fbc02,Control
876f9666-08ce-47f4-b860-7ed3ae41e498,Control
484b34eb-c2c8-44e3-944c-cb408c852e34,Control
530f5fef-c6ac-4194-aef5-08af55f9b44b,Control
e8a3b392-0d66-4bf3-9fca-c052fac80141,Control
5a565d18-a28c-4932-812e-13ce5c20d3f0,Control
92f38aa4-1a76-48a8-a68f-4e8ec1e3a219,Control
43934243-98be-4e38-9cdd-9752f240687a,Control
91574e84-fcec-46f5-a6a6-0fe1c8f9f8b9,Control
6136602a-f91e-4241-b485-5c303019a502,Control
2cf8d66c-e934-4132-8c4b-87f8e07aa41d,Control
9fe57d8a-31c4-43ef-80bb-6186f1e45f9d,Control
59e6b167-65ee-410d-a941-0fbf66f7e0b1,Control
bb4d60ee-cc68-4731-94a2-e5e2975e281f,Control
7dc77236-fe29-4f0a-bc4c-0479006e3b73,Control
5017009b-c7d3-48eb-8981-0412f8a1ad48,Control
d620cfbd-aa8e-4bab-ba01-cae58fb5fc31,Control
86583929-b549-4746-9066-67e19ebda980,Control
7718db31-7449-41f1-9fc7-c378d6e82bb2,Control
88caffd3-abff-4ba7-9560-f1ae2eedb866,Control
38452127-4f46-4d8d-a010-97a43a148fa5,Control
c2964fb7-6a80-4e1c-a628-77f4474930fc,Control
99dd19fd-5b54-4e6b-9e39-b1cfef7e9d2a,Control
c8e25e64-0aaf-42af-afc6-7d8b0d42814d,Control
2717dd4b-dd40-409f-8e94-057d107b29cd,Control
e030e3b6-83a4-4adb-97a5-fe96b4eb38cf,Control
78739c4f-20fb-4422-a291-72ace3185148,Control
e9b92956-a038-4deb-9d70-d5b2db73a103,Control
e01f6bfe-1e55-461d-98b7-b6099abada4c,Control
73f1d0ea-40e8-4c8a-89ff-9d13f7ae6cf1,Control
fb4c9928-1638-41cd-9e00-7dc851f978fb,Control
141b17fb-8a70-49b3-ba08-88f9e8ab3874,Control
d6ccbd5d-d628-47a2-8cb4-ba623ef3fc03,Control
4e19f778-24d9-430f-b36a-7f7a39832404,Control
0aaee87a-2d3b-4f70-a786-09e9e2ba2a1b,Control
c5520e9d-7815-4964-8f75-bf9043de15ea,Control
b4466a48-0f96-4cac-aa3b-cff7b11ddd71,Control
a6e345b0-6d59-46ef-bb31-9adeeedffd8b,Control
75206d12-abe2-4071-9e28-d8cb951e89e8,Control
202323ee-4a4e-4c1d-9651-791d6ddb93e7,Control
5d5de859-89dc-41d9-846e-d6b51b4ac6c4,Control
fb3ecd4a-8a84-4d8a-acd5-818292a76bb8,Control
002b6e45-96a9-4a36-b51e-91466c5ff651,Control
cafd5a7f-6dcc-4864-b0fa-ad448f730f04,Control
a557b131-6a91-4a8c-a2de-630308c5bcb2,Control
465f0ddb-e438-451b-87d3-32cc84165bab,Control
fc7b55c3-13b6-4a11-8f6c-74e228839a46,Control
ce9cbb1b-52e2-4783-a911-1bcb126944c2,Control
a44c571f-5e67-40e9-ae3e-5049139db415,Control
4ee9caf7-ba25-4354-a4a0-9caebb975dff,Control
6bd5cf1d-75d7-4be9-ba00-59d080836f6c,Control
e1e82f70-dd7b-4982-a01f-e82b219be356,Control
9c48f202-755e-42c5-9e26-c1a002b21c54,Control
5c7eb35d-1db2-4df4-ac76-eeaa6197d007,Control
f38b79d5-e3d7-4271-97b1-414164366667,Control
7cf62738-1172-4649-8a38-49d12b42f350,Control
e67ccb8e-6fcc-4f81-bb2f-611f3b4c3012,Control
ade8862c-85b1-4240-b276-24c134372ed2,Control
795d895e-e9b4-4f45-a602-d878a501c82a,Control
8a70c05d-232d-4a48-a12c-8c9176a2a6c1,Control
f6ebdd02-171a-4254-8046-3fff0a1a54bf,Control
a8bd503c-8def-4bb2-b079-40746efdb04e,Control
fda93a4d-5d39-4e70-a516-6f068eb598df,Control
dc0e6e66-8627-4690-9211-8e91eb7f789f,Control
b6318dc7-e75b-4797-b718-2f7764cb9580,Control
86caa6d7-c568-466b-be19-9d3a7c60507a,Control
d55f5637-a176-4d6c-a283-2c8e4a793ebc,Control
3071b0c9-b8f9-404a-895c-aa5707ec0005,Control
44fe2a03-d06f-4c24-9c61-797ec561e15a,Control
90765f1c-0faa-4246-ac49-bcd6e4e9ce64,Control
c49d3950-2483-4aa5-b5da-c9dc1c079e79,Control
00846f1c-b6d4-465b-a047-e85aa9fd6c02,Control
aba3f316-27d4-4790-92d6-07d188935e5d,Control
135e0cca-a64d-4c3b-aa95-b4e03678305f,Control
fb9e197b-6dac-480c-a4ce-c0be7e69794f,Control
3fd65585-d9a6-40c5-96b8-ca150f601594,Control
1707c58e-1169-48f0-a43d-8394de744b71,Control
feb655d3-e379-4b54-bb80-7ccb0fe31a6c,Control
c46283e7-8130-4311-9da3-bd18d7ef9911,Control
d50e1f33-a3af-4372-b5dc-a1ad455f9f1e,Control
9f2cb13d-4c1b-4bc1-8ca0-888f4de9ea40,Control
ebec1c00-1f96-4972-91c2-29ffddc6fa14,Control
6ad14058-aacf-4ef9-a524-bd7a9e18203e,Control
de7bc1a4-8316-46db-95c6-718c9cc4c49c,Control
20134882-9f0c-40ae-b847-bcd7608758e4,Control
93f21d4c-e3d6-41c4-8aac-f9b525faa556,Control
67a4e97c-94f5-438b-8951-4b6dfff246d4,Control
be4ef7af-9d48-425c-b4cf-c8969820575c,Control
7a400ee5-f0d9-4c12-bc9e-ed054f83c734,Control
89313354-8700-4d92-b2e1-4d33012bacb4,Control
00cf4d24-6193-4d13-8d49-122834a7ce2d,Control
6af55bca-84a4-4195-870f-a2673a07de2d,Control
2f5cd916-cace-4772-9db5-684b0e19e371,Control
9ecb7f8c-d781-4b6f-bacb-4b2c2509ebcc,Control
d5e98b66-b03f-4c53-b3c0-508a2cde7798,Control
556d20f5-85b8-42e7-96d1-7669cc6c69ab,Control
e9007a67-0a3c-4dfb-9a5c-6a87c129c821,Control
9b1eb086-2725-4d44-918a-4bc18bd6594f,Control
92a6b9f5-2fa8-425b-84ce-6bf1807ee0f8,Control
9a8bdccd-ee8e-4138-9bcd-869835fe0ee0,Control
2362cc8e-0dd5-4a69-935c-1852ecb56518,Control
d8affb0f-2698-4999-b618-023cbdb22563,Control
0dc4ebbe-bc4d-4458-a384-ca837b02e761,Control
7ae2d6ed-c6a4-427a-a514-8e10fcc4e430,Control
8be8657d-2d0b-46ef-b0aa-9caca4aab365,Control
228b6a35-5e19-4362-9709-d4f22558cce6,Control
aff01d05-3009-451f-85b2-bd565b937bdd,Control
7e278878-b1dd-42b9-846b-66c3692f2b87,Control
4d1dd583-3ee8-46fd-8fb4-b5e58a8362b5,Control
87fd8155-76e3-4cf3-894e-01affc4e2b70,Control
6fc58899-5abf-488a-8a7b-6e65553ed3bf,Control
e79694ff-8a0d-475e-9542-111e2d896bde,Control
48a381f6-10ba-4149-9435-1887746879d2,Control
692c3b4c-1ea0-4cef-888f-4a912b0c30bd,Control
3b54d325-2f24-41e6-8255-a9d8d3fa878e,Control
ec8c1b5b-e572-43f9-ae7b-5da3a5e0cf41,Control
3da8734e-1cbf-4a3d-9775-c3cbb65a1b63,Control
4baaf29e-6f36-4c94-9409-a0d4720d1759,Control
0f657cb3-7934-405c-97f2-654c6e36f662,Control
85646ef0-3878-4d74-aee9-913114d33cd4,Control
213ee491-31c7-4061-bc0d-3924d2274530,Control
884ca206-3fb9-40b6-bcc2-a03bc4feebd9,Control
fd2bb7ec-01da-4d43-9ae7-c3c7179b35fa,Control
eab8e80a-725b-4599-89dc-83eb1c9283cf,Control
75e86e6a-3353-4636-b66b-26cd305cc4ec,Control
0e1d6363-3821-4427-932f-69d873b711d0,Control
564a309d-a7fc-455c-a1f1-ebe4c5199ee9,Control
a118e6cf-a2c7-43e0-8dcc-379f10227b1a,Control
28612681-f548-4af5-83e5-f3ff8b40f702,Control
a979a5f4-4186-403c-8734-8d07d68ea21f,Control
c4cc1316-7596-430c-a3ae-cd6a5a2c42b5,Control
91e4df54-814a-47eb-9045-73231575fffa,Control
3e48fae5-7de6-4c4b-986d-25744b8a44af,Control
00b88738-be11-44b4-8c83-08a484e9d982,Control
b996dc09-383a-43f2-9f9e-521f2f2a6a9f,Control
638e1d5c-7cd2-4846-8618-8bdc3bb99b53,Control
b23b8359-4036-4d67-9437-ebfa1335a061,Control
715b51aa-ef55-4a47-a00c-e534c36f54b6,Control
d07004f9-b354-43fd-92b3-d3decb5e18b0,Control
95bef9b3-ab7e-4cd8-b1fa-ad13d281d2ab,Control
67c62c51-f861-451a-accd-0b8895c15dc5,Control
c6adffed-d685-44d7-b88c-e5721a2ac663,Control
2ac385f7-22a7-4a0c-8a4c-5902f795917a,Control
30c40d6a-521b-4b3d-af39-ef6e36e0eb45,Control
ad5ed94b-9047-42a7-8ec5-8e288c247817,Control
24da4576-ed30-4c46-861a-c21b40fcd193,Control
5ec80b2b-d3cb-4f58-a141-593abe65759e,Control
2bb770bb-8475-4013-a709-efb3ee497c5c,Control
dd839b78-1c42-43c4-aefb-1d8ca7c3c777,Control
6057f3b8-ef23-4d84-ad07-4726e62b82d4,Control
7d63eec2-fe0a-4672-a348-a2bb3cffa2e9,Control
6e66169b-7bb7-4021-a914-d366b740f74b,Control
c4413439-101b-41ca-beb4-eb58361903a1,Control
354a82eb-4aa4-4ad8-a2a6-0c3058a9d11e,Control
00412d3b-2e3e-4568-8efa-59c145f614a0,Control
cace5f1e-f32c-4626-a77f-48e5a8104aa1,Control
2eb6bae2-2d84-4f20-b0ad-0b5a5d79a83e,Control
c90c34ef-4657-4e01-85a0-7d084c20558c,Control
25ca2a5b-7f08-4739-aa11-8c2e3711d3ef,Control
29de3f82-b5bc-436c-ae06-cd70f6894968,Control
ddc07c3e-c8bc-433a-ab14-fe2c73a87dda,Control
41cc0b53-b84f-4dc2-9e56-fce2805e98e0,Control
2fbeb0c4-18fd-4f0a-9a2a-34655b31507b,Control
5879dc59-3fd3-480d-9584-142bdf97a979,Control
ea133ef6-c332-4c36-b5f7-9ddd7593b3c9,Control
8dcefa0a-aa3b-4cdc-a3e4-d43ada27d17d,Control
ab9feff0-0a03-4356-a436-f6874fc7a6db,Control
d905cf67-dd55-40ea-8f03-68c8b1f2cebe,Control
e5c5f335-6390-4ff1-9330-71f4848799ab,Control
e66c38a2-f1b0-4739-9b1b-eeaccf38f87a,Control
1d9abc1b-753e-491f-993a-4a879ed599ac,Control
9fa23f00-3520-4457-8380-79e0cfe9f4c8,Control
1a161c96-7f31-4ce1-a94d-7f0a3fc61460,Control
d55c0cc4-5d9b-4be4-ab0b-5ae4071e8a9a,Control
cca8933a-f92f-4614-a615-0bf5644322ef,Control
463d89ef-de2b-4679-ad82-4b57289df031,Control
4047fcc7-70e8-4176-84a1-057a0d3ec476,Control
65c38add-493e-48f0-b55b-825a42cd40c8,Control
5394f923-e99b-4238-81d9-f23c7cbbc020,Control
d15c90c0-3d9e-4984-ba95-3618b0ffe0f5,Control
264ca068-d005-46e5-b2eb-db114bceb71a,Control
48dc07a2-1b23-4f38-b5f6-9e6a8523dbc7,Control
3004fb5b-42e7-46ca-b392-bc6988cb1cc5,Control
572f08ba-f4e4-4e52-9927-ae41572d7601,Control
a3cfabb7-dab3-4edb-8ef0-755e8b4759c5,Control
f6753aa2-53f7-4445-a3ef-7b7cf389a792,Control
5a30c82a-742a-420c-bd12-c24188d94d5c,Control
4c73786e-5689-4092-a1c3-e328c24af186,Control
da78b52b-0b2e-4702-b483-1356d571072d,Control
23dd1fd3-3f50-4492-82a5-05ddef6d6136,Control
3e66e748-4f99-40f8-b51b-d3e1c5861fec,Control
77ed1775-cad9-4c39-904d-dcb13dc63767,Control
49268519-3eab-43e0-9cf4-449131ca5412,Control
ea7421a7-8321-4ba3-aaa5-fcc81686b25f,Control
5c194bc4-e4e5-4161-a51e-8f498291d506,Control
63ea9c84-d4b4-40f2-a2f9-d1ec7452faf4,Control
dd6a4d02-deb0-4665-ba00-708dbed1b6cb,Control
3e01a8cd-9953-4cb4-bbbb-d4bc007e948c,Control
feff7c72-f5d8-4364-b465-c6895a5e510d,Control
560668e7-9c80-4cea-9b99-4c5898011a89,Control
258b6441-087a-4815-91fd-6c2ba20b3208,Control
6f4f54ef-583d-4dd6-b7ba-097c976f135f,Control
87ba1551-d52a-4ea9-b956-c2add1c31f9f,Control
7a7cf76a-9405-4c0e-8dc1-f3782b1c3e38,Control
1b1f43b0-6a68-4ef5-b7d0-2c7c035c06b4,Control
03be38e5-81b6-40ad-8c10-0db6452b3abc,Control
395dca0e-327b-4493-979c-d24a5e47e4d5,Control
91e7e3aa-5124-4c94-bf08-039ed3730138,Control
9d3676d4-40e0-43e3-9c9a-5d1cb820a695,Control
72b0c8c7-d7e0-4daa-b0f8-f528df035310,Control
7b235a14-4276-4d3c-ae77-bee9a4a129ef,Control
5555b5f6-ca7f-4810-a310-78c95cd46ac3,Control
9e110359-86ea-4a12-a335-06bb0264881f,Control
e31f0127-dbec-45e6-909d-7c46c51bc5f4,Control
9ae9ddc1-3dd4-446e-93d1-c907985ec782,Control
3bbe8934-43e0-4042-b598-f36b34cc0cd0,Control
c9947954-b048-45b3-81f7-148b306a20a9,Control
db4ed00a-5578-4d86-bb89-30fb41c28d45,Control
14a73b34-7fb7-4f63-9d00-a516960d3b4c,Control
959d03de-349d-4e8f-bb1c-c274288d6b49,Control
9cd0d2a8-c985-4cd1-9c87-210d89048d9a,Control
a59e88f9-aa55-4a57-866f-922be2187316,Control
39fa55a8-c615-4d09-b6ef-d32319f00841,Control
92368e46-b380-49ce-a0aa-0ab5ca73703d,Control
a3d1f35c-ef32-49dd-90af-9d6174c25490,Control
88aee1e1-6599-4ed5-95d0-2ac0043364ea,Control
9c8c2150-837b-44a0-93ba-61b147972262,Control
87e2c4fe-e37b-462e-bf06-5b45a52e9e6a,Control
666b49ee-7cb1-41f0-b3e9-094b8ffa09f9,Control
30b1fb09-6f68-44aa-a475-669d25960b2d,Control
2c976a65-1de2-4394-94f0-68057a1fe6b1,Control
e9f3df30-7a6b-4c4b-b971-0f7d91734dde,Control
4105ae65-9bd4-43ec-9ede-428755e37ded,Control
fe1f8049-1c08-4df9-bc00-0f2dba07e88e,Control
45997eb6-0399-476b-805a-ef23d515f273,Control
ebe8c95c-94b6-4306-9380-7b2f277aa939,Control
26ffb543-b28f-46cc-be0d-bee59500bc15,Control
bec683a3-b30a-4429-8931-d592b4879083,Control
edc3ebfc-3f2f-4318-9d44-911a2dcd4771,Control
b8cfb10f-bda4-4e69-a53a-67cec1354d5c,Control
d9a9316c-6577-4820-ad47-d96a1e8acfcb,Control
c3e7165d-2c6b-461a-8e44-834046fd0aa0,Control
af43c085-fa29-4736-ae57-89a724d25405,Control
60a77526-b1ed-40f8-80bf-7b783cdaf30c,Control
410c19cf-e7d2-4be5-af94-83ca9eba198e,Control
a9bf51e7-cac6-486a-8b85-9afe5e0e049c,Control
847118bc-00d3-4f58-8afb-af82e1455f89,Control
fbc9844a-f773-477d-ae35-77107dc03df9,Control
246fe32f-3837-4566-8786-82f0b85d2675,Control
fd93d777-22cf-41b2-bded-560da6986bda,Control
55615940-7849-4bad-a705-46c05ff01d65,Control
cec8f93b-df2f-473c-ac22-aa9409544821,Control
14bccc4b-55e0-472d-b327-56fd5bd97318,Control
f1f6a088-884f-4f67-8d65-87ab24f4c9dc,Control
25e95779-ec7a-45e5-a017-894119bdf484,Control
06ef856d-fd48-4b0f-846b-53e41d2d82f5,Control
125fdc72-c29e-4e34-b2f0-5b0b409c056a,Control
7069f213-cd4e-4419-9797-e0ef45637f37,Control
f488d852-20ca-4b0b-bed6-45971b9e245a,Control
52b17bfa-648d-4364-bbb8-1dac2d3483a6,Control
611a909f-0f39-436c-8faf-fa2a509e74ec,Control
ae45888f-784d-42ec-8dbe-2241f35e2c9e,Control
34bd4b9c-19c3-43a8-8ba4-bf05f8a24c9c,Control
3ad5ffbf-9bf0-4577-9329-ddb8224a4be3,Control
285552ea-cd60-45c3-8174-71610c180dad,Control
64f53540-5350-4b23-ad61-562b56a3b713,Control
22d9c2cf-c642-4443-b99b-60141745c616,Control
72a462bf-619c-46a6-9c17-2cafc166cd11,Control
b6cab761-2139-40ba-8f94-bd1e49766201,Control
dda36436-b259-4618-84cd-c5f124e14475,Control
699245d4-048c-4400-b6d0-39478f62e28f,Control
13cf1e2c-60d6-4e2c-aabd-08589cdd2b95,Control
37db0906-89ed-41fc-a839-68ccde4bee10,Control
261d1bd1-ef7b-4fcd-a9a5-9a5d05c88f8f,Control
6fdf5cae-3826-41d4-b494-21f20b237d6d,Control
01f63883-9cb8-4d26-8593-c8d53ddba448,Control
8c57a7ca-de55-4b6f-8207-450278729a50,Control
41479760-bfb3-4e75-ba4f-e65a5970b667,Control
8ae0e89e-7d3f-4e87-bd78-41b7ac40ced9,Control
244c4db1-ff4e-4047-9075-5113b36eaef8,Control
611762a9-df29-4afd-8a7b-ef5a7b41f0f5,Control
eeaa087d-480f-4fc3-a856-95f2581f07f8,Control
9428c136-a324-4a26-a5f7-ed82986a1a39,Control
6549ff7d-a6aa-4b09-8dbc-e534065cbdcb,Control
b3678d07-d77c-424b-bf33-ae6c68359dd2,Control
d71adbdb-baeb-4d70-9dc2-f4adf017be5f,Control
36f2d7f5-dbec-4273-98b9-6b1496343323,Control
aec0f24d-92c5-4d35-aa1f-b929b4b068fd,Control
b0ed450a-4632-4182-8f99-0c1a1792d4b0,Control
347205e4-1cb6-45a7-8a8b-d5bb87cac77c,Control
2c07214e-33d7-4b59-b2c0-f6574d6325b3,Control
b87cd604-b120-4f9b-b472-3ea849f74693,Control
9b09e63b-65eb-4b88-9c7e-c9eaecaecfa3,Control
5ee0351c-6210-4759-b7f9-bcea83d682e9,Control
400c524c-50b3-49b5-99c6-8a0619295d5b,Control
b70e2942-dfe8-424a-b848-9c1bdc8f8380,Control
d2e4fd0f-2dab-4020-ae74-76c520a164d3,Control
21d1dfcf-b409-412a-918e-cba4016e8208,Control
431c40cb-70c2-4615-b911-b180247d8263,Control
75eb7543-c6fb-40de-ab2f-9e251438c706,Control
a5b8770b-6921-4f15-99f0-57f865c74211,Control
c79308fb-fc1b-4f6a-8725-b65ad7e41d95,Control
849b035a-f610-418e-a182-5ea40d3041ad,Control
e056b850-f9c7-4c0f-b63c-a811b1d2ca40,Control
f1311dc4-b6c0-49f9-b038-7fd690e09c6a,Control
70c2c21e-b7db-436e-b2c7-09f643164a47,Control
3096df0c-ee1b-4ca4-9cb2-db0d2d6bc065,Control
f999c8ab-08a3-4d45-838f-5bdebebd012e,Control
3cb8ec12-be53-4557-b7e7-5bb5a0b25730,Control
f49a2ae6-c06c-4923-b63b-256119fc561b,Control
ccc87544-7ba8-492d-b382-23ce95686966,Control
d33263ae-9f47-4ae8-8c31-9089d032b702,Control
7dbe0ed5-2369-40f0-90cd-ac7b899e4adb,Control
86db636e-f299-45b9-ab51-d559993dbe3c,Control
1e9f7e2b-14d0-4695-aaf7-609189180830,Control
e04a8295-b539-46c9-baeb-19640f293f73,Control
70ea28f3-f2cb-4f3f-88bd-5b24b6aa0aea,Control
57591b63-339d-4310-911e-acbbe15a0a6e,Control
ae56783e-e997-4e03-a84b-191dbb1a94cf,Control
a41fdb99-6d14-4a67-b6de-bbbc06876f96,Control
ff98ac01-730a-496d-8d93-275921a5c291,Control
70c7911b-baf4-49fd-b3dd-d300dc40ecdd,Control
f35182b2-faf2-4b0e-8afb-85d037d6fc69,Control
7f6e80c1-1135-4370-9dc5-78d85b79139b,Control
ba902c7a-1411-4cd3-8dc6-e7e3d29cbeda,Control
b0d3baa5-3e65-420f-bfac-eb7259d8f6e4,Control
0a84c600-aad9-4c9c-858f-3eaecb527c35,Control
81c4faa5-4f02-4ffe-8e57-1a64a4cdb6ba,Control
bb0dd8b4-6e39-4de8-a835-4eab187b9aa8,Control
e5892fa9-a8b4-464c-bd3d-be8c515787e7,Control
232db262-b394-4022-81e2-68596a47d2a8,Control
337ba7ea-456e-4e3f-be98-c7abfe5b71e4,Control
c8194bfe-381d-4667-bd5d-f06997e40932,Control
0ed8b665-e8c4-49c3-9e68-9c8942cda338,Control
50a53de2-310c-4389-ae35-0c5525ab3484,Control
ee68b544-f24c-482a-a237-69971825d21c,Control
6af1bab7-0383-4bd4-a778-8b5860359922,Control
8ffc0407-35b7-48de-842f-5e093828c40f,Control
685306b4-7186-4101-b81d-4ec73e01a033,Control
23411635-130c-4393-a46a-ca9746bd0b07,Control
64ac0b07-51dc-46dd-9b56-ef0df12568a0,Control
3c9662c8-e6c0-46e8-a3a3-791e94c0187c,Control
bab674d8-ac37-4d39-bd05-e6e183211d1a,Control
9ce6731e-a928-42a7-8460-0d1df10e9e34,Control
6b531d7e-12f1-4e75-b3f2-a2e8d2afc5f3,Control
03032f02-26a2-47ae-9ce0-672277164f46,Control
978815d8-6864-4efc-9a40-c1761dbfb144,Control
558e0c20-b76c-4667-a1f3-22c5f00a8d24,Control
7d6caddb-d7fc-4541-9652-fa4c323f6bb1,Control
b3d70cec-b5c4-42bd-82b7-b5f390b53e52,Control
132656c2-64a6-44ca-82f1-ecc212d77023,Control
a26d334c-9104-40aa-80c1-4be0b1546cc3,Control
d3668ad7-0ce7-456d-8235-199e6b3e1b36,Control
a79e54be-9cbb-4d8d-95c8-d6e5dde1d246,Control
23d40753-de4f-4ee6-a346-d93766a22410,Control
ff238e33-282b-4a48-b75e-f2c8f9d50ca2,Control
5d15bc01-4456-49e7-a628-f9c37a62091c,Control
33530a99-06cd-4dc1-90ef-05b5758d0730,Control
7e5e9c8c-e72e-4199-8ff0-59af2565aca6,Control
4dded017-a95e-487f-bf12-52abb86cf82f,Control
fb314158-79ff-4f78-83de-5161f84f5f6e,Control
105ba120-59ae-4f86-9241-2d8a027ea1d8,Control
abe341aa-fda7-430a-b3b1-2754441bd2d0,Control
df738112-1126-4bb2-a113-d95685151de7,Control
5f6cb9fd-6442-4a39-a59b-25bceb6eac3e,Control
a26e7276-5cac-4f96-b473-71e5cda5d06f,Control
171e0876-2607-4204-8f0d-47bc3c763146,Control
6e901d33-b553-4988-96ba-1481d33e7c6d,Control
02c4d38e-8201-4496-b584-08f4dd51e0ff,Control
56dc660d-2b74-488a-a2ca-d0f72d1a6863,Control
1b6f5120-96e7-404a-bd5c-63c8ce178c52,Control
835f000d-a715-40df-9859-77820caf9f8b,Control
860c851d-f74b-451e-83b6-69e1ae6e8372,Control
4e250317-0f6d-4e6e-85c8-783670075137,Control
391b40b1-8dbc-42fd-93a9-db99a5989d8b,Control
fc874ec1-481e-48af-880c-76bdce90e5a2,Control
24712245-0b32-4659-9527-44bd8d8106c3,Control
d771d636-fe8f-4a9d-b69f-34a1668be675,Control
a68ba0c5-4123-4a84-8e49-3d7a9bcda3ac,Control
d4172503-eff4-43e9-8a52-b9aece559882,Control
66f4d618-0de4-4d25-b0ca-ac8bd548bc1a,Control
2b680c16-6a74-4fc8-ba9e-84da4e7234dc,Control
f308ac20-693a-49ea-ac6e-6b5bca6bc373,Control
a9db65a8-6f91-4137-9b52-9babcc866446,Control
25d9be8a-48e5-486c-a0bb-fb29d0d0c875,Control
13094a9d-fc9c-462b-86bd-e49745b28a92,Control
f51dc41b-2038-4846-8651-8a60ffff2e61,Control
cc428fea-c08f-4e41-8b1a-ba59c00a9287,Control
383951d2-e80c-4660-ab6b-270bd0ea2bbd,Control
2621e4c2-3219-4bba-9e38-a05dc1bbbb2f,Control
d4c1dafe-bad6-4c2e-9712-e564ce19e6ac,Control
aa31cef7-4c36-4d21-b3f6-16e41207485a,Control
49fdb98a-927a-4adf-93a5-d7b39a0159e3,Control
80ba6892-7d1d-4be8-8d4a-475d1c2d2046,Control
01765b7d-11a6-4e46-9184-9be06b8d7249,Control
4979fdd5-6118-4c3e-96a1-6d5ac2b879b7,Control
7b0fced6-2ea8-47e5-8a7b-4bd719fd423d,Control
b5133ac9-f2ef-407b-a62e-7135f98fc747,Control
3c18b285-39b9-44d8-9f9b-587bb10f067a,Control
91a11b38-89e0-4cbd-a2ee-c2c881c5aa5d,Control
d179f868-de52-4fec-bc6d-4717bab28de2,Control
6e321861-48be-414a-a70e-5491afe9d660,Control
56d53429-e814-4f3b-b0c6-a065cc7cc2b8,Control
e62bf326-4d31-495e-a1be-1d08b4f18e47,Control
e3c97c94-78d6-4777-8ecd-e8103a7b193a,Control
3f680b9d-5eb1-4efd-89a5-8e478cc5ef4d,Control
905f7cf7-6000-4e92-b7a8-55c7c85942e3,Control
0ba0a0d4-8945-4a26-b70e-419a8105afbf,Control
02ee8318-de20-4b53-9187-cf06eb9ba6ae,Control
5241129e-4262-42a2-ad83-09b16bff6795,Control
9835ccc6-4f5e-4fdb-9f83-097940448e9c,Control
dd7854b7-a9e1-42e5-a041-a92cdddf3598,Control
631e8bc1-f973-4f83-9f02-495ef76a079d,Control
2db5b3b1-b1e1-49d9-a310-609735407550,Control
593a4d09-3300-49d3-84df-f518fdef342a,Control
5be63f48-e6fb-469b-bcdf-5c798a3398a9,Control
413186eb-d274-4ee9-9224-03c4f3685a06,Control
0805546a-aa31-4fc6-97dd-458744952c6e,Control
e82d83f9-c1d7-40ee-8c1d-85f3244bd32f,Control
784f0c11-28d9-4448-a966-95e85b564ae8,Control
accff1b5-c64e-4b8d-af58-a2555e66a390,Control
b3bfda1d-9620-4213-9262-7dc21b66f5d5,Control
ab2702a3-5cd4-496b-a856-c17807af6d98,Control
f4da06c1-6220-4ca8-8a89-f2a1cd3cdb92,Control
2b4bb658-4a2e-4808-9b8c-4ae6132c9a36,Control
39037b4e-9743-44ee-82de-a87cc6b39568,Control
35b83176-a717-45eb-a280-3e13da36f9de,Control
73e80e9c-9223-4ecd-b1cd-589bc7ff109e,Control
89f27816-ee84-43bf-9313-0c6f95029f3a,Control
31abe9bb-08c3-4739-9bf3-f35facdff89a,Control
3b54b850-7916-4a74-a9c6-5cead1e31d81,Control
515eed18-2725-452e-806b-2b26069b7aa7,Control
c309409f-bfa5-4d7d-b1c7-909d5dd56807,Control
714d7368-4020-4ca9-8aaf-1d2fb99c1a6e,Control
6d78d016-6299-4b7b-ba9f-3f997f34d944,Control
2c926838-d3a0-4814-ac59-1e3d5261e6b4,Control
5dbf0c6d-afe2-4b9e-aec4-4fb9b0cd9bbf,Control
74767190-ac96-4360-bdd9-a9be16d202f2,Control
9d9f7dd7-7596-452d-bfc9-287b3779ff0b,Control
a4995af0-7853-49fe-af24-dac8d7106daa,Control
9234d08d-069d-4368-b3e2-a51b915f6bef,Control
762c0256-5832-445a-b421-99a4d1cf5cb3,Control
5c55bb92-9090-4884-a954-c495c8ec30fb,Control
de7db4f2-1b81-4510-a3ab-52f0921dbf49,Control
3e0ee30e-73cc-419c-8715-7c9add5245dc,Control
24d237b0-1884-4db2-b0e3-c095dbd8985d,Control
63669be5-7f60-4bdf-a337-04c851c6b773,Control
5ad07abf-6558-472f-9846-f32fa9b6cc1e,Control
d894d65a-40b8-4416-bf7a-f35ec9e3cb40,Control
fd1357f1-8458-4d49-87cb-0b85ec2a44cd,Control
61e7c91c-28b1-4907-9bea-32f72da79ba1,Control
e9631a8f-d986-4677-b97d-47856408a922,Control
46252089-d14d-43d9-9b77-b6e6fd5e98dd,Control
f9b89330-5e68-44f7-812b-5d116909fddc,Control
ac613e1d-5eb7-4bfd-82c1-4d05d548a910,Control
95dda7df-32a7-498c-84e4-6c1ba8588927,Control
707b2288-2a33-49fe-bec3-8fe1a9af8e37,Control
595cee05-efd9-4ea7-b045-2b28bee3edfc,Control
61f117e6-4613-4d87-bb42-f251c5e69f3f,Control
68fc6c5b-396c-4f1a-ac8a-d888174abefe,Control
cfd2951d-3ef4-4a3d-9dfc-bbc3a2bc0cfc,Control
72beeae0-f96e-467d-a830-b2e397858d02,Control
09968e43-1990-480c-868c-25ebf17f70dd,Control
079a40e4-0ce5-49c1-a472-a37f501a1288,Control
4b9203f1-f27a-4b12-963c-a76f0fa1cba3,Control
b1367293-1829-4cb4-81a7-6d7b1dcca561,Control
18bb7eb1-e51c-4c58-84c5-66fcbdfc3774,Control
48d52003-89f0-43fa-bcc4-90b938ddc968,Control
bb499772-bd6c-4ad8-9bb2-2af43476c205,Control
fc8064b0-6599-47c7-9f7f-4d47e46ddfa2,Control
4fb7a2f6-5db6-42db-88b2-734c516bdcb4,Control
334af18f-994e-41f9-9455-263354f1aecf,Control
ed0d33f2-7740-442e-a2d9-0ea289556481,Control
5477734e-4e75-4299-968f-46098af41884,Control
98e9384e-5657-44b2-a2a9-8c2e08f09ab3,Control
765887a3-a6db-4e0d-9cf4-070961a86f36,Control
8afe4574-4364-48aa-b8ac-e128477c1932,Control
59764d87-18d3-4989-a9a5-f3e3a3785bd0,Control
bef161b3-d614-48d4-ae83-c1794c090d14,Control
e035cd87-2441-4214-bf03-3803e260d139,Control
29c28bd6-6d8b-43cd-ba8d-bffe3bea59e6,Control
040cc32b-fde5-4ab8-8db8-98e9b0d73d45,Control
5b8aae35-b1e2-4072-86e1-eb97cffb1f8e,Control
83f49f8b-2b13-47a0-a3c2-8df11027f44f,Control
e5e91307-8055-49ef-99a1-63f8a25d6263,Control
d541d4a8-266f-4276-9e65-992842dde16e,Control
c75794e4-8d6c-4c67-a5fc-67ee7ab68713,Control
2047839d-fc1e-4072-9aa9-0156210d53b1,Control
247bb8d3-bae5-4064-bec3-a69fc2b66b32,Control
83b2bd15-b305-4ebe-aac5-749048e48064,Control
b70d59a6-cbb1-4304-a2dc-e32c3313d8d2,Control
2d8dc979-a613-42e5-b09d-80b42b049ea3,Control
6c18bb08-6eec-45ce-9011-c669be7ba112,Control
aa8c4682-63f1-4906-807a-e78714c7c7e0,Control
b5a37623-557f-49d5-8d50-8220d3d386b5,Control
9acabca6-0638-47fd-ad95-f623fdd5b425,Control
b471c2a3-b107-4202-a118-aa555cecf648,Control
92635508-f633-4a9a-90b0-92eca3d34327,Control
ec4891eb-e144-4442-bf11-b9a81a70d319,Control
6d137663-9576-479a-9fc1-d62bcb78e3b7,Control
870c4e92-4b9f-4f6e-8b04-08fbd7d09efc,Control
d44466c0-73a7-458a-ae83-9d5907427857,Control
1695e706-d826-4459-b620-2c5ba044a52d,Control
eb481f5f-0fa3-4e4c-a237-bd75cea53a3f,Control
39d10f6a-b2bf-44b8-8393-1af407b9eab3,Control
8d32f1eb-d498-4a8f-bc52-6ab4a26120df,Control
5e6c5694-8ed2-423f-87d6-948bd9d3784c,Control
77cf2fd3-c0fb-4a65-a22a-fdc0c34c47de,Control
4da42aa9-27da-4ce5-b643-9932c1a8cf3d,Control
b4497ae4-8d3f-419a-b210-cbb8d41d49a0,Control
1070697f-8d93-40af-9243-433e5535baeb,Control
131e376d-f714-4fa2-bb27-12e34d8d2026,Control
16b15959-29ec-457b-b4a8-399fdf607904,Control
718ae23d-1b1f-4019-8756-328c5cd4da55,Control
aa6295e0-13ba-44ae-b1f2-4d4e6e7be966,Control
904ef485-d5d2-4173-835a-7e036c59d7cf,Control
dc810a4b-1aad-4d57-8fd5-27e5a472ce84,Control
21939b2d-b117-48af-8b9a-f290e8a869c5,Control
5d1432f6-bcd3-407e-bedc-951671a96618,Control
8b2d9193-8217-45ac-91ed-c58c66b61154,Control
9b174a41-2c6d-4987-b901-391f1b119774,Control
46d3b222-8d29-46d7-a396-e7617b2bef41,Control
d48bdabf-a0cc-4105-8588-6384252cdeb2,Control
e582d60a-02d9-4a75-92f8-270a140ad243,Control
dc4ab357-df17-44ac-99be-d64b7bbd5b26,Control
1851880d-c983-4757-b86c-b19b36452c54,Control
f346bb5d-1c1f-468c-b666-d9153e2b984d,Control
10629fa8-a2b5-41e2-9bef-125360fcb48d,Control
3af4eb8e-e659-4d1e-a043-d78ba753ce0c,Control
9aad92dc-786b-4fc4-9401-4f17904b2e6a,Control
950c1610-6737-4ec7-8258-f6bba5710371,Control
35cbf267-2303-4122-bd2b-d7a8d75716da,Control
23d76599-84aa-4137-ac88-b4b7a89a8a7d,Control
96a8495c-1ab2-4a3e-bbb4-bea8cca89985,Control
2c6a82b8-a4f3-4c1b-a031-13711dfef5af,Control
2399c8c1-c371-4ea9-8297-00f5e162a9c5,Control
c42c13b1-6a91-43d0-b39d-0b82e720244f,Control
fdb7e9b2-39d4-451e-8f02-8c0d9b6590cf,Control
e784ce20-f2d1-4325-bdbf-8a5189b586ad,Control
ef662add-0771-4b53-822e-5064f435dee3,Control
3cd0ce2b-03e4-4667-a8dc-f27afad34bda,Control
a1c3b210-3e8d-4a7a-aa5b-005581b36253,Control
261c9bdd-7ff9-4569-ab66-5975e1f93e5c,Control
15f98360-c112-421c-aab4-15d5a5180d2c,Control
d25fd039-9b25-45ed-a184-cc572ef8b5f5,Control
198d5d32-1bc5-4c79-8e82-8a11192f277f,Control
95e85836-fc77-4077-bdd4-6d5c4cf36c96,Control
a11600ae-ece6-44ef-b160-2cde69a37ac7,Control
21f324d3-bf26-4d09-95b4-3209b5a81879,Control
ff0b7850-55b7-4d67-a237-0f4f38183db8,Control
de31718b-ddca-4380-a5ce-86a992ebd3a9,Control
3a81067b-035f-4813-b72a-8c0a0d10217c,Control
89815154-1bdc-4cff-b899-593a9b5be477,Control
bbb8fc0b-d7ca-4034-885e-73dd5184bab8,Control
e5e2a06a-5435-4772-93fb-a37058a42c8a,Control
eb2f5eca-9968-4f96-b449-b37f4daa1504,Control
6bfd8ff7-1731-42be-8915-45d749a8c3e0,Control
5fb7ccb5-5025-454b-8c90-ba95821b51ca,Control
7601101e-029f-411f-a6f5-443947abf170,Control
83e37ff6-c2f8-45f1-a9e5-23f1b85fee00,Control
e3a70866-16ac-48a4-93a7-05bfa809a912,Control
1e0b153c-eeef-4b07-ad5d-a6fc9fa17692,Control
a1427da1-f85f-4304-9ac0-da46e9ae418c,Control
fe0a8099-e698-4471-9296-b5b131c0604e,Control
b210d052-96df-4b56-9e8f-bcc5c29d7146,Control
13e5226f-6b5f-48c0-9786-dd39561df4ad,Control
5a8935fc-d3c4-44ed-a345-b83456f06c25,Control
f966adb0-8102-4659-8d67-535712f9e3ea,Control
f9a7a9cd-3d2a-471e-901e-415ff218201d,Control
e0f89962-ba07-4b26-b5e3-324c53963788,Control
2fb09542-1e01-4964-991c-cbf7650dfe2d,Control
fafa7c80-9744-4531-a4a9-4f316264de8e,Control
b8a38e09-7d07-4d10-b470-ca96e26f4ef7,Control
d83a663d-fd30-4c85-b719-733fe7a0d047,Control
449b3652-d55d-4feb-81bc-ba5b8474207d,Control
a2fadf34-47e9-440f-949e-5421bd9c232f,Control
4b83c8bf-c326-4b71-86a8-fb37ecc0a953,Control
4e288e27-ae46-46b0-904d-0877991af04a,Control
5aa29f73-c9ae-4883-984a-5d84322b50ef,Control
01e9151d-044b-43f0-ba7b-a28d5f128aeb,Control
8d8e3323-a554-4eea-ab2a-0e9f63db6ce6,Control
3420945d-cf99-462a-915f-946eb7ddc6a8,Control
4e053225-4ffb-4e7f-b47e-65b4a7ca7cc3,Control
503d774a-d633-4687-85d5-a4719bf43ff5,Control
a1a2a0b0-0734-4cb3-8b77-9f3d92a6c85b,Control
0e1a7dc9-7b74-4574-8269-22fac7b3f5c6,Control
271dbb2c-3153-4183-a6c8-19b83560b526,Control
cc33f2dc-cc5a-46f6-96de-9b9e95054875,Control
00e7a97d-bc5f-4a36-a313-f4f235df22ca,Control
f9930c28-e28e-431c-801d-148d4dedb979,Control
3d175da8-480b-4f25-8faa-a761fade6875,Control
7df14970-19f3-47d7-9b23-41587bc1fe87,Control
5a9135e0-91e5-4c52-8bae-5dc031c9450b,Control
39dcf5e0-96a2-4b45-96a5-b7d8b215721f,Control
63179b45-fb91-4c3f-8f67-99420e9cf6af,Control
020d8397-3a9d-4d6e-8f6a-fb0778a5fed3,Control
4eb7fae0-a910-4c70-8510-5ec80dac512b,Control
223354fb-0e7b-4831-98b5-49be31f7959f,Control
e3fecaee-8496-4881-be6f-06fcd68d20e3,Control
5bf31419-16b1-48dd-a7a7-6c43526eff32,Control
fc00280b-1dbe-4d8b-906f-b52764bb976d,Control
0e5d4741-6472-4ad7-958e-580db13e3e20,Control
f77e8c8a-eb2f-4aa1-8841-a3f73ac8bb30,Control
b4e8d0f4-a1c9-46b2-89ca-f2f2b0fc6a42,Control
96c5bddd-1599-4b15-a455-37a1e8b2326d,Control
6fa53e41-e51f-47e3-a949-d44007d463db,Control
70c50198-4806-4e2f-af7d-8a3ff9c20f40,Control
c5d17917-7ee2-41a9-9e15-2758db522581,Control
95f52dc9-25ca-4e31-bb8b-ef0fa4512d17,Control
cd5a8ea0-c292-4d86-9abd-8cf7b2f32332,Control
34cbf942-8553-4ffb-b839-6b53e334ef98,Control
a5326e18-fc8c-475a-97ec-3de201b5928a,Control
6636ba95-0710-404c-b931-942d5bb2df98,Control
68cb0d8d-d7eb-470f-acf1-6fd509a91e65,Control
2996fc12-fe56-487e-ac14-726e382aa770,Control
125a4d15-cd6e-41a2-92fd-0067db1e75ca,Control
1a70872f-f177-4973-ab33-882e552a3544,Control
d40045b8-af01-4812-915f-59f7bcf90267,Control
45657a69-60f3-4a3c-a811-5eefd26c67c4,Control
a6c71d9e-7ea2-4c45-9ca3-222d280ec3bf,Control
3bcfac65-5d37-4195-b739-443124e60c10,Control
7ec58ce7-57ff-4e4b-8c27-9e201026b95f,Control
747295be-db26-4d61-bc62-6fe6bd96d983,Control
4f0c890c-5948-4d5f-aaf4-df19e626bb50,Control
ca6d8f26-f852-4528-bb35-b83c2c7d8ba7,Control
c98a1be4-c423-47a4-b90a-d774573780cf,Control
6654444f-596a-4248-a22a-2e59a0ff237c,Control
760341fa-f966-4540-bd6e-f7308bf2d66f,Control
900e2771-c5e0-4b2c-b92d-15d1295ce840,Control
9ea5f5c2-1e63-4596-ac89-f50f14b37a08,Control
e0c4f0e8-062c-422e-ab98-790366be8778,Control
83ba8289-0ec3-4d6a-906b-8ed74c053b04,Control
1109a50d-9e2c-4ed7-8898-6a858eb67fb1,Control
7075103f-3b82-4d53-a07a-11cdf3a34771,Control
f9763719-6bdc-47ad-aeaa-13226bc6a822,Control
680d4cfc-c89d-4526-a428-261e7593b696,Control
b0e982ef-815d-4b0f-924b-4a0cb915b328,Control
e8f9b40d-a98c-4992-a66b-6e464f926eee,Control
33db4595-0236-4bc4-960d-fc70790642a8,Control
b02d1a23-2430-4bc0-9192-4495d6a970fc,Control
f5850e81-3094-4309-865b-6cfab2eda42e,Control
f7b43974-12a5-410e-880b-b929e3cd2e3b,Control
245d15e6-40b4-4a68-99bf-90ae81046adf,Control
a613e4c0-0b11-48f9-a1ee-032dccbeb3a8,Control
c6264a56-36ef-49b0-9895-fa18e7e018f0,Control
c1cd8e31-d2d1-4df1-9882-195abdd245ba,Control
ac0a2e5c-dbda-4893-ab56-a06436c590c4,Control
3b6d5f31-2a55-4a62-8e96-c9178e0f71e4,Control
c0ec1edd-52f5-46c8-a475-dac18650a389,Control
aa3e5d2d-1aa7-4cf6-91c1-e8d8f4c30c00,Control
d30a9004-3e47-4581-bf1f-011b86418c03,Control
89919d5c-37e0-425c-9c53-545600965fb0,Control
fc308d1c-c55c-4cdd-b0ff-4088bf72ff23,Control
29df4989-9f3b-4f7c-bd82-82c68aff50a5,Control
aebd70bd-2b1d-4f7b-92c5-c48d290ca39e,Control
a4d1d1c3-f788-4b92-abea-f1e7f7d15113,Control
23d1a603-dc98-4c93-af99-51f9c40edf8f,Control
aae89455-0eae-4ff6-b84c-146158c7e12f,Control
92d821df-c47c-43d1-a2f0-9d41518f7eac,Control
dd6ea724-00a2-4db5-a563-40ff9336a671,Control
c2f2dd54-a3d7-47ce-981c-be72c11a6ea4,Control
d5f6f2f1-33c9-43f9-832d-4ded78281005,Control
81b271d2-028e-450e-90c0-3cef612f5c61,Control
15effc3a-0363-402e-9393-8904fa556a29,Control
3158acfb-3df5-4da0-9d54-dd1d2a092e09,Control
77ce1043-d48b-40b1-a64a-3143a1f83224,Control
84cec2f3-867c-4198-a80c-d9bfc707041f,Control
2dbe91e6-93b5-407d-85f1-2f77ad531eb1,Control
be2039f9-6f8e-4eba-8c98-dcc15a28b34d,Control
79038706-e668-4cb6-bce0-b68eb21a7d63,Control
32cad585-c665-4830-b584-e3ee0a429da9,Control
8c845367-54b7-4414-b89d-b146fe7fbbc2,Control
bf89280e-5d65-4a1e-973b-5c269a6aac97,Control
a3571f47-0755-4ec4-a188-dce4019033fd,Control
c5c63805-479c-4879-9437-ec6c5398d7a8,Control
0bcf0321-1dc7-4ec9-8146-fb09bd72bf6c,Control
ef579c26-47a2-46eb-80a4-fb47e892e282,Control
167e48a0-2ca4-496f-a62a-aceb34ad3055,Control
4b9c4238-f46b-4f19-b172-1c6e9cbfb4ec,Control
8fb47243-5094-4035-a02e-2a5baf36ccf1,Control
1207c44d-00dc-4a49-8f58-c4bc92fa0aa6,Control
59abd9cd-30bf-456e-9ca9-faba87789aa7,Control
4e362c4e-e9d5-4a17-9ac2-81078173f7a0,Control
6c7a7947-c6c8-4b3c-84e1-f730c6bae7fd,Control
f1297e96-7aba-451b-ac6e-82c613fdf5eb,Control
02271886-8064-4304-8b36-2691c7f78253,Control
be9abe7f-5314-41be-ace4-043350e67fd6,Control
74ddd3e3-f247-44e7-a720-21dde7b39338,Control
e5fa0e57-620b-4ae1-ae64-b89b95d6f137,Control
343bdbf5-4a69-445f-b8a0-66c586e75f6e,Control
c4e18617-05a2-4555-9233-9de51776f5db,Control
e1073454-80cc-4588-80de-7a378681f7bb,Control
beecd459-3b51-4e35-891a-dc3ab79a2efb,Control
ec204ed7-a111-49f6-9dd2-03641e623927,Control
f97f2afa-c919-43fa-9656-bbb2858b85c3,Control
4a9f73d3-dfe0-4e83-8918-a83491338421,Control
eda6a56e-689a-44f7-af14-bff659b2cd4d,Control
0abc49c2-a475-41c9-82b4-7808df56ad6b,Control
b3435fe9-07a2-41fc-9667-a3b763f973f2,Control
bb680d4c-3cd1-467e-a858-0260b23b3ffc,Control
947d1339-57cb-4d30-b5ef-049bbc82e49a,Control
f9a0cb7a-75cf-442f-9a6c-d23578455590,Control
cb360bb5-7676-43f3-8cf8-a8d85273a0bc,Control
1d339d03-ae8f-45b1-b662-c889f000a87e,Control
d3375bff-bb81-46c4-8593-3b996631d4d1,Control
25864a51-c205-411c-95b8-c5b440f6d282,Control
c770147e-a589-4710-ba09-2f8cd7b72570,Control
913e909f-d0ce-4204-8211-045dc19656bf,Control
c8e721a2-37f4-47b1-9694-adcd744e9a35,Control
07c7718c-aec4-40af-b28d-e93f02b17768,Control
644a9722-138f-4573-a95c-26ebbdb2bd1d,Control
fe0ff9b7-c9d1-4952-9eff-4034949aa3c0,Control
01d1f131-8150-478f-b78a-b07c13132b70,Control
46669d96-8f6f-4392-a761-023a0e48ec13,Control
c81a405e-e0bc-45db-b86e-2db8a28246d0,Control
c483c5c7-2ab3-47c3-a906-6e2548eebbd0,Control
ec0e6e50-28b2-4171-bd96-0f8aec6987c2,Control
cf801729-4c3f-4d75-a2b9-fd72a4877593,Control
55316041-b18b-4398-b76b-4497ad91fdb1,Control
4710d8dd-9917-4f7e-b16e-d3b56c436480,Control
a86c581a-9034-4937-94fa-a06d340127da,Control
1dad58b7-d3c2-4f84-b6df-ffc4e3a43a6f,Control
5d1a0e9e-ed9a-4d17-8516-18dda4db7d38,Control
c4d1eb8b-89fc-4e6f-9fe6-e6005c2cc372,Control
04442a38-3d06-4658-a1de-84a5460589f7,Control
71e0cd57-14e9-42e0-b142-8bae015b624c,Control
694b9a3c-5fb1-4352-a83f-b01a95f7f05b,Control
55997bc0-5196-423a-9672-990432996b58,Control
ea64eee6-ca6c-4a9b-9d61-ef27f8065b92,Control
61d51489-3e88-4598-9f91-5c74e70e9117,Control
aad33a81-1531-4fd9-a477-c4e331f93833,Control
4cc78d38-a3ef-4805-b714-d475965532da,Control
a7370ba8-3cdd-4e7d-9e82-798861b5e5c0,Control
123cdaf1-223c-4c03-9422-6751be2208da,Control
e9d49d19-0513-45d7-804d-29232f618930,Control
64ad3ceb-f815-424d-8df5-bfde1cc4b9f3,Control
8ab7981c-0353-4c2d-890e-b4ff47da8db0,Control
afc4bf4f-8de1-4da6-8344-96335610609a,Control
338afa55-75e5-40c0-83f6-f5b33bd555ab,Control
e2d91d38-b156-4ce9-9e2a-49f47a1063f2,Control
8932b539-570e-48dd-a711-c240e6ccd8d0,Control
878b5b3e-5c29-42ff-b367-218c50ddae86,Control
cbff00df-0bc4-4769-b7c7-08fa304441e6,Control
d9634c5d-d229-4285-b8fa-c3970f952e32,Control
aed2542d-5aa6-4759-a45f-1bc5a9e8fa33,Control
c8c8a874-c146-4461-9657-0de3ed7dbabf,Control
9c3b2a65-d606-4344-9292-2ffe0429e21d,Control
9ff0220e-35fc-47b1-8253-acd2169a71f3,Control
dffe8619-c092-48ed-a620-1655bf67f6d0,Control
e063a14c-9a21-45d2-8d88-4add3f473bb6,Control
c5f919b7-215d-49a9-8f14-980a8486a388,Control
15cc321e-f391-4a86-88a3-502e85392dfd,Control
fcfdb415-746b-4bc3-acdb-95bfcff47e54,Control
19d71024-af45-4751-99d0-7aa3abb5b4f2,Control
1a7ac00b-8432-4519-9428-42409b9372da,Control
5b9688df-44c2-4055-914f-4c3dcde40660,Control
f8341a86-7838-4d0c-be7f-4a2721bfbc88,Control
51aa5455-e752-457f-b409-53f55b2923eb,Control
eff7d8d4-9400-4775-a023-57226ff18e12,Control
4f939052-61d9-4c3c-be48-184915c5d5b0,Control
f8f2d34a-0e75-41aa-a7c2-62fce8146e71,Control
14a89941-ee0c-4954-b9a3-4a1e7906c74c,Control
35cdf4b6-c3dc-49f1-91be-6474ad00c91e,Control
ec217eb7-4041-40d9-950f-b3a5c996167c,Control
96e38eb5-acbc-4b4d-af0f-e1cb8a36480f,Control
aa7cac6d-34d1-4f7f-a589-cd4e30212fbf,Control
97538d80-227a-4d71-8e43-4fbb231487b4,Control
05103821-ad04-45e5-9976-2e21293419f7,Control
b6f9e8fb-de5e-4918-a906-5eb833c64c29,Control
d575e905-1934-49c9-b0f2-c28297908571,Control
4764ae56-b898-45fa-90a2-7d1217234951,Control
fb1fc0e1-0a0e-4e3b-afba-70612479e375,Control
b20183c5-1b0b-405c-bec8-124f7258a8b5,Control
589d69d7-4c17-48f2-88e0-e885be772fda,Control
1d2591a1-bc48-4e3d-9c97-086327604256,Control
8baf3040-4dba-4425-84f1-6b736405014d,Control
86a86c26-ae54-416e-942e-758cb5c33b50,Control
fbd65b14-61fc-422d-aa7d-abd7d33ae35a,Control
f2126dec-17e7-49c6-a794-75221b46936b,Control
5fd9c93c-0e92-4bad-a12d-03e7bfc19a5d,Control
f2a82bf7-ffb3-4c17-be45-4c1c67b62051,Control
15a0609d-b5f7-4690-a1e9-a8be4d101f1f,Control
28e6a90b-df67-4782-8aa5-432e1482936a,Control
978c7625-a895-4bb3-8a04-1d767567eaec,Control
82fa2a97-654d-44ed-bf4b-468acba5cbc4,Control
c6b0edd8-ac4b-416d-b946-afa08b60856f,Control
9f1ff23f-d948-4a1d-857a-ee4cecc5fe19,Control
f7c6beba-d5e9-44c6-aaa8-565fdd80af53,Control
bd214f32-c894-45de-a319-569983bcf750,Control
9c929630-beb4-45bf-9292-8d0d2e7a28cc,Control
93ac4da5-18b0-44d3-8466-b65a2f5692a2,Control
50d40580-4c42-4cbf-8616-30432d28c113,Control
2dd7ac22-70ee-4c57-bae8-dce8b8320619,Control
55269a13-93f3-4da5-9277-e28ffeb8c520,Control
3c1450c4-5039-4c9e-8f91-bf95190dac3f,Control
29e946b4-c552-43df-9b6d-4d35afa44f57,Control
b728e5e9-d238-4346-a695-3eb32e477601,Control
00c4bf65-6d88-48fe-a8fc-adaeb8716210,Control
3253bd2c-5400-47c1-8841-9ca4e9d06761,Control
f330660c-7464-4df4-abcc-582e9b6f9ed2,Control
71e7e80c-ec30-4afc-b48a-8f45e07f535e,Control
3da09c06-f982-4caf-9e07-f91ff4c764da,Control
7135ab74-74fc-4d8d-8fd5-318b324a64a1,Control
6aaf4fc9-2292-4104-87ba-b109b9445789,Control
eeede2dc-9676-482b-b444-4099b6233c11,Control
ea150544-d846-4c2f-9145-b017f169e2d5,Control
ff9d1012-bb67-44dc-b287-80fe960c889d,Control
d2684533-83bd-4237-b70b-d6fec2905e1c,Control
a02a4910-0cda-4e4b-923b-d254d9393f46,Control
711b74f3-6e6a-4426-8e88-8d48e3d08d6e,Control
909bba9b-968a-4ce9-8d69-3748f6971eeb,Control
4785611e-65e6-490b-ae11-8b8a63275f34,Control
d66fa218-e7c0-43e6-af47-604ac719f302,Control
6cbee7cf-2341-4ae9-a077-37f2f270158c,Control
feefa7a8-9221-43c6-8f9b-85cd6be37158,Control
776cf38f-2850-4178-819e-598f612cf7ae,Control
f583a58c-f273-4fdb-8f99-02505354b506,Control
4ffa2306-a2b4-43c7-a951-acfec43fcd2c,Control
0593645d-94b8-43bf-aaf6-55c611b2ad8d,Control
314cdbc5-1b76-48c7-af74-76f721882458,Control
63a8b58f-3a4c-4dbe-9923-71860ab57a9f,Control
3e59712f-6777-4638-9fd9-f8c099c26ae6,Control
9ba902e0-8de9-4bce-bd8f-8c2709a77d55,Control
54873575-1016-4295-95ad-df34fb0257de,Control
dfe32aae-56e9-4559-8d05-17f903566cc4,Control
4c44106d-4fc6-475a-bbff-4c20460ed7f9,Control
8ac897b1-eb79-44f5-98b0-b3d45870d2ae,Control
5ae7d93a-bbe2-41f6-ba7c-cdf1477e4873,Control
d37072c4-e849-44fc-8a24-c768d1601fb2,Control
4127567c-f92e-4b5e-8613-4ee4e4e8d169,Control
037e50ce-5f92-4749-b158-1a37b933267f,Control
a1a2f6f3-9e96-436a-9dd7-4ce9f188dfd1,Control
5eceef45-14b7-4c64-aafb-c86b80de940a,Control
254621fe-cf9e-4d46-b931-d169897bdc63,Control
c5200f89-5fb7-4c8a-86e6-8b4306846652,Control
bf6c9767-1970-4735-b522-dc1521dad156,Control
08ecff14-0438-41db-a736-60e587f18f67,Control
22c00e0c-562d-4e61-90d5-d346f3fb0cf4,Control
066299c8-a5e3-4fc4-b570-6da8d11d4a58,Control
1c19cd06-3d61-4430-9557-c190724ee089,Control
a4c7d8f9-ac17-4c85-b6b8-ddda2d8d68b9,Control
1c2ae5a0-c560-48e3-9315-86c090e43218,Control
8a70eea0-a291-4fb8-9324-55eb4aa3f98d,Control
4b9dc030-93a6-4928-b331-c261dfb3340e,Control
3f3b3130-284a-4936-b3b1-75d5cab16e07,Control
9ddc0f35-d90c-4315-8324-050c76c9ceae,Control
1e66bfc3-cd27-459a-b2af-e9b82442a43d,Control
6aa6eec2-7243-4ea5-843d-83462d7abbd1,Control
796b7926-7fa0-4af4-b3a0-9647dd432377,Control
b869eb55-cd90-4b56-827e-5e67e9aaa6f3,Control
af8ae209-5bc2-4d19-9941-4c9ae1fd0ae5,Control
1f683f9d-233b-40cc-8446-d1c86b4bbdaa,Control
84484cf1-9f20-4568-af67-dc0234f5bea7,Control
64d82034-ad74-44b9-9eb4-d8663bfb4d4c,Control
2ed49a3f-8cf4-49b3-b9c8-4b7e13008f4e,Control
5be4379f-2b86-4834-acae-06d464c23451,Control
d78b17fb-acad-4094-931f-fabcf8f6fea4,Control
86f5d5f5-1aa9-43fd-b447-8d9bf47816d8,Control
00a96689-1590-4eef-b53d-f59cd9db7e00,Control
85d0160c-6e4a-4b6c-ba40-09e1c8e78a2b,Control
97883a86-9cd4-43ca-bc40-c84228e27c2b,Control
a81a43e6-dc05-46b7-a7fa-97d94e9cfe9a,Control
967bfa7b-5199-44e7-b37a-0e6c58574774,Control
c24b8d44-4942-46c8-a033-f689f21dc793,Control
6d2842b4-a51d-4a46-83ff-5c1bff3345e5,Control
3091358c-0605-4c55-91e5-fdbadac4423b,Control
610afa14-f9db-4784-b8b0-c0518167ec1a,Control
e8b1dc63-5ba4-4fde-9606-4dd6bd1a119d,Control
0091a02b-d96d-4f30-96d9-14ee3e067ca9,Control
a63afa61-f1ad-4e8d-95f5-5154e7e6563d,Control
fa840191-2f87-454c-a321-492f25d0a6f5,Control
df70a55b-8095-466f-8f15-fa39c4674d18,Control
b776fd9a-a0bd-4d11-86a9-c456c3a58b51,Control
325cf39a-d3da-42cf-83a7-3dda36e89e30,Control
6e61bca4-80e0-4f3e-bd31-355ae1b30ceb,Control
e9b9b4ac-0763-4e3c-9315-6f9ba780f310,Control
8c686ad9-4fd0-4ca8-8f92-b2752b72b01e,Control
32562dbd-ee5b-41ba-9d5d-ed89ffb90c8d,Control
89bd8990-9abd-4dd2-821e-770aa917ef4c,Control
69965153-03fa-4595-8255-665705053a5e,Control
2b048624-8a05-4e23-b79c-e74a36a2829e,Control
59b35eb5-c5e4-44c6-af3e-6596ed1e62fb,Control
16880ca5-0684-4246-9c68-10d7e9818d2e,Control
587590e6-0125-4e20-a10d-99d74db4733b,Control
963221c0-6296-4934-9e87-ebb3e3d507b7,Control
68fd22bb-c588-4297-9b36-1d96d90ea6c1,Control
8d26b328-56e8-45eb-b617-d3d428a363d2,Control
ae451f75-2c3e-4d93-8b30-328a3179d0e3,Control
6b7ef46e-c26e-470f-a63a-eedb15a75886,Control
6e126a47-7200-40f8-9239-31c6c38e440f,Control
1c76774a-b0a1-4020-bb15-d51ba90ed456,Control
4a9dbc72-f1f8-4ebe-b256-66d3c0b12572,Control
8fd69316-4d56-4752-834e-b82b2768ff37,Control
3594fdf6-9f78-40f1-98d9-df3814a94c50,Control
86b15d1d-67b8-4605-99f3-3afc31044b7b,Control
2c4b936e-c7e6-478e-a041-114aeae17e29,Control
0c4118ea-18d5-4036-955d-69ca8b7c5f41,Control
a8f9b577-fb49-444d-896a-f1a906e5724f,Control
d8168b4f-d310-4b8f-ad58-0c666d0b380f,Control
5c6923b2-2773-4468-8e14-29bcebb6788e,Control
350a023f-44f9-4bc7-a424-f27f4bd609b4,Control
7dd284c7-51f3-40f4-b257-f701ee2f7545,Control
513925d2-017c-4b28-9877-c462547164cc,Control
2d6f0f95-cfc6-402a-be43-6713539829bb,Control
8a5d5c2b-8ca3-412f-8da7-8b57e95cfd83,Control
f217ce6c-db7e-45a5-a9e4-cfc403ada7e6,Control
e57a48f6-d978-42f8-a6b2-f0cf1b3acc10,Control
31047091-788f-44fd-aa54-5abdef6c9331,Control
578c57e0-fb9e-4620-bf28-75afab2a494b,Control
a86f2e9b-cbae-4414-86f8-7141eb9ccfd4,Control
669ddbd4-23d1-47e7-8e70-30082b224ed1,Control
3f4013d5-4036-4aca-b8fd-7be556b52272,Control
c02462e4-63fd-464a-aad8-89fed07a1620,Control
e7b1d143-4ff7-49ac-af2a-0a0bef3ad0b1,Control
9df19db8-521d-42db-83e9-4efb01d0f8c4,Control
eb81f54e-2511-45b5-bffa-96de5cb28b4e,Control
6c2582d1-0566-4126-8ae0-93b406807bfc,Control
97b3c6f3-37ed-4613-ac0d-349df4e185da,Control
3f621508-a4f9-45fa-a4eb-f0f4bee33fcf,Control
d3032201-81f7-4794-ba24-fe10ae0e9964,Control
91df47ce-7191-4544-adc8-cb7ed1f80faf,Control
53dc0a9d-bb63-4904-9475-5d694c512e5f,Control
8d471220-a1c6-49cf-9a7a-b6ab116eec65,Control
03d39fc6-0ce2-4840-8748-219256d93724,Control
9b010888-beab-479e-a02f-4852207bb70e,Control
6b366e37-14fe-4ca7-ad3c-225b63a4fa6f,Control
426930ab-6322-45da-9738-2a225027bcbc,Control
607256f6-046c-433e-af95-dcd5b3772da2,Control
41811030-0c3e-443c-863d-f99e59e952c5,Control
f04a3c1a-5724-4a2a-9a13-1642158eb5e8,Control
15708644-6e5e-458b-903a-cd67bb747537,Control
0bf6924f-ad41-45a4-a043-b643d1495424,Control
6c097831-70a5-415f-84f2-e752351056fd,Control
1a980646-749d-43fc-b54f-81c8740d9eaf,Control
5d36fe86-92fc-4be2-abad-c6bafc2d0b8c,Control
b6db523a-861b-4b01-b935-5deb9cc35c99,Control
074bb872-9fe4-49bc-acec-0468763e8058,Control
7292eb6d-650c-4855-a10f-9a865f290c9a,Control
3fc675b7-fb61-4b02-818d-5534ac380574,Control
3d694835-8ca4-4921-aadd-4c192f555828,Control
a58d76cc-5526-4e04-8cde-22c9a6c3a5bb,Control
2a013de8-87f8-4f81-9c4a-2ed4a7494dcd,Control
f188253f-8c92-467d-ad63-1b410e19ec7a,Control
d73f4abd-710d-4eb4-ae2f-1dec7b8b4195,Control
59de8aaf-454e-4c60-9326-6208f930116a,Control
f0943b2c-cd3a-4ce9-b885-23c03325aa59,Control
b22ec782-58e3-41e9-95ea-52ce10f142f9,Control
37b69a5d-6ed8-4dbd-b7fb-b505b6d577cd,Control
f709373d-ea45-491a-91a8-5d09435f1769,Control
a3dd94d4-c7f0-4feb-a797-e3a015a6172b,Control
e74b1246-f8b3-4bf8-8ce1-72f511fa77fa,Control
858516dc-7647-443c-a4bb-5d0da36865ec,Control
04916e21-3dd8-4820-b3de-9ab045bc88b6,Control
a3e90633-6fde-459b-a28d-8440832854a2,Control
e9282fc4-71cb-41c2-819d-7463504fcb26,Control
202c87c9-fd74-4238-aa0e-877eff82a4a9,Control
f82af79b-5645-469a-b2f9-1ba4680002b6,Control
8c65d5b6-0400-4ef2-8ad8-42945956682a,Control
10ddb6d4-2889-4bce-820f-979f9acdfab0,Control
2f6b2682-fe38-44c0-b422-3d67d5351e5a,Control
80cc432c-0656-4638-a880-632556edfc5f,Control
09e4a078-35b4-4fcc-b378-538ee6c39537,Control
4550cb9a-f931-4409-9cd6-6b486642bed1,Control
78fad1b4-6377-46b6-91d3-5ca27499cf6f,Control
08684198-b9a9-40a2-8f65-03c5c18c46d8,Control
9cdcd9e9-0e0c-4fdd-8529-631acd0fefb3,Control
5b0f54a5-db13-47b5-9eef-7e44496bdd0e,Control
a806e876-257a-4276-9cb6-30eb02f5c2d5,Control
f0797f9f-b88a-4d58-bf99-08d24cd0336c,Control
0075a3fd-7c44-44b2-be41-5e64965726cd,Control
01c114ca-5000-4f20-85d2-2cdf989e84d2,Control
15612d47-e3ea-454e-80ca-a8716575d9b1,Control
f7baa835-a816-4436-bc7a-6d44f186272f,Control
93fd12b0-15ce-4707-8b8a-fa768b54a2af,Control
d097b4cb-69b1-4217-8877-4b8fdb7c199c,Control
5c35ded7-315b-4b1f-8706-ed0576e6321d,Control
f3d204d8-5603-4317-96c3-eebbda1ad1b9,Control
9ce087db-7da2-4bda-b5fc-90fc746e3a8b,Control
bd47319c-78c8-4522-a896-5df48785c87c,Control
b0a8e055-2dc9-4380-8ddd-8ca5ee96145c,Control
2df335e4-d6cd-423c-928b-fd9c8b779b21,Control
d3425448-82fa-4b83-8c87-59259d712f66,Control
cbea8e7a-92ef-41b1-873e-f4f20f1c3ddf,Control
489b25aa-dd65-4899-a310-25678e0b9aa8,Control
064da2b5-4592-41fd-bec4-139f3afb8134,Control
729a249d-a352-44db-9ce6-eb50530b79fd,Control
4960dfb6-16c8-433c-bd27-c4966d4849db,Control
0e874573-9365-4565-8cdf-c7273cbbff55,Control
ceb91c01-644e-4ad1-b8dd-23f9b26c45b7,Control
384f04b2-a4c7-485b-adbe-d5ce7da4319b,Control
70d1da38-6529-44f4-b227-7156bc14e58e,Control
f11bdb92-8203-4718-ab17-1fae1059c17a,Control
948112e4-801a-4e41-b66c-09a596100af7,Control
0cd72fc1-5a95-41c0-bf41-8c992cc101de,Control
2f14584e-03b6-4a09-befd-ea97ee0360d2,Control
bef5bc96-4941-4974-954a-e2cde90d43bc,Control
6cb3bcae-794a-4c28-ab65-acb7bc74acf0,Control
40036411-d009-4b83-bb66-4ad1953c18e9,Control
aadacee2-0c26-40d3-a36d-7baf6a87b9b4,Control
eb7d5258-e1e3-4089-ba0c-5b74e9a57c1b,Control
c7c99474-c481-4020-a265-faee78976028,Control
b2759e15-e98f-4a46-8340-4dafb8d005be,Control
f09b4a75-5e71-4cfb-a9ae-749466860ee8,Control
585d1c29-bacf-48a8-88df-14fa9a993c0a,Control
bae050d0-9cc8-4d11-b01c-42547028f520,Control
c264634a-6f00-4708-956c-092772afee97,Control
38bcaf7c-f53d-4941-b0c0-58f98119ecba,Control
ecad1273-c5d3-47e2-a38d-4745fa3cc1e2,Control
b29f2f47-106b-4ad7-b3e2-46f896f15837,Control
ac8ebd85-de1e-4963-8364-ccdcefaca01d,Control
118eefb6-9870-4529-943e-2800e4f39b66,Control
6e1526d4-575f-406a-aa23-ee9929da8204,Control
636405d0-7a48-441a-99f0-ab982113ac59,Control
f0048d3f-6273-4de9-8ec0-cc66efab277b,Control
2dedcea9-359b-4f05-8fc3-903c29147ba1,Control
8f7159a2-5853-45a4-8ee2-124da26079d8,Control
3e637b82-5e89-4736-b3b1-9cbee5cb0e20,Control
61cd7a20-f70a-4d76-a0d0-03575f861dce,Control
39cd4eb8-0b99-46ea-b8de-e4befa933b51,Control
5f9a2c05-145e-4f43-b70f-2f7d7eb86061,Control
9c2ccd30-7404-443c-af91-96f108fd907f,Control
de394e94-dc36-430e-a1d8-c44dc4d5e25f,Control
284d74b6-1804-4b56-8a54-273b5e87d157,Control
1d701466-0554-4c87-807e-3e43a25320e0,Control
1eedb640-4423-4eec-bc67-4fae4492ebf1,Control
5bc53668-66ee-46b1-8a2c-adbc1eb48899,Control
c6d0cd2a-72db-4cbf-b2f7-6386ed6fd668,Control
b69cf85c-11a7-4aef-89dc-c64401a173af,Control
f7a6a56f-6d25-44cd-abd6-5284e302fbbc,Control
9bc75632-279a-4bb0-9c0a-73c0be1c0546,Control
d9f6ecfc-9c6d-4a05-9e71-2f070c381c96,Control
f6b66eb6-1183-4e48-8c0e-274f777b5cef,Control
41300da7-2926-4d90-9565-9c375b38adf8,Control
e76bfc2f-fe33-48d8-9c2d-36ca7b907e40,Control
9592bf9a-bf66-475b-aa91-d534c7f51d43,Control
efa66ae6-b892-4550-93a2-5d7b18168b58,Control
701295e3-be3c-431f-af5e-0c0c5463a311,Control
9b4a7723-d1dd-405e-85e4-d303049a7b0e,Control
27c6cc5d-28fd-4296-aebf-41cd00b0e29b,Control
efabbb51-1e5b-4a93-bb53-960287d3184b,Control
350e5140-a3a2-4060-a395-421d928f6085,Control
790dfae7-41ff-449b-8dac-b4ab6e9074e9,Control
8ec2cd64-8ffa-4ee1-8184-b84f1e480e81,Control
972663a7-8599-446b-a493-21175851b240,Control
a3ac1458-47ba-4786-b454-555391ef663b,Control
8fdc8f88-156b-4c9b-8a1d-d0298dd008c1,Control
a45bb699-7905-43b2-b02d-93ca31b9b9a5,Control
3b949de5-9fdd-461b-8124-9e8fc7afb2d9,Control
969f9a85-d198-48ec-a409-0bcdf0b4aac3,Control
d2b10252-8cd8-43ed-bd5f-874626a5533a,Control
367a09bd-97b0-4912-839b-21ee75d7481f,Control
5fd7b9a6-0551-4d8a-b80c-b01dec6efca8,Control
0dc5c915-43ca-4ffd-9f92-1e7eacb8de4b,Control
55eac9d0-1ea8-482d-8225-bae8de3da719,Control
dc3be88c-d534-4d79-a9c7-0b91bfc14e95,Control
b9df59c6-6014-4430-a94e-ede8a815d03b,Control
c4fd22e2-44c0-4505-96e0-69a7e0915650,Control
a740e7fb-0edc-4cc6-9a97-6bb4dd0c1e30,Control
6aa87e20-1ecf-4061-95ef-448d2247969a,Control
b66038e1-9d82-42e7-a857-8238dc037c3d,Control
2e44a1bb-e2ff-41cf-9322-32fa5e051913,Control
fb788b93-9028-492b-8ee3-68fe544ec246,Control
039f18e1-9bb9-47c0-b5f8-ccec5b58a378,Control
0d5d9fb8-3481-4c82-99c6-8e16f191edb0,Control
d6c5c3a8-e7eb-4170-8f32-1a6c05053ff4,Control
1693bb1d-1e77-4bf7-a115-21a130b489ae,Control
f4221bd9-c1cf-4993-ad53-bc8f2320e256,Control
0404103c-f703-4a1e-b79d-f2b9650e2671,Control
bec08af2-84ae-4d40-b6e2-5cf94b291905,Control
d6fa7a79-3a16-4e0a-99dc-14340850e0c9,Control
b05bbee5-2430-425e-8413-e97b3b2ad2b5,Control
f8bec400-5a46-4f89-863d-7481c4c26f13,Control
58506603-e2ca-459d-998e-3758f7dec8cd,Control
3613b08d-adfe-4ba4-98ab-c4d5cb0258e5,Control
96d37a50-02f2-4838-b4d8-dcc78610eb2e,Control
424c3c8a-824e-48fd-a964-17c743e679d5,Control
90702a13-153f-45f0-83bf-dd5c741ef2a3,Control
b8a18b66-6c9b-41e3-8ac2-d0c38d2ed2d9,Control
92631eed-645d-43f0-bb3a-23e38d8debc3,Control
70e1495f-2ef4-4bdc-be1d-169d0c60f999,Control
1a6b4dec-e571-4e73-9ac4-ea3de9abf3e1,Control
10ec1230-f4db-4ff6-88cd-f33503f43c0f,Control
be79999f-5c67-4059-b742-456ea63e6f77,Control
0d6c288b-0484-486e-9838-eaa5dc7a7157,Control
1b47a439-3133-4cf9-b67c-a8c93027f9fb,Control
45aba26b-39a4-462b-9d49-13c22a674212,Control
415ad49e-8ae0-479c-aa1d-3bd38b387d66,Control
65d7f251-3386-469a-aad9-f65238b50ab7,Control
fada13fb-fbf9-4639-9487-bd1f5c79582a,Control
e8ccd81c-a4cb-4b74-bfeb-2674d8bc3238,Control
c63389f4-e0d9-440b-ae21-08ed239271eb,Control
980a9ed0-09a8-4bdd-b120-328183570988,Control
9626cf96-b88b-4ba2-b5d0-2a313f1de8b0,Control
2c14ee24-8698-478a-b0b9-c858ebdad2c6,Control
fa44cb90-5224-440b-87c7-01235a2ecebf,Control
c9a394e4-9deb-4d47-a5cf-5691e2c3eb93,Control
0eaa2587-d803-4069-84e0-f8c40864644e,Control
1f8e9414-36bc-46b6-91bd-f4076ddc708d,Control
b31fc4a7-0ba2-4793-afb6-bb3fc5baa670,Control
07d21ff9-8291-4c0e-96d4-5d5daf609be4,Control
39b59a87-8a3d-4944-92f4-8dd42a1b928c,Control
f8752b77-63e6-4104-be31-9158ab767b38,Control
38f8aa99-8836-4f62-885c-a43220f008d8,Control
f89ad054-76e5-4e10-8e61-891f5f19c64c,Control
c972c23e-31d4-4818-982f-899f6b5c470d,Control
5e05c9d4-a031-4b33-b6aa-2ace0f75bf71,Control
0dbe005b-9cd7-4c65-9bf5-e9ddfb44f0e1,Control
33a5864a-71d9-4899-9960-abb51d41c5ed,Control
ee2f7682-89d7-4b7e-9906-8fb9837eefc3,Control
daa4de1a-1681-4f2c-ae24-23e0554ff2dd,Control
03850b03-a5ac-4df3-8405-1c252d475a34,Control
b765180e-bdfa-4479-b4fe-9f6716451eb3,Control
d9d7c5cc-e8b5-4c38-8afb-ce7a6ff328c6,Control
c95c3262-4b2d-4717-b70d-d8d27ae6594c,Control
e53d2af6-89d0-4c12-b0a3-30a219f0860d,Control
c8b04038-4f10-47d2-ab53-6f981cf6dedc,Control
0bb17b10-6692-4d2c-8d09-0f9d4f610154,Control
f5bb6f81-03e2-4d13-9399-4ca3da556e5f,Control
628358fb-d4b0-40f0-bb56-a7a8cf57892b,Control
cc298bb0-0f08-48e6-8b92-f9b87496f589,Control
df776cf7-7a0e-44cf-bf0c-f43488be6d4c,Control
f9cd73d0-269f-420d-bd32-7f9f1cffeb58,Control
445c09d9-d575-4560-8e07-ebcb995361e8,Control
3ffb83e8-7899-425e-bdc2-af8d29cc07ad,Control
49d728f2-74fc-4c8a-a39d-4530d6588df3,Control
db565eea-8af2-46e5-86ff-dfceab28f8b0,Control
758587fe-2095-482e-aedc-9d9f9a9d26f3,Control
e9632853-b88a-4ef5-ac07-0585568e08d9,Control
dd31efa2-750c-420d-9829-0de43fadeedd,Control
8fab8ee5-0641-4419-8c67-75db236bbc82,Control
77d4d985-223c-4591-90a3-b12b76548cf0,Control
063e4d77-3731-497e-abd4-a2f751fab4fb,Control
65f486b9-a739-47e1-90f1-be6aaf95d1a5,Control
ba582d21-1b20-4f1d-b947-8ed6d29d91a3,Control
744617d1-aaf8-42b4-88c1-05fcdd3d81ca,Control
63b7df2e-5317-4a24-a24c-aac6920df0f2,Control
0f9d7b71-71f5-4e33-ac6e-3acdbbc3c889,Control
8593b469-aa57-4601-beca-4d55741b2c47,Control
4d5fdf36-d986-4071-88b8-7282db656218,Control
5878493e-754b-4582-bfe4-25c277e6bc56,Control
3bde0941-88dc-4f96-922c-2a924e5e5ce9,Control
11de49c0-bd12-4cd0-9e8c-2680079bd8b7,Control
859af6e0-8fa5-49cd-a053-dd03cf06f0fb,Control
5b7ed60e-dde7-4352-af32-5c0fe90789f0,Control
a8db95cb-0bc5-49fc-a341-55e901f5fb05,Control
791e1562-fa0a-49ab-96b9-e09b72300e51,Control
c948a429-265e-4b48-8324-58c37beb3458,Control
8a738f3f-47b8-43a4-b7e5-c93ba1a88f1e,Control
ee8e1d74-b118-426c-bf21-d72f7e807fb7,Control
af347348-7660-4e82-a08d-07d16c2d86f5,Control
67aae167-c364-4e13-9dab-72733006a02f,Control
74fd97b1-0f1a-49ea-88a8-62020d50819c,Control
f58b7f04-4600-4f03-9265-82e8054ece4d,Control
b5746b16-cb94-431a-880a-cfeb3e818d7a,Control
3fd95a58-4081-4f9b-8455-6b033431163c,Control
41bc6fae-4c13-41d5-aa39-8758e0ce563e,Control
a503259e-527e-4c95-909c-7db98f25dea2,Control
0ea609e6-12a7-4b63-82d7-f6e3136cae1d,Control
de6691bb-9f19-43c3-a829-637eca2c4688,Control
fd162cf6-6f48-4a6e-a12b-2c623d0a7c43,Control
ef758b3f-263d-4e77-9033-eef86cfc2ae3,Control
cffba337-8410-48c6-8c5c-23264e960608,Control
162965c1-bee8-4c85-b599-f82bc35d1767,Control
360755e9-d861-4fef-b092-69246d8b891b,Control
4acfa9b9-c838-4227-adab-6a3ce996dda4,Control
dfc6accb-d357-41fc-a5f7-fb860d4e9af6,Control
4b74eeff-3589-475b-900b-2f9e189e2314,Control
fbcce5c3-06b3-43f0-be5f-631e92ad9473,Control
bc70519f-e7bc-4021-a6cc-ea50133e0822,Control
47a0cc1d-5f51-4350-a281-11137e07d08b,Control
98a4a7b5-9630-4455-a89f-9032ac95e731,Control
207bd57a-05be-44bb-baef-2e2d2ea8da7f,Control
bae1f693-c3f6-4a35-84c4-ff59058d2801,Control
2f8d58c2-dc00-4713-9250-167103ddd926,Control
31b63061-acf4-42c2-b46d-d9ce8bdba46a,Control
ed760c20-3d5c-46c2-9048-8a83facf9e25,Control
b77552d1-8f27-413f-89f0-7803ecb82294,Control
4fa68967-3548-4049-8503-6923f0bb3cd9,Control
f68d30df-d3e5-4f42-97d7-c394f2aa23f6,Control
bb9b801d-58db-420a-9906-637664f404d9,Control
36a3031a-ee0f-409f-971a-4a24dd430b11,Control
1c85fea0-1ef0-4cab-9eb7-f4790ba250ca,Control
c55a8483-ed03-45b7-b533-c99c5ad5bac3,Control
5b904415-d36e-4e6b-887a-e6daaea0b97a,Control
375895b0-293b-4a09-b820-1fcc5e5485a0,Control
0c930c58-aa32-42e4-924a-2d0931b3c3c2,Control
1664e993-5e1d-49b6-8f4f-39c1e1261300,Control
79d8e4c8-8b62-4292-81ea-61db87ec8cf3,Control
1d06390a-9046-4317-9157-d221d66dcb7f,Control
13bdd50b-1b96-47e9-be1c-d2f1175d0527,Control
85c46044-a009-4ab1-9dc2-ed17c12a464e,Control
5ab74728-3502-474b-8590-80cb3fb4817e,Control
77e84401-d7d3-4eb0-bafc-556aaffe4bc6,Control
cb5dca85-eed5-4f7e-858b-8bb92d4b5184,Control
f02639f2-5b6d-44f5-acfe-a6b447671305,Control
db94fca8-1c03-4785-9668-ba67fbc2169c,Control
2e4efef3-5855-49df-9306-913d4d86de3d,Control
910f8efa-091e-4fc8-a3bc-3bf782dc7f95,Control
a231d437-1e09-44c8-b0fa-806388b9e72a,Control
252bb25e-0804-4752-bf69-d69017c6f6f7,Control
f987aa74-5e11-4eb6-9e7c-c97fcebeebb1,Control
154c7979-15db-4a93-8158-c06fbc983887,Control
a8c121b3-143e-4765-b136-f062db17278a,Control
073e86bd-a963-4677-a580-be426a3c43b4,Control
80c60e3a-95e1-4049-aadc-45cbd0fffd2a,Control
6212898d-6d26-4560-8fa7-d3694f06b13e,Control
e185a353-0d19-4677-a9fa-1c3ad5f31f8a,Control
cfeb4ea4-682d-4431-8d99-8402df2bd049,Control
ad1582f1-3424-4fbc-96ab-c994d891ace8,Control
5f7033e9-d0c5-465c-92fb-97e6c2aa24dd,Control
808ea33b-97b7-4ad0-8974-074a3524dde4,Control
2bdfcac1-3ca2-4489-be8f-3e81816a7743,Control
d1d0da94-83c1-45e9-96fa-0098816eb98e,Control
b13370d6-d578-4736-a7cb-17a3f0037d5f,Control
4358ac3a-e29c-4cf0-a8bb-bdc9f5b74b21,Control
b6a23059-f402-4312-ac05-7866a196aff6,Control
1336cef7-0d83-487a-a088-94777a210033,Control
fc915c75-1f9e-4623-8a5e-e5d2860d8fee,Control
863d59f9-4f28-47a3-8e8d-727031c74e43,Control
53c9d5c1-668d-4bf7-9043-d39fd595f7ad,Control
8bc428a5-350a-4008-8434-410d4b508089,Control
3f6b791e-0065-46e7-9353-18d8d754c3bc,Control
f63cf918-c456-4058-90a5-5196aec62d6c,Control
a5ce7bcd-87d1-4db3-b248-2265b4c30c5d,Control
4900fb2b-a501-4dc0-a7e9-473c128a75d3,Control
46d90b0f-30b2-40ff-8800-a657ce8ce28d,Control
f4ce5e4d-2c93-464c-8c13-1b9d0684af32,Control
9ef07a43-858d-4907-86d9-a747f8183ad1,Control
7e7a428e-e2b6-485f-bd85-b415a8005c62,Control
35d9813d-0949-4853-b53a-965874840ea9,Control
9f61842e-751b-4fa7-b8d2-59292a2435aa,Control
dbd25fb1-13c2-4a11-83bf-55436001fd42,Control
cb3c5f44-faf4-4f5d-90a2-5d4bae1a3dd9,Control
f8b67c60-ff9b-42c4-9226-f6b61b1bef97,Control
797bf485-53d2-44aa-b0f5-d71e0793b14a,Control
8c6a6880-3b75-4449-86d3-e1b7ed8afc40,Control
a2648439-badf-4fd7-9bac-6bee2e4796e0,Control
dc534f02-1b6d-4045-ae09-be89e773df9a,Control
f8fe90fa-541e-4e55-9365-a7c3737d7ae4,Control
4015dfd3-edc9-4821-99c0-2ad8231977f6,Control
9163c360-b437-4e9d-a80c-65a95f62cb4f,Control
17406c3f-4f63-49bf-b7f4-df177c6b9eac,Control
fcd1a985-6a7e-4434-b190-141dde22cf34,Control
53c03cdf-aca4-47ba-91a6-1f80be75d5f2,Control
645753f8-7d22-4b08-86af-1f60859cc7e6,Control
31a6a65d-2acc-4273-a42e-f92d60c70c5b,Control
055a8670-08fe-4ef9-bfbc-d4dfb1962e71,Control
44e94ff7-9e21-423d-974e-3d77cc1b8e0f,Control
d9d0f5ff-5345-42a0-8262-d7d2e05123a2,Control
5e87cd32-f184-4e36-9111-5d73a8e86634,Control
73904bf8-622d-4d3f-b248-55f7527aea43,Control
6ece11ba-718e-4dc2-afff-7d5d82a7c5bc,Control
988298d0-bb2e-478e-aa04-01d85ca326ed,Control
602a806a-9bd6-4bcd-8c0f-a834cb05f4c9,Control
699d5427-f2fa-4eca-8aec-f55877952053,Control
601e316f-1d92-4b25-bb44-27142b080e23,Control
52fc11c6-a34c-4d00-9216-67e0545d4480,Control
4603b09d-051a-4bd2-907c-fc68ba99b9fa,Control
a6872068-dba4-4bf3-b4ae-1ae95e43d1e4,Control
f34cbf83-2df5-484b-9c4b-e2ee8b62ef26,Control
e3d33fd1-4d4d-4a64-a19c-feca7c87acbc,Control
470bb6b4-c591-4eff-a5cc-a775c925c23a,Control
6681d2b3-b62e-4c09-a314-ca5a264ba5d6,Control
1102ac95-e8c9-4ce2-b91f-d4eecad84763,Control
e842b404-c7bd-4233-a12b-fed3a17635b4,Control
82cfe7c5-e7d4-4636-b9d8-bce26bebab66,Control
639149f1-d2e7-4718-bc69-d5a8710d670e,Control
b36debea-8c63-4364-a54b-27ade4ce63d5,Control
01ac9eaa-55bf-4bd1-9de4-31a7df2b7729,Control
a78c1685-b084-43a3-8d87-c4bee518aa94,Control
bc654531-11b6-43f9-9b5c-64b8babb5af2,Control
8a57716f-d4e5-44b2-b7ed-a4b65a056cbe,Control
a3f7c40f-93d5-45ea-91dc-353f49e9a756,Control
cff3ddfb-9c4a-45e6-836d-856f057e3705,Control
b077bf33-f870-47dc-b762-09994a759f29,Control
a715d78d-a5f9-46dc-9be5-8b67db2305f1,Control
76dc28d8-0c8c-4607-9092-2a8a3cf1547a,Control
83695bd4-bc92-4e3b-82c2-fc079c72202c,Control
3e88c7a6-68d1-4826-b3d3-08197a8cd5dd,Control
dcd2acb3-d3ba-4284-94eb-50678462d5d6,Control
1d2c84e6-ac3f-4a5b-9819-e28b1615f9cc,Control
9a1f215f-113b-4940-a3b1-4aadc02e406f,Control
2e68ca76-c13d-4b97-9b22-481ac4e5df23,Control
f9ca0ce8-ff60-4126-80a0-767a3bc05273,Control
2ca830c4-d3f9-453a-a246-909b0a1f391e,Control
c39991b8-7f10-4574-8143-9cbc0618b5eb,Control
abf48b08-459a-46c3-827e-ba27dcc0b113,Control
2354754e-c5d6-4fff-8b08-b3c164229f12,Control
10afda06-dae0-4fbb-bf9a-d4245d79c1b3,Control
0e0a218c-3ecf-416d-a57a-41213aebc0df,Control
8d55c3cc-f38e-461d-a758-f9fe3f7761ad,Control
05520e10-a42c-4a61-abd1-45f425b77ba5,Control
ed5e4aeb-0bb5-4c92-8c2f-9cade3cef76b,Control
e0e9cedc-1eff-4b76-b376-b8fea8f73b85,Control
a9caeed4-5a76-4696-a2d5-ee9a4d16b5fa,Control
f0fe5028-a4dc-45ad-abc6-c7b286b1fed2,Control
8c5a6ec1-906f-4f0e-8d70-9a07425b0de4,Control
5c0458df-b457-408a-a9f6-924029ebabbb,Control
7a3cc70e-9673-4f8b-8056-09f7c84451bb,Control
1d9afb94-1de9-4e84-8b08-6904d10ca9cf,Control
c332f287-41ec-4938-a4d8-1f6c8af31533,Control
58d9e556-31c0-478b-9b95-74ae68f68481,Control
1db260bc-3f6d-4d6d-af18-9fcd8091e56d,Control
63f4f910-5bca-45a3-b1d1-86bba632a820,Control
a3714e53-548f-42ea-8e1f-459c2b3fb675,Control
9d5e4ce0-b867-48bf-b7c2-2dd57047f9af,Control
da1028a8-01c7-47a7-aa5d-41e07a93cedc,Control
3befa769-9c9d-456f-b160-00adf1f096d9,Control
eb54d823-38d8-4ddb-b1c4-d57e398631e9,Control
08fb7760-8a77-46e9-8c5c-fc2da5ae3fae,Control
12d8709b-e7dd-47e1-b545-5dcedfd37ff4,Control
f6b7e96c-d7a8-4906-849f-6e66d0a7c4f9,Control
4578f7ef-b4e1-41da-9b2e-70c8e23f29b6,Control
afde32f9-8480-4829-933c-2cdd8a5975fb,Control
9aa10c4d-e671-4817-8580-20049d1647f1,Control
c0e2bb67-373c-4d24-8770-60b4872b08ec,Control
7b9d27ee-037e-4cb3-b20a-0c3e5a86321c,Control
21813a03-5503-43dd-be4b-c1f94d240dbf,Control
3d4241ff-d8c9-4c71-9ba2-cc3f5b1877c6,Control
ecefbea2-a330-45ff-a398-c33143ff593f,Control
ca7db5b2-e418-4268-bfb5-b9541dcc0104,Control
42e49aa9-a634-4126-b5e9-9aba4b64db6e,Control
16de0bd9-5989-4be3-b227-70e165b552e1,Control
2cb84c00-6034-4cba-b326-68c1b4126931,Control
4ce817cf-8288-4aae-856c-eb3cd13e0d8e,Control
a1f4157b-c442-40c6-b206-c445a67ff5e3,Control
6d70a448-a6e6-46e6-aeca-8447dc636e08,Control
40be2c9a-90d3-4e92-a000-f98871331cc1,Control
10644c8a-4e26-44f3-abe1-0c88c3655783,Control
968264d7-96e7-40ee-8b57-f1aaad2149e2,Control
bb1722eb-eeac-4ae9-add8-f417cc219d80,Control
29fbf66b-a91c-4154-859d-a1b036776134,Control
f2b4a13e-4539-46d3-9aa6-f1d467e055b4,Control
b6a74708-2598-4b6b-88df-ff8823e0a1a4,Control
60457518-ada5-4cef-b75a-b002a6c24c0c,Control
654f7baa-fda9-4edf-bf19-778f9e56b5f7,Control
d6e049e8-803d-4f75-aaee-60f2c7119c14,Control
ce57dad2-4446-46bc-b4b6-54949b9e6b8a,Control
83ce496e-5dd8-4f1a-ad4c-70bae2a28532,Control
3f26b859-9859-45e7-a6a9-e2a640a0257d,Control
62a07948-18d4-4303-8f2b-423df0c6279f,Control
323b4fd0-758a-45cf-9a14-6d608001b49c,Control
d28a8557-293b-488e-ba06-f9419b227bd1,Control
96768f2d-448d-433e-af42-026791f5503e,Control
fa255493-72b6-40b6-b6ce-c3333f8c3726,Control
ce5f7420-6455-4d03-8ecc-2e1357969a75,Control
e4d8c7c6-d8c5-48c6-838e-550e5bd24b3e,Control
cc257ffd-9b81-4ce4-a06e-80cae333d34f,Control
0bf489c1-ea90-499b-a006-7adf927602e5,Control
978cbafa-9154-4d45-adeb-6078fd419d22,Control
f2e88cd7-9bad-4f7d-9424-35f9ce8e2a7b,Control
b827992b-9bfc-471f-acb0-0c7e7a2f21a8,Control
978ab84c-246f-4131-abee-6bced8a39612,Control
40d30ce1-2829-4150-b5b9-8de0439e692f,Control
5d7e9bbc-e999-4f3c-a975-13f92aa3de4c,Control
0c85a970-f7e8-4e95-9b70-6642b861ec46,Control
bec6dcea-7a7e-4d50-9e56-9565b76ae854,Control
c6422d85-d5e1-4916-b194-562dd8a9e9c7,Control
9db7fe7d-cb12-4b07-9cbe-36900729c582,Control
ce90a798-90f7-496b-937a-15945ea82500,Control
2c5e168d-8221-4c42-add2-ee0408b20798,Control
7b48d74c-ba8f-48e0-8e18-d61315d70355,Control
f4a8b3a8-fe2a-4af1-a001-999ef13276b2,Control
5cc5f138-0523-44c2-93da-0624954766af,Control
f42541aa-021e-4862-8a98-ec759cf06617,Control
52f1626e-bf22-4179-b342-b671fe563e79,Control
ea3ec9e7-e3d0-4232-9553-8524e652dd45,Control
90ebcbc3-9270-4ce6-af0d-57eda068ad1b,Control
33432023-07d0-4ed0-9d47-2051e5edebd4,Control
71434b1d-587c-49e7-85e8-0dbd32c06292,Control
f41dcee1-9a74-45fe-8173-c9f1990c052b,Control
f3dbb40b-0edb-4ebb-87f6-7b2d37b7a85a,Control
a41f656b-375b-4b30-af09-a6ba48200e93,Control
77d61ec3-b3e6-4f95-b54e-09f46a53798e,Control
186df569-331b-41ec-bdd8-f1316955fc72,Control
d63ea747-d3c9-493d-908e-f586e53187ed,Control
9d3d2f33-5469-4a97-ab2a-d394e1f6bd6f,Control
47b7af0e-cb4b-43ec-aaa7-cc332d005a9e,Control
eceda982-3ae7-4d42-918f-f4e3317e7388,Control
ee61c274-7a38-4c8d-9087-94c931232be4,Control
ae55aacc-2d51-44c0-be31-e171e27eb21c,Control
45c6c2c1-c024-4055-9278-ec2080fe4606,Control
92cd5789-ccdc-47d3-9333-5fce2715df7b,Control
27fdc055-a11e-4028-8355-967244704fe7,Control
8b026de6-35ac-4b02-9099-ea810d1bb83e,Control
d42882b6-0971-4184-8a8e-a13f38b66262,Control
9e6d1939-d78e-4e5c-9ec6-a3cab70e963f,Control
9c1e44bb-796d-49f7-860c-a1a9059e8c75,Control
fae9d562-6b70-4cb5-a945-328477477387,Control
c356bfa3-9e8c-470d-8585-c95fd90043e3,Control
b8bb6f2f-9262-4f7f-a06a-1db35df8c4a8,Control
0b2cb037-892d-429e-aec4-e24211fca9fa,Control
276ce36b-5899-4741-b384-38ef3dcea51e,Control
9f0c335e-ef85-42bb-af1f-279a770faf82,Control
87f489f6-38fb-4496-8be0-d2813645ddaf,Control
fb242a93-e687-4a1c-b2cc-bda5adcf7413,Control
fdde7c76-a7b9-43a9-9b8e-dab5624086a7,Control
b5abb0a1-738c-45d1-adbc-a19590d27ed0,Control
9088e81c-cf9c-4dd2-9519-39cd142ef9b3,Control
42f0e482-4ab3-4154-93a8-624405f0c84f,Control
bc302029-a309-4e8b-a437-a8c6cc8c36bf,Control
77f0de2d-0bb1-4ea2-af45-36cf73a5e7d8,Control
121fee01-c430-471d-b918-357a6bfd1557,Control
c4404275-50b5-4ead-a7d3-a4a6ba9a514c,Control
43490764-c474-456c-a66a-37bde7ee738a,Control
0177ead3-a170-4a4a-be9a-11449e200441,Control
ab500e00-6eb1-4d19-9b8e-898e3b9e18ee,Control
b0056895-f7e1-494d-ab81-6b3c72838121,Control
c26fedbd-9694-40ed-b7c6-9376cc2b4728,Control
e6cd730f-152c-43f9-ab58-d7706cdef0e0,Control
715ff208-9007-4eb6-a807-8fccfd25fea9,Control
39d3e8fd-5b1b-4d95-bad8-5c61b2b6a3f7,Control
fe43cf85-9739-4b65-a558-9466715a97ef,Control
91016427-4bba-461f-abf5-63dda4fb3cb8,Control
319bf0c4-aa3e-4246-aa58-b482859c6cea,Control
70816c39-e10f-4faf-9b34-589e54f2718e,Control
52c227cd-faf9-43de-bded-846c15740c71,Control
29f4212c-271c-4fb7-92ef-37704af0c0ab,Control
78cbd286-3369-448e-955d-9e786d219ecd,Control
e9ffa612-5c8f-4a84-ba6c-197f39d8776a,Control
9f0355cd-c2e9-4c5b-ae56-b4fd8b512843,Control
d5442cca-78aa-4488-ae1e-896328f07ae6,Control
ed8d1828-3be2-4aa3-a3c3-74063e996b08,Control
2e10c33b-235d-4047-b374-82a03cb949c9,Control
af86fdee-4122-4858-8ea1-92255dee3fb5,Control
dfca1571-a8d9-41be-ae83-f87f4be45981,Control
5a7aa210-6ed8-40e5-8cf6-c38f3d575472,Control
b5cfd59b-66d2-45b5-a870-f7731ef504e4,Control
f94af603-55df-422d-9bbc-56097112f43c,Control
904f7638-7c18-4efc-8070-6bbaf00c090f,Control
37ce0732-6d26-4db1-95ed-580674309afb,Control
ec56e7e0-70ea-4f08-a63b-688e8516a847,Control
dd5444a2-66b9-4e39-add6-57abf0a8e76d,Control
b0f0df7a-d9c0-4c4b-a2ef-f36a9d6a5eab,Control
472e80fd-3e9b-42d5-91ed-05ff39631671,Control
d1bb7b7e-92e0-402d-a9ac-f8590c7bde0f,Control
0f5bbeb6-00f2-4711-bcba-ad3f914f72d1,Control
ccb88451-9263-4219-bc58-17e7cdfa0a48,Control
c100a539-62d6-4c75-9e58-5e60cce0c41c,Control
22a51ec8-d1a1-41c5-91db-b60c4baa005d,Control
2f901680-ee3d-4349-ad88-1e3b74fe0540,Control
d386331d-5070-4cf3-933b-adfd264bc6be,Control
047ec819-d5a5-4f61-8e46-69b8a4701d68,Control
fda48a64-b4d8-4b0b-92e6-0e081754ec38,Control
f42a565e-13d4-41f4-a988-51295e9697a1,Control
b2327f33-8b28-4b7c-8bfb-a91fcec2c234,Control
aa943319-1c64-4045-82a0-234826624741,Control
b8758887-cf1d-4be7-b346-ec80c17adbcb,Control
4b0acbbf-c310-473d-9a79-32294ead37a6,Control
1892d862-82e7-4720-86c1-3ca26ccf3793,Control
8240c4aa-d066-4e32-9efa-5573eb32912f,Control
8d7accad-92a8-40a8-b4cb-b699049b9450,Control
082d6d82-b6a0-4da6-a325-2c92c70a5e4c,Control
91f6c1a7-efee-4215-8534-d699bd4bbc74,Control
a5c75458-b03a-4994-8aeb-f9567619b16e,Control
d495b88a-720f-47e8-98d0-7b960ec93b21,Control
e38e3771-75b8-4cf9-b62c-b80ee578e46a,Control
8855b712-6e78-43e5-b7bf-cfc6faf28171,Control
71f70102-39d3-4010-bb9e-faa2b0f4c7ad,Control
4da6caea-1cd7-497b-9c5e-ca5c95dbec7b,Control
4e8166a2-fc91-4161-9599-366596fecbba,Control
aa03be34-62d1-4564-bbed-b5326d93751e,Control
611c49a9-747d-444c-b8fe-01bee90017e4,Control
de9dfe4a-2963-4f3d-b783-aca57ec8e730,Control
9ffca9b1-ef32-4f3f-95f8-bfa19b3b5a58,Control
64a489ef-6f2d-4a26-b8ef-99fb3f7ab7c8,Control
b297e419-0970-47a6-8958-b30f52a41a81,Control
df116d00-6f7f-44a7-916f-39e0a6dd2e43,Control
0c3c56d9-f875-4518-b54f-ca808147755b,Control
74d052ae-b841-4c3c-93f7-08d84a471f80,Control
f3ff59bf-41ad-4608-a536-a716e170ea3f,Control
1bf56695-5988-4d23-ba59-199303ab9749,Control
430c2035-7de3-4794-bdb6-3ea3948e1289,Control
1ec20186-9f18-44e4-8ab0-43f7cc873455,Control
07bfd066-0dd3-43af-ba9d-b275ce9d2fac,Control
ffcff268-1f02-4c32-bd01-05776717d3fa,Control
49aa59bc-ddb6-4223-ac22-60611d3aa316,Control
ffba47a2-6a35-4751-9a67-d673a4b4faaf,Control
1dae42c8-e74e-4862-ab06-4a0b60d538e2,Control
30cb24f6-7978-4840-b2f0-28e8605961ad,Control
1cef725d-1a24-4119-875a-2746eeec20ce,Control
2e8d8582-3e91-41f9-a81e-43f828970fa4,Control
6f4ec0a2-3348-486e-9805-2508d4164b51,Control
c332a11a-736e-45ea-bfee-dcfdaf95df88,Control
7fbb2564-2bc6-4c19-afc4-7b1fbc5a27a0,Control
e64be576-0e6c-46c1-97fd-bfb9d6d3a17d,Control
63bc024e-9757-4b0d-ada8-8bf69ab5dade,Control
c6310e89-ba48-4e4e-8b5f-652a415d92d3,Control
7b21448b-4564-417d-b746-02f596a78029,Control
83d194a8-6f18-4423-bf85-fe559c498603,Control
0be7bc72-eff6-446d-b6ef-932c6c726405,Control
4479ed4e-855b-4f3c-b269-bf2a1234027e,Control
3f1558b5-e273-4284-91b3-e62ef3910a2e,Control
e4de81ec-160f-40f7-8742-f046b8278dda,Control
a2c260fa-3674-4e28-8375-b2fa7d0d1379,Control
6b13546c-a567-4c9f-983c-565017364f3a,Control
9c3c9c8f-a509-48a1-a2f3-6dfc920a59e1,Control
8626dba1-1f81-497a-8369-31ca850f348d,Control
5d92966e-da00-44fd-ae17-763f1948aa19,Control
83f5c488-62f0-4ed6-a130-63790954a478,Control
3d3bd1f3-c75a-46ba-a502-99427f7fe6aa,Control
3ef64243-5222-45db-b26b-25cead44faa6,Control
cf05c392-9797-4849-a9d7-d5f08ad2c741,Control
b8ca8e68-74d6-4113-8ba3-527fd423982a,Control
1bd678fd-3012-4d91-88f6-9f0faf00fc63,Control
081d4c26-63d3-40e6-87d2-38991e755a24,Control
1027fac8-5a33-4492-9d54-9b4b04b00029,Control
6a69fac0-70ef-4688-9a8f-1019b9cfc033,Control
2aa9b385-2d95-4d95-8a4a-19edcdf41332,Control
4ad88e3d-43ba-4a57-b81f-51dc6fbd5f84,Control
072aab1b-ce5c-4430-ab5f-d9205769c3f0,Control
26897b18-1063-4339-9b41-2f8bcb718837,Control
51ef29a1-1d35-400f-823b-040269ddb2d3,Control
9ce65809-9743-4280-8559-af90ca03001c,Control
f4d53317-b117-44d7-9284-e5268eb2799c,Control
0ebaa9f3-34cf-46a5-8a53-0722c3850010,Control
d2e4d27a-482a-424d-ac25-46ef32c8ff23,Control
2603b9b1-619e-4989-96e0-8e6ed004acdc,Control
656e07f1-9b79-4dd5-a86f-edc9ae56d4f8,Control
93d78d52-b9c0-4b8e-90fe-7f6edb87e38c,Control
93826ac4-1a77-4928-bc31-c81f01179fa1,Control
976a30ae-0660-4633-9661-6082109e445d,Control
82a82793-76a0-45c3-a64c-ac8914978ad7,Control
a4c0399f-3729-4787-9dfc-ebb9cc260acb,Control
8e8d1293-1ade-4332-9d0a-f8e5e5e3278e,Control
271a65c6-85a5-406e-87e3-6304dfb1eb9f,Control
e0a49954-e3ac-441c-9dcb-308cd6cc1412,Control
dd6e8a8b-e313-4c7a-901a-3217b82511f8,Control
e2dd16b9-99a6-4d70-8ffa-d8a097203d1f,Control
ae5be9b1-0fc4-4041-87b4-9f808ee9cf3a,Control
216873c0-b607-44ad-90d8-eb0ffffa5f65,Control
48332d68-1c35-46d3-bb18-4f459b40262c,Control
bf9bd5ef-16e4-45ef-9c9f-72d6cd232773,Control
c5f8f7ef-d888-41f2-be97-393b26bd67ac,Control
75fe1cc1-9dfc-43aa-966b-2ad2275905a4,Control
47bc7d06-c869-4cf9-8b97-29030ab9b3e1,Control
19650615-997e-44cb-8ed7-b353117ff79c,Control
22b23c70-604a-4416-ae9e-1965a377f36d,Control
a23f60dc-d957-486d-bcc4-ba7187b87f2c,Control
4f0fffd4-9d83-40e6-81bc-c63460602d0d,Control
f6c71772-04a9-4275-aafd-f47313a3918c,Control
8cbc680c-3c1c-431f-a619-8bd95e3e373c,Control
6e9596c1-04a8-4100-991d-d948215f9d9e,Control
6fac19f0-e778-47a4-8148-a04715040331,Control
727ff1bf-4298-472f-932f-6055e81cab38,Control
55b5d29a-9cb5-4bf1-bf4d-73a10351de84,Control
d44ff988-5358-4a73-8b12-892dfe76e862,Control
7abc9e9d-80b3-4dd4-8809-9ed503271b45,Control
89d5b85b-fce8-4c35-8675-3451c675caab,Control
03d34b20-58ef-48d6-bac6-0fdb7f93e4d7,Control
c5d654d5-cfe7-406a-a7b4-1311a5cf9416,Control
fec61e62-f38e-4d07-9db5-e2884252fdea,Control
1a9df77c-9cb9-46ba-bf0f-7624518724ed,Control
117ba6bd-3b16-4de5-9711-aae535a778db,Control
f7a0f907-9a8d-476d-871e-6c3d2bd35e11,Control
ae9c7145-90cb-4904-9239-3d197dcaca25,Control
44fa66d0-8b28-4485-9062-3bc8148b4fd2,Control
2a82cbf7-858b-4b34-8a1e-cdcc12e71d57,Control
87b5db7a-300a-4417-b140-583fa8afac5d,Control
821a322e-37b0-4036-8baa-144642ed9561,Control
7dd3ea24-8724-4e66-8056-3b86d6c074b2,Control
7532b646-9fd1-4629-9413-42aaa56a78f7,Control
631a9555-deec-42d8-bf85-9f1c2de4916a,Control
8fb6bcd2-b794-41bf-8725-8c9d5d14c3eb,Control
228991e7-c8c4-4710-a885-5f54177d7d2a,Control
349fbd52-793d-40fe-9782-7fad092804c1,Control
c7e2e403-dc64-457e-a4fc-5fff0576d288,Control
97ce93c6-6a7e-4a6d-8e3a-e8107d7515c5,Control
27c01751-71a4-49db-91c5-e3dabbcc6ff3,Control
5e5f63ac-2920-4b75-9f00-81aa1a20cf08,Control
47db1dbc-1449-449e-bde0-22f0b98f7df6,Control
69449397-4021-4484-8ad0-9b7eead47336,Control
4907f9e3-76cd-4c83-8c85-7a3a33507b33,Control
6a6fce90-8be6-4155-b4f8-7fc8e7852b0c,Control
fae8171f-b50f-48f8-ac57-7369d2dd0903,Control
1b180476-90d1-493d-9fac-10d09d1d6133,Control
cfa84d79-a4fb-41d7-82c5-de79d56d19b6,Control
f774a719-756b-464f-9f9a-aae7c4569188,Control
8fb30ff7-3e53-4801-ab11-03eb7560e947,Control
59e9dd6d-7535-4b0b-ad6a-53cf4ac09a9b,Control
090d1102-72cc-4a9f-b987-a744b75fc90b,Control
4d66db4a-daa6-47bd-a19f-6d51175934eb,Control
b291b5cb-627c-436a-98bd-90caa7f235eb,Control
ec463d95-41d3-467c-8040-237bec3e8c6c,Control
434f3e7f-62d1-4541-b300-e34b3611503e,Control
05a9e57e-23a2-4ee1-bfaf-f5ccecf3c26c,Control
ac8b9612-baf9-42f6-b920-e1e02306a851,Control
22073590-d47f-496d-8985-a7ff9c4c9b6b,Control
4d02c970-e185-4907-962a-20d1647f0aa5,Control
7b9c60a0-3ad4-4b30-a7a2-e1b48373fefc,Control
b99829f9-8678-4903-96c1-66be848673b9,Control
f234fa51-f9c0-4cd9-b6b7-0c3518bbc374,Control
2301eb3b-c673-43fd-abb7-02c346efee3d,Control
f40ad75b-ba8b-49df-9b69-01f52c835800,Control
895eab78-3a2d-4177-a66e-ddadeb930569,Control
141e0ef1-00c6-4aea-8118-141b568ae000,Control
cfbe1986-b471-4b62-b96f-4675e4b6bd3d,Control
81dad9ab-91bd-4c99-a201-b1f1827c97f8,Control
d2972754-e0e2-4f91-bc75-b635e4e06a3b,Control
09b1bc89-150a-408c-8cff-7c388c22f774,Control
a33340e9-fd2a-413e-abd1-7c3918f3969a,Control
1896b2de-004a-476e-9b06-7e0d021dd822,Control
badd10ba-f9b0-45a7-b356-3c2597268e85,Control
7b09a2fb-df14-4e27-a340-66626ff2c1f8,Control
0a8e6c0e-696e-4258-9fdf-4dcbe43914ed,Control
f531f45a-c020-4893-9299-f97c68f52eed,Control
da4a6740-04b5-4a9a-9a59-ade3a0d1a9e2,Control
ca7f4f61-c8b8-4e51-97b4-6e92fd69a68a,Control
ac172cb7-010e-40e0-91d9-b1fa599adf38,Control
55c457e2-f807-47aa-8a5f-7bc6869ffad5,Control
abd16803-5e8a-4bd3-8a9c-1c048dd4968b,Control
5b895d96-4927-471a-aa31-56b3876a9095,Control
df5172a8-0c03-4893-a493-1495f58ab50d,Control
67676736-1035-4d41-9619-b48059e21f70,Control
5c3ad5b4-c988-4247-80bd-e09dca130d21,Control
56d06b81-54f1-4119-b7c3-71f2897d444a,Control
1c1b57a7-b451-4643-8f10-2f780bebecd2,Control
3dc50e75-6e7d-452b-91e3-de848db9f7a0,Control
961a4799-2a67-4ef4-915e-08581740f99a,Control
455f98c3-f116-4101-90fc-b4a09765c203,Control
0d02014a-6db8-4a16-9982-6d27af76ec12,Control
ef82bf47-b997-4a43-9e31-e440289dca8e,Control
568d0531-e5be-40af-9a52-4e4ea96b867e,Control
70178035-2346-469d-89d2-f3554af82382,Control
3fcca85b-c8fc-4620-889f-aa7f9d20dd5b,Control
9858d000-e429-4a18-8a9d-8078da6c04f4,Control
373a9072-2562-4524-8972-73474b690633,Control
d665e826-770b-4e07-bc45-e23bbbc0b285,Control
0aba74b9-2359-4145-b88e-93162a8563e5,Control
a2e37f2c-5bae-4041-9f21-117850f5b325,Control
5f98e1ef-9c91-46fc-8904-78c743971cd0,Control
d4eca7bd-2478-451a-8c91-fc941f9cf4cc,Control
adba4508-7ff0-407e-8ce5-c4b0e9646db8,Control
9cd7c031-352c-4c4f-b61c-8627df238084,Control
72a184b0-d3b7-4986-9a54-a8c2ccb17c58,Control
84f010d0-d542-45a3-9dcf-054fde69901b,Control
98c46418-0b67-4e4b-98a7-b37003d9e8dc,Control
f3c5bfaf-5e4b-4738-98ff-67070b1161a6,Control
097c8d58-87a5-4993-8451-c907909524c5,Control
4c0a8cb0-4a65-400d-aaf6-cbef294e5e66,Control
309f6d1c-7002-4837-912a-caabb0a70ff6,Control
3f7d76ec-4bb7-4046-8f31-e433f56b9658,Control
7a4ae947-ce7b-4af3-8c5b-1fe49c85bcca,Control
720e8164-e654-4e51-bcc8-42503396b634,Control
76422c3c-b256-4a11-9c0c-92269ccea62f,Control
4a93595e-3bd7-4f30-bdc9-4510dcbde4cb,Control
c984b268-a806-4f7f-a0d5-07962a750c54,Control
166f4619-4cd2-4f7c-840f-c92c2bd8efcf,Control
2a5bdb1a-fcd6-468a-a8f1-3ae5e2475a08,Control
7aeb0c2d-e5a0-428f-a760-a7674467150a,Control
e3c4d298-b7cd-4cfb-9c58-e6fac96808b7,Control
1426c2be-7d7d-48e8-8af8-7ffbbc7647b1,Control
16f8ecdf-53d3-4227-87da-24493188a91b,Control
2b0d2d75-3d36-43ab-84bc-124655ac4666,Control
5d248835-11b3-4685-bb55-defcaa52068e,Control
e44735dd-3d2d-43cb-9250-04ea170f920f,Control
41afea49-5bfe-4172-854c-57c332c4c893,Control
5e5f40c0-2ab3-4c9e-84a7-f4a1b64a5889,Control
de7d7ee3-1541-4948-bc3a-38bdde9855bb,Control
4c483304-3d0e-4fb2-b3aa-33f459103978,Control
1eea11b0-11c5-4bed-9b5b-958d42a40667,Control
5f63fdca-7bac-4d07-865e-1f9675368d88,Control
055ffb7d-a963-475d-ba89-c4b7e2e85e89,Control
6812d13c-446d-4d22-8935-4adb5587af1f,Control
44001983-d043-4fbe-b2b4-5ccbe59a5094,Control
c59d0db3-41d4-4931-bd03-b2eb19e355bb,Control
c15880cd-6bb7-4100-bf3f-eb2b5acb8cfe,Control
2d6cc468-d8a2-4f59-8dde-3f2c732867f5,Control
09a79041-cd87-45a1-a665-b242f61de6f1,Control
6a3cf0c4-e140-4a52-bfd5-7731667995ef,Control
e13d6c79-69ba-4116-af0b-09be96d27438,Control
242b5c42-4912-4633-b6d8-70540da30812,Control
aae22917-87d8-4e2e-9ead-6ae7378f543d,Control
97296846-86f3-47d5-a422-3126fba1861f,Control
0b279a4f-c180-49ac-8736-2a00501cfa1f,Control
23c87c70-e053-44ff-a269-034367d16efd,Control
62eb9c45-15dc-41d1-bf49-8afa937785db,Control
eaed06dc-9c74-407e-817b-14e07ae2b76f,Control
d58719d4-8928-40ff-8558-b3288975d5bd,Control
185a8a33-1b5f-4d77-89e9-33e021c38ce1,Control
a90078c5-0163-45af-aba7-261f186bf598,Control
bafebe07-41da-42f5-9f39-642a84869f10,Control
68fb03aa-df70-4149-bcb2-16e8b607eb25,Control
1ae7bff1-94d4-4a8a-b79a-af7f6d09b6b2,Control
b22277e5-df78-48d8-86ea-50639d4bf36d,Control
252896f5-6fda-4688-a373-0353b0992596,Control
f50b243a-4b93-403b-b09f-47ef9be6d316,Control
f8e335af-aec7-4efc-9bc3-9ccbc5c5cdb3,Control
becc9f45-6690-4b40-a728-188d8ce99084,Control
0c15231d-015d-4a64-992a-0fd57bcf7c61,Control
eb13f9f4-66cc-475f-9afb-623ee89d00fc,Control
ca3e385f-a95c-4176-9a66-196b2262fd52,Control
241d9b69-97a4-460a-bb43-7d8bddca958e,Control
ebbb85d9-cb0d-404b-b253-14a230479bbf,Control
9afc3f8b-0ef4-4483-8321-48a079adfc85,Control
c254fadf-d01d-4e3a-83ed-6adfe7af9aa7,Control
4ec26ad8-0a84-45d3-b701-6d96b8c547cb,Control
fba0007f-fb26-4434-b4bf-105b40755cb1,Control
92f7aae0-00a0-4f84-a9ca-62fb35b30d2c,Control
ce68615a-1831-4f1c-88b7-14593d4afad2,Control
0d83d628-ae24-463f-8caf-3adbc555bbf2,Control
9de3d22e-7df7-4152-8c3e-43c5a096f6d8,Control
a01cf6cc-3908-4920-9d42-cba16fb6b524,Control
2842928a-949e-4cbe-9778-c3f5437d6c99,Control
3554e28d-8bc1-4d8a-87df-8137dbf51a83,Control
e6669d97-c464-49b5-b3e8-e8e1214acd12,Control
e1a734f8-5a60-4efd-aed1-fb2de3d6e466,Control
c30694b8-4bb8-4eb0-8482-072811f0e52a,Control
dd4b447c-1255-4de3-9e70-6295a9b7ed1c,Control
3ce5e173-50c2-4440-b925-810820d5d1ee,Control
8862f9ec-2f1b-4210-8082-7b7b5bd8c2d9,Control
ea1febe6-13fc-4e8c-b3c4-47660c9e05e5,Control
97f16c42-e978-438e-a066-e835e688c37a,Control
caf67de2-9b34-4e27-8d1e-71f6034cb10e,Control
15e5744a-2305-4f0a-8be6-c1d03e7d22da,Control
a2fbcf18-f031-4262-816e-7df34b7a4b31,Control
6fda5cac-7d12-4350-a6cf-95798402ce74,Control
0be38446-277b-4739-ab9c-22a2e288b99a,Control
a30641ef-5547-4f60-895f-763dd71ffbcf,Control
5bca01e5-1526-4f95-b76f-58b33c2627dc,Control
6f341ee9-644b-4e96-9be8-b54a87c203d2,Control
88971d08-c81d-4aea-9c4f-f0bdfbbcb7cc,Control
555edacd-5909-4af9-a92e-2f13a1c4ec28,Control
07ce0dd6-7c8a-4668-892a-dab3e404e97b,Control
fefbdd5f-3174-49a4-92b6-6db8a612b35c,Control
b938ae58-6a8e-4402-af7b-0b3e6358b2b7,Control
f33108f3-bcb7-46bd-a81b-454b21c3cf8e,Control
7b50d570-a76d-4945-80ac-418ed09b55e7,Control
950510eb-b3b3-4b26-abc4-815835259a8e,Control
2a60cd7c-658f-447c-9cad-b95dc0026c53,Control
7abdaf39-8d05-4a74-b27e-6826b6e7fcf2,Control
f044cb83-3c8f-493f-a944-99f05f8cf04a,Control
bf945b6c-0582-43b9-8225-1bff6bd2acc5,Control
99613adb-834b-42cd-8f38-78f867865acf,Control
568182aa-4393-4c5f-846b-be5307bee464,Control
0f695be6-0552-4dd2-98ca-66da441e95e9,Control
635a8327-7b38-4adb-b4f2-3d45dd531d70,Control
7294359c-79af-48f3-99dc-b4a9b9faebac,Control
45b2fae6-05cd-4ae0-829d-d2e48bc145ea,Control
43f074ad-f444-47ef-a1d4-7ab9c4a90269,Control
bcf56129-5eac-488e-ab18-485f0e5bfafe,Control
85049a16-75b1-4322-b3ec-b3e086f55826,Control
46bb53e8-b48e-412a-a2d0-1ffa07fb053e,Control
e3db8da2-93f5-4cd8-b265-3d17854767a7,Control
286c26a7-ea32-4188-bdee-9ff298c36b08,Control
47ba2144-a120-4dfd-949b-0a9ec7bddc18,Control
c242ca91-265c-462f-9bfc-0a0f4d2ae600,Control
74808f04-7a17-406d-ba65-cf914ba08769,Control
e916a6a7-0786-4d30-9cbf-1401058dee3f,Control
877b1f34-8da3-4854-a3e0-6626ee657e36,Control
b413c1b6-4993-4f84-b84d-0ebc91d3ef73,Control
ff2b9a78-265f-425b-a704-b52612356c68,Control
8e2a0909-20b9-4722-9cf8-2956a648162e,Control
462eebbc-9a0a-474d-bb11-96b07b12adf5,Control
053e16df-c31b-489d-8f15-bf87ab46357e,Control
e2a5a242-800b-4f0b-80f6-f57ef821ac1e,Control
4ae6410c-3af0-45b7-b077-7cf40b00548f,Control
07b80683-66c4-4a05-88ae-38b5f772c7ba,Control
4d6e85c5-c7e2-49a7-8d86-33926ac9250b,Control
eeba58cc-33af-4467-b54c-1153b6dc1691,Control
9e6cb3df-c53e-414c-8900-c2fc53781603,Control
10dea772-4640-4195-bbbe-15c7bcd3ab5a,Control
c002936f-64d9-44d1-a1ed-76ef1b331274,Control
1fbd4107-8a5f-4e30-8a8c-415673b532e5,Control
7bcfbec9-51a5-40e4-a84f-e6e992a06da5,Control
99f667eb-4f65-48d5-99e8-7ec8c5349a8e,Control
fdfbfe3b-18c1-445d-b48c-9a967fe2ec2e,Control
6ec712e1-16e7-4c13-9567-761dfb3b93d3,Control
192249ea-fbf0-468f-a630-841c8edb0763,Control
91492166-6146-4b5c-8fc3-df08d70841d1,Control
f2df4691-68df-4116-a8ca-242c60d5ab71,Control
ee7d5eee-de64-476b-a078-7174e403bafe,Control
837d8047-f261-4c27-adfa-1d9b09839c94,Control
12c106f4-10f5-4ea5-a406-21ac89cf30d0,Control
5c99499d-3b61-479f-b15c-3d64dff01d6c,Control
872ae54f-2d72-4b8a-bb15-f77bc7ea4f61,Control
48de5596-6a01-4c7f-a60b-c1fcb29930b1,Control
79e49917-a962-408a-839b-ec7ac600cc95,Control
5b4a5801-c796-430f-9999-57abe5f829c1,Control
4e8e2a6c-dcee-4ef0-bca3-e19f30a68683,Control
8909ac22-d6ef-4481-8f68-15fc10bb0efd,Control
175e1d53-5bf6-4e2e-a1a6-45d2d75a0eaa,Control
e1720f1a-8457-4656-9f11-0b5ab12412a1,Control
5a5266f1-ba2f-438c-ae85-f32cc56f65e5,Control
171d6666-6638-4f74-8f5c-9038df5aedfd,Control
992068a2-ba11-4cbf-9b71-096ad1b7bc41,Control
d8bb6240-e950-4977-b709-4ebc8e4cdb90,Control
4d593aa7-7ea1-4644-b2c5-08dc281d0818,Control
6256cc79-8c9e-4942-aec3-384381c527a1,Control
e2e8111f-b7e3-4c29-8f1d-f18565569638,Control
381d0065-6092-4b84-afaa-4c96ee31c6a0,Control
0e50ce03-067b-466c-b565-764ceb055ba0,Control
9a5bebeb-7511-4599-8483-8840d6b67852,Control
124a13fa-ccf7-432c-b731-51e7c17273fd,Control
9081e42d-1f7a-4502-9de3-268e1393714c,Control
66adb658-4b23-401e-a7f1-c665907583f5,Control
62972426-5d53-4ab3-8cea-6bd8f842acd9,Control
1eaf0fce-39b9-46d6-9475-a9be3d190138,Control
381b7bb3-5063-4bac-8a18-a954a8e525d6,Control
0134b669-ddcf-4d87-9a73-811b2ad0c3e2,Control
994b9cbe-4dd0-4f9d-a963-c8ea29538e80,Control
0eb3db0d-022d-4a2e-afe1-a3acb45f2bfb,Control
6b706c2b-de0b-449f-915d-e5f26767e98c,Control
9c2f5fec-55fe-4c10-8b33-1f78e69299c6,Control
50ec7e72-4b07-470c-8cce-eb73b528f695,Control
1b4ebeb1-473c-426b-b154-7c5c20153f12,Control
5bace170-ac42-4299-a369-683f5152f7bb,Control
1cd0907a-8728-4c88-ad17-01765a4ee1b3,Control
bf73a857-7230-49a3-a74a-db88bb1fe921,Control
bbe05a25-2aa2-4fc4-bb93-49ff4327a4a5,Control
d84e4574-c038-495a-bffd-e3ed82e9b97d,Control
a5d44b83-9945-42f9-a407-ada3736c1ed5,Control
4757823c-c1f3-4c9c-97a5-bf2bddfa89e8,Control
777c2141-619f-4475-83fc-551e49d5aea0,Control
5df8fed1-20c2-4206-ad31-cc6ae811c67e,Control
f431f2a3-caa2-45ad-bce5-69f67d41fec1,Control
b2b437ae-49d0-4e00-8ddb-93e771863ea7,Control
2b997036-3d5c-4b51-b406-d23d7748fe64,Control
86be458e-2445-4c1b-8517-84a7270ff701,Control
adb27a34-0df7-4610-a48e-34bda464bd1f,Control
e36983ae-8d72-40cb-81c8-88fe71e35168,Control
c259b696-dc94-4131-b071-1f3f123fed20,Control
d101f981-acbb-4907-ae6c-b389b81c5054,Control
e78c213b-0625-419a-b4e6-e2935783aa99,Control
3fb9865a-ca13-4ea0-8bb4-8dfda50c75dd,Control
deadccf1-9e45-4c7d-aa53-b9b1b4d982a6,Control
a4a95f50-21ec-4caa-81ea-7226f6282e19,Control
fdb25e5b-4bd8-470c-91f9-079e9ce3bfc6,Control
c9b09fe6-9378-4689-8aa2-6ccbc6bc7de0,Control
3168ef5d-23ed-43fa-b3c3-93e86c0417a6,Control
a583ed5c-af31-4ed7-8dd2-86057b808dad,Control
9204084a-ab10-4464-9554-4a819f9e89e7,Control
3b2fc8d4-c1cd-4b2f-8133-7dec93cf3f46,Control
d429cb8d-9c22-4fab-ad0d-889ae18403aa,Control
98399c2c-c00e-4e9a-885b-09a608c47f93,Control
99035e36-1fcb-4251-8961-0f6d80fc690c,Control
90e9b77b-dacd-4291-9a89-9ec7bb866e82,Control
314c3d18-61be-4fdd-8d8f-27097e5c23ce,Control
e9ef88d4-9b79-46ff-a52e-3a53586b6e53,Control
5b76d8e8-206e-47ff-9aea-2f02ae05bafe,Control
012219a7-a579-4858-9d4f-8eec87c4adff,Control
89b8f9a5-63d4-4606-b1b1-3ae98425462c,Control
b4f8ac30-b976-4003-86ab-1a0f34dafee1,Control
9b14a05f-3bc7-46de-ab19-83da879c246c,Control
52de89ff-3274-45c7-bf3b-523d5efde1b3,Control
f9d71d62-f330-4072-9ce0-d8164a04c3f9,Control
b6b85662-e2ac-47d4-a78c-7ee257a951ff,Control
fc12f712-77e9-4bf1-ac2b-cc56cd71f661,Control
3703e9c0-9f73-424b-9c38-a370fd3560b1,Control
179551bd-507c-48df-98dc-8787513460ea,Control
3abc9617-8472-4992-833e-6fedaa9139b5,Control
de34d8b5-5b32-410b-a3dc-0679a28e8066,Control
f58577ae-5d93-460d-a99b-8a90c87e730d,Control
c42cbb91-3c19-4e19-8e8e-0413953c9c6f,Control
5055041d-ef36-41d3-99bd-49592c3e54e1,Control
54d825e7-c50d-4fbf-a2d8-fc504315e87e,Control
8469bb5b-d559-4875-99ff-f7ee84748296,Control
345c5a89-1b2c-4eca-ae23-17d46080d833,Control
7462f69f-9a0c-4d8e-a4e5-62879a0e017a,Control
b6619494-94de-4358-8d5f-79d32cc6da4c,Control
69570ff5-bec9-432b-9701-1d38b85081f5,Control
4cc60cca-16ee-4257-a8fa-56f32a76df95,Control
82f13f65-9aa7-48c3-9b1c-90853fc4e07a,Control
a0cd0c9a-7097-4806-b917-308df202f02b,Control
29d05c48-9041-48c9-9a27-a8f9dfe26b84,Control
77081197-9b06-45a8-8f68-8429fa3bce72,Control
3e545d54-ff37-4d04-94b1-bae804fa881f,Control
60d4b3f1-e9b0-4908-b8f4-56a5a00cf26c,Control
cc692224-ac92-49d5-89d9-52a252f4dece,Control
a39c711c-7cea-4066-9055-6212cfa31edb,Control
032b1db5-fcd5-47a9-a927-61851af07530,Control
bfa8753d-28ca-4417-99b7-edecdc3f4ea5,Control
37ab6681-3f4a-4522-bfce-057331a4b57f,Control
474c9bec-4b68-4cd9-a123-ae2fbbbbdbec,Control
47b99640-d27a-43e7-ba3b-316c576b8f95,Control
ed60b77d-0e10-404e-83d5-3be5f614b544,Control
33057d66-d8e9-4132-90c6-e17f664efafe,Control
a36c78c4-287e-4ff2-a7fb-c625fec9d080,Control
599b6e28-7c04-40b5-93e0-f9a8e41ab674,Control
50f92826-af72-44b7-afdf-608c64df8e20,Control
f5e9ab9f-91a5-43dc-8f4c-290d651ab2be,Control
1963f955-f0d5-4c5b-b51b-f8dc0a831a1e,Control
e348fb74-26d2-441d-aaa0-3c4079ab825d,Control
65556196-c467-4319-93e1-74008a76400c,Control
df90ff7f-836d-4942-af70-ed8ac91125fb,Control
e868efa0-a42b-45a4-84ef-3741366326f6,Control
244c46ca-02f4-4a7b-bd56-95b543f19246,Control
e093d984-20a9-4a55-be79-8b188eea3f8d,Control
a175dbb1-db29-4da2-8b6a-9213da527ef3,Control
1f218e35-8adb-4f51-9425-24652be2b5b0,Control
e3197a92-83c8-4510-b6df-2db647d3391c,Control
712b05fb-15f4-4722-baf4-55564c001f1d,Control
06458eaa-de65-4368-b304-32d668aed316,Control
656cdd8f-ef37-4f58-8e4e-5b15989d1e22,Control
1de15bea-c4b3-4ade-a240-32e9c67ad768,Control
979e5a21-8fa1-433f-804e-3b0a3e79f954,Control
1d7dadb5-57ef-4cdf-ac3f-ae3303409dc0,Control
c54d8298-3a6b-47cf-a0a8-58a39b21d01f,Control
76908bf1-8281-448c-adf3-c1c8fb8ed73f,Control
35a2e102-9e1a-45ad-a34b-cc61d8e71f2b,Control
7b327425-6c61-454c-9172-ab154b2803e2,Control
225d411f-80a5-4f56-9553-73734f41a031,Control
321a870d-6e7f-4169-b4b0-dca86e2981e3,Control
7cbdb8b5-0239-4945-bd79-078cc684a892,Control
14c8bd47-b3c3-49b9-b9f2-d335f97fb458,Control
3cd2bf0c-9724-4c2b-87c7-a2e4b781cd57,Control
caf04e7c-cf0d-415f-bb8b-06ccd0a61237,Control
1847aae4-0652-47f3-8355-98cfac552eb8,Control
bc95a92d-5fcc-4af4-8f51-7a3f8abf8838,Control
2eb950ef-e6d5-40b4-999d-7b9f78ee8187,Control
1b1d26d7-4fb0-4d9f-a741-07a37d3531a1,Control
2ed78e23-1b0d-45a0-b921-fd1adfe0d5be,Control
1b5a46aa-8ea9-44cd-9d19-aaf637c2014b,Control
881ce9fa-85f6-4611-9949-a88532131ac9,Control
e62d8dc4-20ee-4f47-89f1-820716af728c,Control
f3e82bae-78b3-413e-8481-0712b8c69685,Control
bb5558ff-1762-4072-8ac7-782a9a7b4322,Control
e8e5fed9-7313-4e9a-9444-91f9a4deb244,Control
a62eebb7-4f0b-4ded-9694-b11fb3b786fc,Control
33706c65-28ec-4c27-ab2b-2a463fb7d9a5,Control
d65a0f80-acef-4d45-94f1-4e865eaed131,Control
5d5babea-eb76-4c4a-86ff-ea1280363947,Control
74917699-9244-4749-bf52-aa18ccda02ea,Control
a755c8e5-935e-47ef-9a56-4f17130597fc,Control
3bf6700c-7f19-4454-9409-61a3665a8bf3,Control
8596dfb2-c043-41fb-ba09-fa5f4612eac0,Control
a4f73a98-4be6-42f9-a2c6-a480a7b588ea,Control
81078a87-d4d2-44b5-bf54-23e286746a34,Control
b3c393c6-96d9-4e48-849e-a1c3edf8ebca,Control
e8ea55f9-7226-4eb3-9830-8dcd3ea214ac,Control
d9cc1cbe-cdc2-4f73-a8b5-76210107835c,Control
e02c1a91-c35a-4bde-9ea1-964898e7220e,Control
c1539e5f-7f9c-4373-8088-1e83934f232a,Control
8972b74e-8c6c-4f5f-8079-8aba737b3e6e,Control
9d4ab68e-aa80-4d65-a38c-184f58c68e8e,Control
67b56078-58c7-4988-9978-1dda5cd8eda8,Control
882020fe-06de-4932-8bbb-53023e5558be,Control
a0ad11c4-d6e2-4723-9eda-054b4a2f7aa1,Control
f669c90e-0896-42a5-aca0-959ecd2540eb,Control
5518779e-8ee6-4af7-85f2-678e97d1a701,Control
f00003b9-7b88-407a-ae74-b0667dc5c4e5,Control
8e1ee8dc-1511-49c2-affc-cb9c2e51205f,Control
1e6e3569-7103-4b6c-bf43-f329750d80c3,Control
a61d2bf7-6af0-446c-9aa0-95d684199be6,Control
9edd9eaa-548a-4876-9d20-b446dd80c520,Control
d956c799-fc1b-4ee9-8b69-b74d7ec52757,Control
e583fc46-af0c-4e74-a5e9-aa742807d081,Control
032d090f-60f9-4c2f-a385-7192dd6baf8e,Control
f22ef1a8-ef88-4f07-acd8-8c709aebc7b5,Control
879f5604-99dd-4d95-ba60-00366ca0cd3e,Control
eb970d22-0d85-4af0-8fb0-3e93c9f621e2,Control
c54afbc0-354d-44b7-9c45-269cdd5ae450,Control
c548d28d-8091-4364-ae7c-44d7fdcde8fe,Control
33c94b7b-84b2-47e5-84f5-72f2367ed355,Control
3291a1b4-bd52-429c-9abc-5e829edd33e3,Control
a2783270-e8a1-4c09-852d-f31785130ea6,Control
95bca1b5-8154-4676-ba50-47e764181940,Control
2d104d31-7951-48bd-9259-12eeb10edeb0,Control
e0b8a45a-931c-400e-8acc-7414e222b07b,Control
266d27b7-7e18-4bb1-b906-c7b558ac3e21,Control
5b0ac23c-9a24-46e9-8cf6-4a83b8001ff2,Control
f462ea15-7535-4b9e-9cac-e82fb4e1cb87,Control
8803f223-75c0-42db-bc2f-37daa5c0288f,Control
431e805f-d2e8-4487-a0c4-e93047cd696d,Control
32ab4ffa-963c-49d3-93e8-e99c2c09ad11,Control
738ad7d9-8962-4eab-9bb5-71fe82fdf90d,Control
8ff6bd0c-cc51-44e5-b1ed-e34320a3e897,Control
057304b3-bc07-498e-8e1f-b660b30d4549,Control
f58ea127-0fcb-4aed-9dc4-1ffa14928cb7,Control
24209a2b-d146-4fc4-8814-37a283f95faa,Control
c4107020-5152-487b-83de-c159bbb4157b,Control
faf8ac64-3079-49d3-9ffc-f842ab5f5021,Control
f97fee51-a7bf-4ee6-a5c4-01eae50c9fcf,Control
83434bd8-75ab-4c9d-9f00-8a3838e4674d,Control
91b95b89-6c2a-4c17-9d57-a4d035fec6c0,Control
ae2d5de3-b7cf-443e-8770-fcbcacffe6c3,Control
af7118dc-9f67-4a39-a021-6fdcfdda58a9,Control
fdf0351e-027a-4fbd-95a3-85664490e6ec,Control
8c188c25-78a3-4485-bdce-fbcffc868749,Control
01d190e3-0ccf-4182-8e25-e91b753290d1,Control
26891ba6-02b5-4c89-bcef-bb54583edfce,Control
4bc9acd9-5898-4fc4-8d11-7723e7d90c63,Control
67af82ed-04ae-4985-8cce-a3804a536f6e,Control
e49a866a-8048-4abf-bde2-3e148efd3ea1,Control
d95b2d23-ea4a-4430-990e-00173ce55bf2,Control
fa455f1a-c3b2-425d-ae68-2936240781ac,Control
e60b71f2-fc33-4866-8871-64b6ca5a709d,Control
ecd102d6-4198-484d-8116-7d06aa947e21,Control
7b5e7990-4694-4601-b2f7-005b91602167,Control
dbe2e6c5-b474-4be5-bdac-d1e7304543eb,Control
070afc5c-e906-4b53-aee2-c6a0b10100f0,Control
b0896167-5671-4ed2-9a2d-a4a08bcbf5da,Control
9b9f3d11-b609-424b-b045-4de99eaf9f6d,Control
f7087967-deb6-4ae4-bd8e-f919dc15dc44,Control
05ce247c-d985-47bd-9266-5d8713e281d5,Control
8370ccc3-0469-4ea3-897b-2d69126a9454,Control
bda3cb13-c85e-466e-9858-b0657732ce73,Control
2602f583-5d08-40e7-b195-f17293d5ae31,Control
added119-800c-4013-8b98-4a6d3920d06f,Control
d933ac06-26a2-4a1c-8c86-5d15bc61bdf3,Control
c46f28e2-e275-4430-b7a9-2d04fa9944a0,Control
57f7c371-0d30-4718-9a2e-22da42bef499,Control
6220bdac-7925-4e5a-ab44-9b8ec0110d38,Control
f5de7aad-c6e5-4cb4-9a74-b9719fd39fcf,Control
191c6819-5781-436f-a14e-a0e20019965b,Control
74cc9ac7-5fe5-4fca-a676-e84606d49484,Control
49cd9995-4d13-4e8e-84f5-f036860a3072,Control
db0a63a8-b32d-4ccb-a3f2-34a4e73652bb,Control
4065e084-d1c4-4838-8424-e7773b0aed9e,Control
94926bbe-5a7b-433c-9cc9-a3d73f88d44f,Control
dd2bed30-860f-4a87-a95b-756841616298,Control
3f2f8d6f-017d-4cb8-a370-fc2d7ed7eb61,Control
69dc7d35-916d-4c39-9973-f3c3b6bac545,Control
cf0b3740-7f2a-4b7c-b2fd-342c203d8db3,Control
4b75ab33-4ac3-440d-af95-ec5db12763c8,Control
58ab1594-d513-435c-b6d1-cfb096c945ae,Control
fdfb49b2-7f95-4251-a744-e8f83addeee2,Control
2d492b43-8ce6-476f-81a1-f526d13b8bc3,Control
339350dc-9389-4581-a792-b096b6a68d94,Control
e8638ecb-3231-4e58-9f56-2b60d10597e6,Control
45944706-0806-46c9-bf41-19c63636a458,Control
b7c7df5d-df4a-4e94-a005-92d03f9a188c,Control
ea69c84d-1ca3-4c92-84a9-a9875c1c1208,Control
4741c3d6-0954-43b0-bb86-8242e7197fa8,Control
31285db7-6a88-43d2-aa5a-2bd6e81ce5cf,Control
f3c0fd7d-6604-4200-8be5-908d7bf10344,Control
bcf7b298-012c-4ed5-b6de-8c055d38c79d,Control
5fc2dac0-d198-4682-9cd9-406891b4144f,Control
18f382a4-38be-47eb-bff0-51f25d5f1d85,Control
5ca31cb3-309c-4edf-8081-fc577b6f477a,Control
622d4878-3549-48c9-bc6b-99ae57ee73fa,Control
d6cd3061-8709-4ef6-a77b-19585c15ffda,Control
d5162aa1-5bbd-4b7d-ac39-83809e7e07ee,Control
bbcd51dd-faa1-44c8-a0e4-e79267474b1e,Control
0880f631-9f24-486b-adb7-bd089b36c7fc,Control
8bee29e8-09ca-45f0-922d-54a3d7718e20,Control
a3482420-de9f-4a4f-8a9a-ebd0f301f8ec,Control
af5f3328-c940-44fb-a5b8-c4cfd1c303a0,Control
edba6ce8-eff6-40a9-b978-25a19dfec6d9,Control
7ffc066d-9a2f-420a-b7b6-de984a03f87c,Control
a7340836-1749-4d58-8c85-e04ee020c956,Control
d24ed3b9-59ab-4273-804c-0590bdc2f6ab,Control
088aab50-1f47-4948-b932-e5cd20689db2,Control
db6caec1-6762-4c9d-8044-95aa9ae728e7,Control
009d8a65-5276-4ecd-bad2-9ff4068c3242,Control
37e65780-3f64-48ce-8ade-84965da90635,Control
e2075962-d3d8-4240-8873-9c57c06f1941,Control
6a0b65fe-467c-488f-a45d-b7a4ad0945b1,Control
621d4b7c-b998-499c-b30b-677fd77d01fa,Control
bdd3bf1f-b54f-48c3-abd9-f1f975869386,Control
13172476-8e5d-441c-8bf2-93363d42a6a5,Control
8da9dd47-cb46-4d26-9343-bd56cb061fcd,Control
f0c026ad-e1b9-4510-805d-c694f078cbbe,Control
1ff955a1-89ac-4825-85d9-196c22abedc6,Control
1388fab3-9e5c-4449-92c7-b83a3a8b3fcf,Control
854222bf-b07d-42cd-97b5-90bd2338366e,Control
f6bad395-5c55-4cb8-befe-5a4c4f64dc78,Control
4eaf52d4-c3e4-4528-9d37-a375fac843f7,Control
bbfbf963-dca0-453b-adbd-848e6900edb9,Control
b2c7c68c-951e-4464-93cf-58f62cc76dde,Control
7fbdbaf5-d21c-4d7d-b082-aebd07070a4e,Control
cabb5b62-b929-4bfc-97e6-b61aadb67ed2,Control
6abbe06a-4db8-41ee-a730-31d91fdc3939,Control
bb860f0b-8996-48a2-98a5-6df425e522b5,Control
d92cab93-8f0a-4335-bff8-7f2e2c0d6c8d,Control
af80b899-9bec-4cdf-a8ae-a0dfad85fe7f,Control
b3305b33-c417-490c-858c-654f56b1dcc5,Control
88b74c66-4d87-48af-9f6a-990a6906fcaf,Control
f6ae7f9d-2599-4b9d-b4be-c878e28479b9,Control
93576ac4-4a43-49de-9fba-f765abf081cc,Control
a6d977d0-4096-4b8e-9a60-57e53f505c1b,Control
8a9b7000-f326-49e1-82a9-73386c339ba7,Control
a9c7014e-d027-4bb2-8723-90d2db8cf602,Control
ae9df49f-bc0b-4546-9cd0-dd2f7bd86a40,Control
39e81ce5-4fcb-45d3-ac59-d56a4a91acbd,Control
63fd0bb6-888d-4ccf-a173-7ad14e012ad6,Control
2b879d51-0831-4351-aab3-90637b286035,Control
73100f86-9bab-4d50-b705-a1861964f8f8,Control
241f41d4-7955-4162-8ab0-a6fca93f4e62,Control
1ba6bd44-4164-463b-b7de-a62c3c547e18,Control
655dae79-199e-4cb7-8031-aa6349bebd61,Control
acf5d2d7-c464-4a53-adac-2cea13299256,Control
aecaa55c-cf79-4ee6-86ca-1eeb8bfc95dd,Control
fc296e18-a169-477f-a195-7657dda135fc,Control
675a30eb-6367-42bb-a59a-cd39ffa905cd,Control
838a924b-2ddf-4d7a-9add-ac02c427361a,Control
d279c71e-25b2-4aed-bf13-03887adf8e3b,Control
2da81e13-1cb7-448e-bac7-2ebafe299f4f,Control
0dbda52b-a95f-480a-a137-e868c54a6319,Control
89f5f691-81b1-48f8-9f93-7d19f541e4f7,Control
9255df92-b95b-43b3-89ae-f40e20bc869f,Control
f97e9f4e-6f42-454c-bd22-63e41836fd58,Control
f2cf71cf-8fe8-4030-9f6b-f1a2799e863c,Control
6446f8c8-ec74-4714-896a-65099329454e,Control
53e51538-1477-4046-8d39-cd951952a6dd,Control
1bd58ce4-1ddf-46db-ba7e-56fcb944cfcb,Control
fc49f4a6-1b71-4c0d-be3d-6d351bf6117d,Control
e4d7ffba-74b7-4da2-90bc-95213b16fcc2,Control
57aeec1f-3119-43ca-9df9-c92694de5de1,Control
f96fea9d-2b78-4b46-816b-c6b23fbb3b86,Control
4c777dd8-bb93-45c0-9e86-9f6465e34a21,Control
9263e07c-f0ca-44d1-9531-439b3615537a,Control
48ce1bcc-81b4-4d28-a5a3-27c270ef39de,Control
284d54e8-574e-4fbb-85ba-a626e1e656fb,Control
6ddebe3d-58aa-44f6-b859-decb87afedff,Control
a52e6da1-9be0-41b9-b579-80cc7aa9fc2f,Control
ac90732e-03fc-418d-85e8-014cc85dcab0,Control
9c2633bc-fd28-49b1-9839-23bc80d10d64,Control
270439e1-c7a3-46fc-ac78-3fed1c0f96c0,Control
95fe4b11-1cdc-45cf-ad53-8bd51df47f02,Control
77f37579-4851-4c6c-a5a7-2c6ec659ea7e,Control
1274804c-3679-4e52-be27-0c2aca8a7e98,Control
1a12f84e-2c8f-4126-8cb3-4833a37c0b9c,Control
37b0f46b-c891-4896-ac57-9586080dee8e,Control
edf9901d-83c9-49d5-9ec8-28690cce2a24,Control
5edcc4f2-b6fe-41b2-a84d-7f8cb2b7e927,Control
7c7e379e-e82d-4c16-ae27-439c91a5ac4b,Control
02bcead5-d40c-4fbe-9828-736557cb1395,Control
50183694-a38f-475b-a09c-4885c8f6c678,Control
7eb40d95-1cab-4439-8f6f-f42de4d43dc1,Control
9a24313c-3b05-4090-bf60-245d9d11e1c1,Control
7b74516b-1dc9-4f0e-a1cd-4e07a2426225,Control
47cb927b-10ab-482c-970a-51c918bb8655,Control
69795f7e-7e42-4012-b5ac-33461f442783,Control
5dcda7b1-80b1-4b26-9c35-b92fee38a7f9,Control
79813cc9-d430-4c62-8a8d-e24510f47655,Control
7b2841cb-1f7f-4df3-a951-add5dc851225,Control
27469b8d-34a6-4fcb-9b48-6d7a51854ec6,Control
37c9aea4-524f-40d7-83b8-9e6f04193bbe,Control
31ac2675-1a3b-4dc5-a3d7-716f1ee3b031,Control
20c70d00-4270-449c-9d02-8ae3753feb31,Control
d6e92fb3-5f68-4ee4-a178-1586b2f6849f,Control
d385153b-78ca-4ab5-9917-a692b5dce2ef,Control
b818fc95-3c73-444d-b53c-0d59917b0268,Control
fd03775d-742b-48cc-a0cf-a0cbad3012b1,Control
f2c74840-d18e-409f-9b87-ac0bb37bb107,Control
c1610bee-20f1-4f43-bd0d-6b2f1c8f394c,Control
5cefcd5f-7dbc-4a71-be29-ebbbc594e8bf,Control
217c12e2-001e-45c2-a2b0-212f9ac164d7,Control
1d1e6023-4721-4f07-8033-8024d4a29e02,Control
afb99400-0682-49e3-ac7f-44b12461961f,Control
d93de27f-7d44-46f4-b4ae-1893082b2590,Control
87d3b071-b8e9-42a8-a9c4-721756846b45,Control
122e23d2-1964-4cbe-b4f6-dec4b416f6b0,Control
73e28bbd-a391-44dd-b368-c0b9474c67be,Control
7a7c9725-119d-45b2-93aa-e2189895e7e6,Control
f0e8d537-18de-4da5-88f7-a41ac5d317f0,Control
3310d9d3-e457-42ec-97fe-603deea9322b,Control
d644039f-4168-4b9b-8eaf-3fd0f29b3aae,Control
2ca19b29-af8b-4cee-9783-6345b8c4c5d9,Control
ffd7f813-f773-430b-8384-ffc0dbd09b81,Control
ef117b4a-bc67-4cd9-ad7b-fd76dbf60047,Control
cd7836d5-83cc-4e98-a10d-0be6e7fe6a28,Control
3b1fb22e-661b-457f-881b-6c4c44c9a440,Control
9c42f9a7-a7a8-4a7a-b6f8-c727ba2a1930,Control
99126083-80ff-4802-84ab-d227f3d1b870,Control
c62c1ae6-4936-48b7-92ac-7abdce795255,Control
44174ef2-0e75-4d93-8721-dc4b1eaecf8d,Control
4221dc48-8477-4bd4-a5ed-88d511235a71,Control
617b8a74-3e40-452e-8215-adb6689f877f,Control
0f8c26c7-1a84-412f-8588-0fc49ef0d518,Control
8db7894f-47cf-4662-afb0-b51607a1c8ec,Control
ae20710e-000b-434a-a43b-f30e8af8f831,Control
ba25d454-770f-4ee1-a87e-b247db2e49cf,Control
3e9fcbea-5de8-4156-a0e4-b9b37fafba04,Control
813f1740-afa0-44b2-a596-26bae00db95f,Control
56e75641-bb26-4685-b20c-fe3651789294,Control
a62d0fb5-8729-44d4-894c-f60447e85936,Control
4f6f7b92-8a3f-4f15-ac99-9b7acd60c758,Control
b3ae6685-e261-4a48-84f7-c4cc2b79c5bf,Control
bfb7d53a-c084-4758-9c32-344ac1f64636,Control
480fbf3f-23f4-4eb2-8ddb-0389420c6e79,Control
66abd437-3985-4303-915d-5081c43beb26,Control
5392fdb1-c06d-46bd-ae14-38ae8f0fa34e,Control
4fe3ad13-7fa4-4db1-9de0-02179efe837f,Control
8d655a7b-9b83-4c50-8741-af0d6f09005b,Control
a39bf7d6-5795-47c7-ad77-4e79d94f921f,Control
c6522185-c566-4a28-afbe-b4ed96ac6179,Control
a7ec3d70-d36a-4252-828b-f20490249d19,Control
d724721d-40bf-46f3-9ad5-0890cdab7745,Control
3af383ba-b3c7-44aa-b857-b2b6b64b1420,Control
8af13dda-3d58-4acc-9449-836a0e027cd2,Control
aa291104-249a-4a8a-b7df-1fac96816ae4,Control
91ad89d0-7ac9-467c-9a4f-631ccb5359b3,Control
39ccadbe-923d-4804-a732-e2b3efbcca85,Control
aa0db893-3f14-4548-ac33-fbd9c5d39cea,Control
9a34eef5-01ea-4c84-84b7-5b8dddc20733,Control
ceb599cb-159c-4a57-83e1-35e13e9eeab2,Control
5ac1a118-331f-4e71-ba88-1091a803f578,Control
49c292b3-e379-443c-8721-c8f0e4415990,Control
acea9b23-2e45-4259-87b9-b40e46c75d8d,Control
7027ec6b-96eb-484d-b571-e80c81acb9f2,Control
2b3c858b-6621-4eaa-887f-53c77ae35ebf,Control
c4430356-6f4f-4aa3-b25b-44bb6c2d2bc0,Control
c19ea297-6819-4d4c-a741-31dcf4ad5c1c,Control
b4641743-ad5e-4e96-ac70-82b1a8beed7f,Control
9da48713-3d9b-4c26-a697-bde0390def65,Control
c8284b50-7787-475a-94aa-62f4c6b0908b,Control
c3c6c7d6-03d2-4807-b8e1-1cc3528ba709,Control
58e855f8-a35d-4fc7-a9a4-dce7f65cd3c5,Control
3cc87297-8f3c-4fa8-8244-1f35a1a4b657,Control
0e063e52-b1ca-4058-8c19-9e9c773fd8be,Control
ec872413-d699-4e22-a853-d7a20609701e,Control
6d4696c0-f333-4696-9376-e745e492ff6f,Control
633d1fb6-5fb8-468c-afed-63009e8a059d,Control
a6ce32a6-7109-44fe-9967-c468d8cda147,Control
67494211-c36f-4c98-9776-f438fcd0ff70,Control
b69a63f3-8e55-4376-a113-71311944ba19,Control
b2575c4a-c8d4-4709-b7db-331dfa57435d,Control
5440140d-33ee-4f89-b19a-d983b6b21393,Control
40352992-ac2e-4e78-acbd-f53f5894000a,Control
9e8d815b-ccc6-4d1e-94b1-1f15e8d1f323,Control
89c3ecb5-751d-419b-b465-37bdef742dc5,Control
2d89cdb1-d7a2-4add-8a35-d87f8b7b1102,Control
25f79ad0-eda4-490b-93f6-8b6f942b971a,Control
575e8175-82f5-4653-b571-612cbeb3bc1d,Control
129e520c-cd72-4288-8b54-c7b1d267b934,Control
44f6f678-4778-465c-b325-8cb77c15068a,Control
25fee787-4f1e-4c4b-ae15-06df7dd41dc1,Control
f98787fc-bc25-42c7-8733-3d0ddc84c609,Control
52c2f6cf-84f8-47bf-94ac-d7617aa398eb,Control
b16a45c8-70ea-44ab-985d-a6cd77d1bdbe,Control
3ec6944b-ae99-4d0a-8e62-5d9da273e4a2,Control
4f945259-c350-4ab5-889d-86798264e970,Control
7d60dac8-42ab-4bca-9dd5-7df291e9689e,Control
cc0203ca-18f0-4ea8-ade0-dffb19598151,Control
17803a64-4bd9-4c10-91bd-2e38249bbd33,Control
456564a9-fd0e-4669-a5ab-105bb992ffd6,Control
cc68007b-785e-4104-9992-95a84d105cd9,Control
ef02b3bf-92d6-4735-9696-39c0b3eac4be,Control
fec4239f-15f8-4f7d-883b-4a4cb5b0d1fc,Control
3d0c832a-0c1b-4ebc-98c4-48df743b1863,Control
9e0f811c-c120-4ca5-a1d4-260819dd1555,Control
46dfb474-0e74-4fa9-9b3e-a44c35fbb031,Control
915f6fe3-ee49-4cea-b49f-f2b3d7b0d739,Control
7e84839b-01f8-4669-ba7d-5fe2785704d7,Control
38d3048d-847b-4cdd-a09a-606819c0d69b,Control
6212ceee-fa96-4b7e-9ce9-919d6d33c69d,Control
3d0aa2e9-c7bc-427b-8d9d-9645e2bd4af2,Control
feae4aec-1449-44fe-815f-0307c5603fff,Control
bf800cf6-cc3e-45d0-8b54-9e5fcb4d3b71,Control
7f289ec6-a356-40f0-8e35-cea5662c1d56,Control
91e30aea-4907-470a-9542-304287ec66d0,Control
d1b3a3c9-8869-4729-a1d6-76439b938bf5,Control
d469869b-71f8-428c-a9a7-5eefe58be188,Control
87f84525-0da6-473d-9f67-3892920dc8be,Control
88a613ce-ae11-4a1a-976c-c6d516baec36,Control
edb0d8d7-c9be-4761-9571-a7d8355105d9,Control
cfe14383-dfd8-44d6-8789-a741651137f0,Control
a9561f0a-c979-4d51-98e5-13179ab4ad50,Control
b8b761e1-7fc3-40e4-8fd6-bd5f9027f3c2,Control
7624087d-0364-40a8-bf4b-4b0f1f6fde6e,Control
51bf0c9a-b7b5-49eb-82f0-0e8ff4bb73cb,Control
529d3f69-a2fa-4be7-8d93-1664c21820dd,Control
5af13db3-eb09-4ace-a157-732227c55ad5,Control
ec6dca90-769c-46ca-8df6-4e625293e604,Control
aa1975ed-1dbe-4083-8a0c-5a4b81d75afa,Control
e0d752d6-1013-498e-8861-eec35a9e338c,Control
ab1b115b-9f79-4ce6-824f-c0c0544b1857,Control
46f8e4e2-393e-44fc-a89b-66122c00cfd2,Control
3c59b1c2-4407-412e-aa0d-aba433f9b053,Control
dc3e940e-86ea-4fae-b984-1fe5161f5c56,Control
ee693a81-b42d-41dc-976f-588a9469ea73,Control
4243e12f-7b6e-4ab7-a080-32d9fbfcac99,Control
4f038245-f7ce-4ed6-bdce-f3989e3a4c1a,Control
61baf54c-fe33-4ed9-99aa-729d8ad10785,Control
63098c21-d1dd-4c9c-ab7f-a399bdc5f0af,Control
f03d31cc-33c5-4429-9046-ad1b1706064f,Control
a7703810-b172-48cc-8554-b121fe86f5cb,Control
e079ad73-fc30-4645-bd69-24c4c07fc9a1,Control
394a7479-93f6-4a62-bc47-354b77ad5204,Control
2a4aaa16-8868-42eb-9e0d-5b86f9018408,Control
598430a6-1be1-4a74-ae82-69357f762832,Control
2aa24030-b8da-46cd-b2b2-bb0d94e298c4,Control
e9586712-ce47-4240-962f-885069abaa71,Control
aabccd82-6c07-4af3-9978-4e04b6157a46,Control
b5498b1a-b5da-45a1-9edb-9175a8dcf16f,Control
0eb377ed-354a-4add-863d-ce70bd2bfbea,Control
824009a9-78b6-4dfd-af78-0b13f6070984,Control
843d05ef-b3a8-409b-a9be-8c5862ea04b1,Control
eb10944e-2848-4bb1-81e7-929140d00006,Control
260de26a-2d70-4ac5-8292-c4f7b433553b,Control
268d4f5f-0fc6-492d-bb95-adc8bb8bc154,Control
3b9204b8-361d-49d0-967c-77533cb3bebf,Control
dd00061e-74eb-4f06-9d4b-0c03bec161e2,Control
3595e149-68d1-4dd4-84cd-bbc4aad6e8e2,Control
fac2e1a1-5e75-46e0-81be-a5d86ae442c5,Control
a410563a-cc92-4d38-92c5-a06f03d08171,Control
798b8867-a6b2-482b-9687-b2180870fea9,Control
af0c025c-41a4-4d75-8468-764d988e1a3f,Control
28aad4ab-2c3d-4464-ad87-6691aa01bf67,Control
ac25222b-9634-48fe-bd41-55cfe0ab3c6c,Control
8abfeb47-2778-4d90-9c18-cc88f5f258ce,Control
be1d7ecb-6211-4297-a847-41ae7056d7fb,Control
10daf509-3951-4301-8cfa-0614914bfaff,Control
c4b88d5e-8596-4a43-aae4-b271f086f0b8,Control
0cb88e1c-4f7c-4644-aed6-ec986adc28f5,Control
bab67109-3e43-4d0b-bf99-d2c56b81e778,Control
240458e7-cf12-4b30-9dfd-62970e662f1a,Control
06d3bc37-de2c-4f0d-a23b-36f6e6226308,Control
a6d816ff-ee60-442a-817e-a446b2b0e9f5,Control
14d22e3e-dcda-4113-a76b-9c425e4b4ccc,Control
22b521cd-89c0-466b-8701-445ac8f5cefd,Control
dc9c5d81-76c6-4be6-a174-6f2c199146e5,Control
3e94a1ab-f5b7-4ac2-80d2-cc9098acb48a,Control
caf94ec7-960b-461f-af50-78da41f6d52d,Control
bf2d4bc6-49a2-473f-881d-e422466b5c3f,Control
a977b466-ebf6-4129-89b0-d3622f541190,Control
ab9ddc2a-e9b2-48a1-944f-87de4efd09e0,Control
248ff66c-ef78-4d51-8859-c5eed3cfc7a0,Control
ee8702df-d871-4683-9144-9ff182e17ea3,Control
d133401c-0404-4983-bb48-43b22b345a18,Control
c0db9038-4079-4bb6-b9e9-c680b690ae57,Control
702c8042-b13b-4ed5-a5e6-52e4bcb67bd7,Control
81df3b48-89c7-4fb0-a261-d82ba31ec875,Control
857fa66d-e86b-40c9-bcb8-a007d4a39343,Control
df7c05a0-0842-467f-bdc6-fcb4ca7aca40,Control
ea8f4e95-d7a7-43c9-a989-d503177aa267,Control
9a388663-5b06-4ab6-8b84-fb8fbd7e30ef,Control
7e06c86b-fd02-468c-b05f-499b2212990a,Control
643dabc3-9a14-4b8b-9341-4ff6f2d3ca00,Control
de7c40f8-e270-4e95-ab1b-e5c1d619b565,Control
436903a1-b737-44db-888e-b48fa38ecdab,Control
c56ed15b-57c5-4248-8e6d-93737c35120f,Control
6462599b-0020-4109-ba3b-01b3a8ce8d7f,Control
3af682af-5e23-4ed4-824a-6b70b69deda9,Control
d9a47689-6acb-4882-a2fa-bccbd28690fb,Control
4f946a14-20a8-42c7-b86b-f6921bb78e06,Control
dd4aa1d5-5b25-4833-ab3f-fd433d0f919a,Control
552bdcd9-df1b-4e3b-86f5-7d21f0644514,Control
6251f903-c260-458d-9259-5dc1372cfb41,Control
a841ef33-a3ff-4ad8-a2b2-89cbf4a7507e,Control
608ed289-c7b8-4932-81b6-3629cc253e0e,Control
82225b1a-93c6-414d-8c40-2e6545dc58c2,Control
6d899be3-0900-4767-afdf-48104d3bc5d9,Control
ff61749f-6094-4811-84af-dcb30dd9a7cf,Control
d14c6678-775d-420c-9541-b725858ef4f9,Control
2e708fed-813d-41e4-a702-99a8ba18576e,Control
b6675ba3-a560-4ee6-990f-952c9cef2820,Control
a9d32ec1-d6be-461f-8ddd-e9301774e754,Control
cb3f795a-f96d-4859-ae1e-0bc5221ff592,Control
fdffdc80-47ea-43cd-b779-27cab20f8000,Control
e976af0b-f53a-4c68-b326-ac93f4d99e0a,Control
561d0817-f28b-4e6f-85cc-0a4b23e84f03,Control
a2e34800-a9e6-42bc-9cfe-2dadb707c4a4,Control
ff9da292-bb96-4397-a7dc-15ac97c2df30,Control
ebbc77d6-335c-44cb-a436-f19d3e69177c,Control
12b54078-5bac-4344-82f9-5987e57aa366,Control
11365265-e8fa-40ee-a9f9-da849d183a57,Control
696aa519-4772-44fe-bfba-e525ad29c132,Control
96a1d6fe-ddef-489f-9c70-d67c0f3045bb,Control
7909838c-6ecd-430d-ac74-bc20cb76226d,Control
008eddf6-b98c-466e-b081-53dded176b9b,Control
16f64da7-7a8e-41f4-ba03-28a493af750a,Control
cb6a01ba-c25f-470d-8e14-dbd1f7080623,Control
8d63ba17-2534-40ee-83e9-aba055688a12,Control
af050e0e-c3c3-420f-95d3-a80bbff89e5b,Control
4a80cf8b-18aa-47a7-b9f9-653964eeb5c2,Control
87db61bc-cc5d-497b-ba73-a59776d3c66f,Control
268a0ded-d830-4154-b5f2-24ebbc2856a1,Control
69faef11-888b-4f95-87a3-07b37569ee18,Control
70847bc7-ed65-49da-bda8-d4c3400d6016,Control
ccb2d42a-fff2-45d5-a923-184bfe18cdb5,Control
10da65e6-e2a4-40f7-aa20-848ced3c20a4,Control
1eed8792-8154-4c8c-b652-84850b2e8754,Control
26dda721-8e4c-4913-8060-3565957644a3,Control
73fdde87-7411-4119-bfef-f5a13e210018,Control
661a143b-0b93-4d69-a5d5-b0e9bd5ee779,Control
a86eb99f-be30-428f-80e6-b85ead3d36aa,Control
fcbcd2ba-ab54-4db1-bff4-503cef8430c0,Control
8dae61b4-04b7-4d9a-8f11-10a4e1fa8fcd,Control
273aa7ab-171a-4f8e-8a99-8153766d262e,Control
53d8d125-2635-462a-9704-34ae1c4bdbc3,Control
9a2b637e-f5f6-4910-bf4f-81fa4bdfb081,Control
4764b73c-dace-4200-bcaa-91caeb213f86,Control
c66f4b4a-9245-459c-8f78-6cf32e04c779,Control
7b2f92b5-92fe-4063-96f7-e322ee91cdb0,Control
e267dabd-7547-4d89-84cc-46e5b1609fbd,Control
fbf17f52-eff2-4234-bba2-2acad21dc35c,Control
0362220b-161a-43c0-997c-3c36348e6f76,Control
83735256-1378-4046-9a4f-17990a86e48b,Control
dbfd151c-1ebe-4b6b-b803-3483b27deb5e,Control
356e6757-d50c-460f-b6e6-7df2988d933d,Control
06f2d2d5-acfc-4907-8db5-1f6c904b80bd,Control
43e64a42-6bd0-4453-9c78-f08c80c559a9,Control
281c4d61-bae7-475f-862d-c087d352b025,Control
66e2f762-e61a-4092-8476-590e619be965,Control
8322041a-12da-49db-a4e9-d64662654c65,Control
42f80cdc-5d4a-4593-9af5-3466005b227a,Control
58f7ae85-b279-42bd-aacc-31a8e5cc5c39,Control
162aee93-4d73-4123-b1f7-47e84391afe1,Control
e5e6164b-84c4-4ed5-a6b6-1337dc3d1c81,Control
0ed52f74-8468-4827-bf71-acedcae7e250,Control
b530604a-85ce-4210-9e7e-80f9bcf38f4b,Control
1ecf6b0f-dce6-4124-9768-91a2b08271a8,Control
fb5e4134-19af-4953-8cc0-76b35187cae9,Control
5e579816-b0d6-4cb5-9747-ebb4a26b2d70,Control
b8349182-a926-4183-a746-4082b2a57395,Control
81beec0e-522b-4256-a990-1dd562075eda,Control
96393c8b-beea-475b-8de0-a6f021e59613,Control
8a6178d3-a109-45e7-bab7-601aff5e1f08,Control
23bb2403-cbda-4ceb-baa1-35a5a3e153e4,Control
bf26cee5-3f38-4a92-903f-0250753e3a88,Control
d97ee0c8-e355-44a5-a174-2c46f8e99a2e,Control
0fd25de8-b403-4915-abb6-5bbc61941847,Control
e92f35c6-d739-4378-9dbd-bdd5a8a9f7a0,Control
01859fca-f4d8-4f3d-b804-452d801724a9,Control
26b87f7d-11a5-4078-9204-95ebcdc047c9,Control
c82bb63b-f1c9-4246-9df9-17610ffab5e4,Control
c1b11a51-b6b2-4cef-83bb-78af18191d6c,Control
1fa29d8f-bcca-485d-ad38-4253145e6f4e,Control
5c098b60-79eb-45f1-b8a6-400367bfea00,Control
a29f1c4c-1287-4aba-818b-74377c86f202,Control
247098b2-61f9-44e8-9b4b-78d3a66091aa,Control
d24854c7-d48f-4534-b9e5-e5b38ef020f6,Control
6e9cbac9-d6af-41b7-837f-b38199d3956a,Control
6f2cbaa2-d814-462d-bf83-c3549de6f5fc,Control
556ae81b-2333-4d38-8f56-de34973f3298,Control
eb36ec11-850b-49e9-8e86-946df4327901,Control
bd230a46-1957-492c-be7b-8e5923ade0e7,Control
d8f49e8b-c041-43fa-84a4-e3e8f10ba916,Control
dc495d10-4bce-4b82-b183-1ea27ba846e1,Control
ee3c6d69-e899-4aee-b3d3-879c54c04730,Control
012e6e52-06d9-4b10-a230-c9815f7ed953,Control
4a5ea0e3-a154-4d5b-8f16-5bb850b04b6b,Control
4427b744-6a96-4ee0-8874-f66d68cf4420,Control
284f6466-490d-401b-8a32-3e7056acdb99,Control
c7c517b9-747a-405a-8a2c-08ae88c963ba,Control
a55f3375-6829-410a-9bfa-ec33aa0d8a01,Control
eb236eb9-b051-4b77-8c2f-5cc472158c33,Control
b76f0042-413e-4c04-abef-f14b402f3e18,Control
85411c24-8766-4792-8de7-019c44a29ec4,Control
4fa66cfc-f96d-42d1-b645-515bf47b6502,Control
64e3a7ae-1ea2-4369-948e-babec36c67c0,Control
524db118-f283-46af-8cd9-fa1da9de7704,Control
c86d1219-dce2-4b01-83b2-0b56d3f85942,Control
843c8411-1714-491a-9a0a-26cef219542a,Control
3efbba7f-19f4-4cde-a5eb-0ecdea55cb32,Control
f9c05555-c14b-4a63-a2af-88503d4feea2,Control
56b77260-ceed-4ac6-9937-96f19138aafc,Control
6f13b87e-46ae-463b-ac8c-621b2f7208ad,Control
9ecec536-990e-4b31-b404-e1519afa5464,Control
2f95ca2b-acc1-41c8-a716-265b48f04600,Control
b5e1440a-c3bd-4c02-a227-2a16accf4973,Control
fce103c2-a0ef-4dec-b92c-de05ecb6f8ae,Control
0994d00a-50fa-47be-8ab7-67ed87b8ff9a,Control
069e785f-4232-4a3f-b1b1-dc191ae8fd90,Control
6b78eb86-472e-4db2-895b-0e9f3aa7a36e,Control
bed0b34e-4b0c-48c7-afa8-1edece6b400c,Control
ea5098d3-c63e-4160-828d-94b2af3f7a6a,Control
8a24098c-23f5-486f-b45f-15a981a7ecc7,Control
906ce0e3-bea1-48a1-9145-2fe1cab9906e,Control
b3bb0280-ce84-4a65-8d91-2d47b4e9d7e8,Control
c5431850-ed52-4a12-a7a6-f66335907343,Control
549038be-7ef6-4026-883a-1fb85656e77a,Control
94d9413f-535e-4500-8a3c-456a9ecb98cf,Control
a1e8ef28-e469-4b22-859a-55b81f852d96,Control
7d7746d3-4ba9-457b-b20d-4fce53d490e1,Control
f35acdef-fdf9-461d-85d7-6146e6187259,Control
b342d9a1-6bbb-42d6-8de7-3cf3aa5836fd,Control
7099dc14-a893-4224-aeed-8d0701e99fd6,Control
18e1aadc-f833-47e7-b9e7-5e71ea0e7aa6,Control
46d36841-5932-4979-8737-c67b0abf383f,Control
b0b34c58-3e93-41ed-99d5-30c82d723852,Control
940b638b-f17d-4a96-95ab-0ed1015f5708,Control
ddfc9a9f-f220-49e8-9c01-d43bbc20796a,Control
7e312d1f-84a9-4b1c-9768-b50967962962,Control
e09a7677-3fa5-44d2-b067-2465b9ecd832,Control
312a76ed-c450-437e-8058-b01404336692,Control
19168b2e-f639-40ef-9ad1-d977ef4ded29,Control
52411054-3082-453b-8045-fa5338728f3c,Control
e2b56f58-5abc-41f3-95d9-9af02e83dfb6,Control
439ffe7e-59cb-4d2a-8213-0c29cfcaf17e,Control
5788f7e3-5781-4cc1-b196-4f24064f9b86,Control
903db526-64c7-49f9-bbc6-d5356870728b,Control
75894b60-01a0-436f-9012-93459c94b42a,Control
072cb268-d7f9-43c1-82d2-21af366c03f9,Control
c4ab1ebb-8420-4b7c-b932-21bec25ee4ba,Control
486d6f98-95ce-417b-adb8-1bbe22c6c384,Control
415a91d9-2659-437e-b758-177525e253e4,Control
1a47369a-5721-42d3-9559-fe7f3159e2e9,Control
36c56d12-e5ac-416e-acb7-502ff0cec958,Control
a0534dd4-c53f-49f9-8d77-845ba4ba4bbb,Control
011696f6-39d5-43b0-8e05-f197aab4cc54,Control
e12d80a4-04e9-43f1-8698-87a6f91a832c,Control
852aa78f-74cb-451e-a009-76215be5060e,Control
09018960-dae9-4fda-804e-087426bb6fe3,Control
31e9e78b-2d87-4862-bb85-1871e70e39bf,Control
1517489d-4f45-4e00-99df-2fff4543159e,Control
885d0178-5499-4c71-9453-3b6e7480326b,Control
72123815-8c39-4ef1-8191-26ffb4b6a08a,Control
d2e34af2-5da0-4d7c-b8c2-5412ea69130a,Control
0f9b866e-204a-43a8-90cf-5d2378bb2a02,Control
211eba61-6f4f-484a-b0d7-07056321df88,Control
7529b275-5122-42bd-82aa-0c0d571169d0,Control
2481f1c5-f8bf-47da-8678-745dfc81843e,Control
b15a1334-77e9-4712-bb56-4f1dbf28fccd,Control
75ef3d7b-b4e4-4641-bedc-ee4d14c51b4e,Control
89ef63cc-fef3-4118-8ec9-697eb588feba,Control
77d96a4e-1ec4-4ce2-b9de-1879abda70e2,Control
1d40ee87-4a95-4068-9c3b-4b408a8b1b41,Control
d115cdf6-8209-45fc-b124-21a7e06e75f1,Control
09d84c6b-e9ab-4a7a-8c51-9b6305ab276a,Control
e32d489e-557e-4daf-9b4a-9ce464a03737,Control
fecfa2a9-cc1c-42bb-a6dc-a251c135a94a,Control
885714f9-8dbe-4d04-b4d4-1d66d286e3c5,Control
e291dac3-9fd1-419d-86a0-58597d3f3fd2,Control
56f6a26f-87e3-440f-bb1b-1788fab304b5,Control
7871f326-4e07-400e-9610-53ed537bf0c2,Control
d2bc8ba0-a445-4be8-ac44-7d4c10652180,Control
ee252a7e-16f7-496e-9b24-180eafdb77d4,Control
318d09cc-05e1-45ec-a43d-f0820b278138,Control
c74f44aa-08a6-422f-a2f6-bdb1495b0652,Control
eefbb59f-beb3-4dea-896f-ff6f285570c7,Control
8d8e3cfa-5766-4c99-9967-05344a73418f,Control
5fb24913-289d-410f-b22d-ee12c84fc258,Control
0f2dc80b-4842-4fba-be73-84a9583b9991,Control
cb761f5c-a135-41f7-922b-b95d679abfa6,Control
7cce19f8-401d-4805-9794-c0ede7dfd228,Control
6c31390c-5ad2-4842-9b27-672a7eaef9bd,Control
3681de05-f6f5-40aa-98d4-5b6be5f203bf,Control
925c35ff-bdf2-4c50-baab-0867d9e7d174,Control
9bc60074-e55d-4ee5-8d78-c2b291148928,Control
d4cec625-0a93-4cac-83f0-23c8dda9b341,Control
512a7840-e269-4fa5-b4e1-d4dd7ba74b10,Control
46a5ea79-2d7d-492d-ae1e-d33a2444410f,Control
bcc14ce6-7d9a-4721-93c6-ed48d1d255d0,Control
737f03a0-ebe0-4113-a701-bf30f47df80c,Control
19d705d1-f7c8-4227-87f4-9e9df7f5efe0,Control
f5e9ab7e-847e-4257-ad79-fe5ef91785a5,Control
afff51b4-4ed6-451a-8445-c964ceafc08b,Control
06baef0a-d59c-4dfa-beae-70379ff1dbdd,Control
e567de25-fa74-4781-b642-c671c923d61d,Control
7751ba4b-a884-499a-a2cc-7a3276281650,Control
78b81480-9fd9-4ed7-aead-363b859b8a27,Control
2b2a7a02-180e-42e1-b94e-e998de3c2088,Control
38d522a1-e4b8-4ae8-a4bc-ed8e375e8237,Control
ec3e5048-06b4-4700-8e2e-30b737b6c4a1,Control
bd232676-73b1-4e45-a11c-e9feb8878c29,Control
99a046a9-3ba7-445c-bcac-686dc14043f9,Control
75ac195e-7592-4eab-9389-0658b7d84e01,Control
f0172fe0-711e-4c17-8ada-80ef75ca8e20,Control
7c6c3bec-8500-43de-828e-a6d0df030861,Control
038e031c-635b-4247-b730-0c2caf030a52,Control
d40cbcbf-632d-4f90-a422-adb92aacc3b6,Control
e45d1ca6-f161-4422-bf8f-64d3e95f130c,Control
2cc7c62c-3f7b-418a-ab0e-168c06be297e,Control
71a98e4a-d92d-4388-9904-5edaf6374078,Control
dc54a309-a176-4d82-bcec-a537173ee7ca,Control
5a5ab5d8-756c-4059-afcf-54bcc8445f80,Control
0bdfd0ed-d82a-47fd-8f27-5a15d2d52aee,Control
f03e6376-5cf1-42cc-90ef-ff771db3d409,Control
510b933c-ab81-478d-a3e6-1e63423beacb,Control
88131563-10d8-4138-b788-fe159c29db6b,Control
ba8a43fc-ee9e-4518-8a96-51e846ac61cc,Control
d4f5451f-0444-425b-abfa-b770fd22db9f,Control
45adb6b5-bb0f-4f2a-8a53-3fb7a9847bb9,Control
e1ca0ee2-a678-4293-b99c-3eb493e965f2,Control
14ff0f36-9985-4eac-b06f-c5136972707d,Control
ba22249e-d70f-4500-9187-dcfb99b4fb3f,Control
3a6740ba-be6a-49e6-aff7-7e6ab5c192c1,Control
dac41f96-eba9-4015-93ab-77465ba5b03c,Control
1635bbe4-71c7-41c7-9882-87df2cfebc02,Control
cb89ec3c-aaad-4730-88cb-5c929f764b19,Control
78ba1260-9e5f-4d19-9f65-72113adebbf7,Control
0dc4fbd8-7cfd-4775-9608-1d17baf50ce3,Control
752f0b6b-b7bd-4c62-9744-33f723182947,Control
42687e91-4db9-4448-8358-6834906f6406,Control
f81d2e04-802d-4363-b9e1-292c7858c49e,Control
e33fe878-f37b-4655-b2c1-64e5343e2389,Control
ee41abcb-0418-41ed-b635-78f0c60fea9a,Control
8c9a1a42-441a-46c4-9526-6b11ff7a5ca7,Control
357de7ec-654b-4f98-aac0-23b5439f147a,Control
902778aa-8ef6-4651-8d04-144be8d33810,Control
ddda3f24-1e80-4c98-9a04-650c38e8ce6c,Control
0dd2f603-dba5-428f-ad2b-d0c48e69f384,Control
9c518777-61b4-420d-8021-3b4e2353640c,Control
bc6c8f45-9089-4bfb-8984-8074dba8ceed,Control
73837768-e245-43e7-929c-5efea64ddf65,Control
4ad8c833-730a-471a-8131-cf7bb337b699,Control
d007e743-e13e-4b1a-b123-8ea65aeecac7,Control
bfab9c0b-1596-4983-a7ac-3483d67c5367,Control
26a896d6-4774-4ef9-841d-4f049cd9689f,Control
57253abb-0712-49b4-9a88-faa7b38a07b7,Control
4d1c7a85-cda0-4957-ad50-885dc22b28cd,Control
9209dd66-c9ad-4e1a-8eea-be287ee105b8,Control
adcf860c-3819-42c2-bbb5-f4742f76b952,Control
3f7e6c4a-490b-4384-87f4-3c653b0148dd,Control
1c8353f9-d5ae-42bc-af6d-0a1be22ed564,Control
042c514f-db2d-4353-b95b-6577e4d155fd,Control
70bb1adb-f61f-4429-a47a-dbd587e6b221,Control
f8dca656-0f40-4c1e-9d8c-079c60aaf32a,Control
86723829-f207-493b-8f4e-82637729d923,Control
610b9e4d-314e-463a-aa84-808d4aba5a99,Control
b5165019-50bf-4ead-a7b2-1b38c9a526ed,Control
2afa2798-466f-4ff4-bfd9-124a56aff4a9,Control
fcb329e1-b248-4050-a075-acb7bd1f3f58,Control
ad0db1d4-564a-4c2b-aa84-bc4ba8b8785f,Control
0e4bab0e-f4ff-415e-9f13-63e5eb2ebe7e,Control
6ac66203-dad9-47ad-b973-fe251d7e07fa,Control
409d9585-4c0a-4bfc-acfc-1f1e44b513c0,Control
6228979c-a432-45cb-8e40-cf4a0f97d401,Control
e74acf22-c9ae-4ba9-80ed-51516e864b51,Control
9416125a-a265-4f43-857e-0d21bb833b72,Control
cdee51f9-c20f-45a0-be3f-b87e8c093ae4,Control
6846b1ec-8d25-461d-8005-5b33d5ee68e1,Control
246390fc-5fda-4f50-9ef5-282e1f5a17c6,Control
c59e5c7c-d22c-4768-a9b3-b57088a88ed0,Control
32caf3cf-a0df-45a7-a875-63ffd373b2ea,Control
2bffc8e8-2236-4256-abeb-8eb7855033f8,Control
546c76b3-bccf-4516-9c82-95dc53ad44cd,Control
535bf48e-bf26-4f96-8506-cd2607f73713,Control
317fed96-a14f-4217-ba7a-109130285593,Control
34c1cf84-8c3b-4e84-aa99-2fa25fa8936f,Control
18316e7c-3249-4c8d-b32d-4e980e707a32,Control
f62e9be7-8838-435a-8cf0-1d2fb49fd66a,Control
f4c104bc-7a2c-443e-a467-584affe06255,Control
6b2eb233-ae78-457a-a8ec-60ec654e8e62,Control
51723621-ba09-4c9f-afb5-8bf712ab1a4e,Control
ea46d184-3778-41e2-8f9a-08109736650b,Control
9da738e8-1db9-49ab-b2a0-acd0475e4725,Control
95c1b3f9-bc5a-4095-a8a4-178704a092d6,Control
9c03cd7f-1bfa-4677-972e-66c1a07a7a13,Control
5f4da387-903d-46b1-9574-914875a4bc0f,Control
70c20e0c-812c-4a06-aa98-b09ed262facc,Control
a0a6d511-00c5-43b7-a81c-6f26674582a2,Control
46ea86c4-b29d-4bcf-8d0a-308c908e10e0,Control
d42b6e2e-eaf9-4d4d-995f-2583b14cf844,Control
9ecff1a9-6433-433e-a6e6-e14345d776da,Control
ada6729b-fdc4-492c-9d9f-f5f85340ece5,Control
ed1c772f-bf02-458a-9d71-e0859f3c5272,Control
4bfcd5de-4b75-4f40-a2d1-a9ded47e22a2,Control
2c18bc78-241b-4093-8b15-b5ec31c75a24,Control
22d2aceb-ce62-42b8-82b4-af607693ebc7,Control
7373794a-3c6d-4c85-9a0e-fdc78dff2059,Control
07e324f3-f009-4883-a396-93b53931abf4,Control
847cb47f-d5d0-4f59-9800-a884c2c84050,Control
784d86fe-02fb-4792-9bdf-4ded970e835f,Control
34117be2-f389-4464-a271-4c80fda2179d,Control
74b1dad6-c928-4ea6-b709-40d29d057897,Control
c121f2ca-cb73-47cf-b65c-e9f9c2adde9c,Control
0517154a-446b-46fc-95e1-2698a43622ea,Control
0646f097-c7ab-4a16-905b-23616962bcd4,Control
475333b5-ed4a-4134-b88e-60e259282b6a,Control
daf69789-72ef-4fa5-8754-f9f9190638c0,Control
aadba129-65a1-4856-b33f-7b000b74d1ba,Control
e03cbec5-1091-45b5-9da3-030af7ef4ec8,Control
3709ba9b-0065-44a3-bbfa-d4cc3c3e62d0,Control
2d22d172-1cd8-4653-892d-39cc484831ee,Control
7e66caf1-be83-455b-9751-bcc74e88c769,Control
57d578ef-c900-44ec-961e-350b0db87026,Control
9cec51f1-3f9e-49e0-9243-bdcf40224214,Control
917cb40d-487a-458c-bfde-9cd9b2b8546a,Control
5f927256-6c85-4460-914b-f6e6723595a9,Control
c41ff33e-02c1-4771-a59d-a542f9473714,Control
f6d3f9a9-95d5-4847-bccb-5915b4caf1d2,Control
2b7bb2ca-3d7e-496f-8ca3-3ad16bc6ee2f,Control
c9bd84e6-2736-4b46-a9bf-c611c9015ea0,Control
a7afc971-39ba-412e-8a8f-557f9d24dec9,Control
7fc66d60-8edf-4098-be05-126c570f59de,Control
72a0ecb9-dd34-453f-95f4-3c9649c5634b,Control
bd181f94-3c11-4f85-ab4d-1f5267ee0577,Control
4194e11f-4bd1-45ae-b6c8-dd0335de4100,Control
46e84289-ddb5-43f9-b86c-6296186a9f28,Control
4e05e6f6-0a62-4b09-bc46-5bf627dc3aaa,Control
171c45ba-c640-4ab0-9d4a-a26221319880,Control
d6de47ee-feaa-4b9c-9fb6-5be1c93787d8,Control
d98dca49-8634-4866-849a-52372b84c8d7,Control
c6679677-28a5-4124-bbc8-b0e213ba68a7,Control
b4b55b0c-9730-45a4-a182-6a3a71398b1f,Control
86d0315b-f450-4b90-9817-a2fc13d552c3,Control
fed05006-7d74-4891-b07f-caa8394a4a80,Control
815c1ab4-38c8-4937-89ba-8d200c889f76,Control
2c6cefbf-f449-42d5-a1e7-466753de2ea2,Control
1ee2814f-a57b-4e23-9489-1230c1335731,Control
094defee-9c96-4950-a225-c1e9a69bb359,Control
affc6cab-c398-4852-ad7f-51fbbdbd651e,Control
f3dd338f-555d-41a7-af91-dee3d1f5b844,Control
4e9d81c8-a34f-4d9c-8419-077c3bcef6a4,Control
dd9b5b68-e5c0-4f98-8368-17ce3cb834f5,Control
f78d6fe7-180f-4276-b6fc-b7d58557ec74,Control
4485d5ef-99cc-4cb1-b999-5a472f529043,Control
8a483daa-7b52-4180-a483-0ef630eea60c,Control
c6fa5d2d-c61d-4e31-88b7-c6d208e37b46,Control
e4067c00-2c45-4d7f-9ce5-feeffbbb8b5c,Control
4315be16-c549-44a5-a12a-fcdd2107e90f,Control
d3ef672d-a6f6-414d-b63a-fd962c9d6808,Control
553cf1d7-3997-4f55-b606-c39ca0b67abf,Control
b0d16069-e193-4b80-a69a-e92b7e4cec8f,Control
fd3c83ac-8c4b-4c4c-8866-d2d024300ff8,Control
11fa7a2e-4440-42a9-bc6e-bb546dc404dd,Control
17317c50-ce41-4b9e-8de0-e7e4a7ac61bc,Control
6433dcb8-5f74-4619-8bde-39ad2725d1ad,Control
689fcb69-7754-480d-af76-9192306bb8a4,Control
e799b286-0bac-4033-900f-5d00c09263a8,Control
b7bfe760-21fd-4bca-a4d4-414a4ab8059d,Control
c0c3a229-e03f-4240-ad26-944fd593d490,Control
0e0db9fd-0f71-4cc3-9c81-79ebe91cb8e4,Control
2720f83a-bb13-42ac-8c7b-043008c9aead,Control
bc8d7aba-6744-4035-bb38-0226cfd43d11,Control
0fa40b0d-178d-4b1d-8143-4803fd61804d,Control
69ec1033-58d2-4d4a-97b1-8d05b499e6bb,Control
d7e761cd-9e0b-454c-a6c8-942d76da2e36,Control
3b87fe8d-379f-4f9f-9b00-668557797f2b,Control
bb9505b5-529e-4470-ad54-36911d718ebb,Control
34d7ce10-28ff-4161-bfb4-6fba6243c06b,Control
c15c87d3-d890-48ea-8d5a-4e41483268cd,Control
32baf2d8-e7ce-4422-afdb-d1d3496a53fa,Control
a010d044-c5ed-477e-86c3-14c0b99216c7,Control
636b1dd1-1e12-40fd-85c9-cbd9a039c870,Control
70a4d386-56d6-41e7-b04f-897effdeeada,Control
ef54f507-b796-4caf-a05a-47983cb7443c,Control
ca9c4d9d-c710-4ee0-98b8-eaa501f841f1,Control
cd0ebbb9-7491-4971-ab1a-f962060ed780,Control
64232529-3278-4bb3-b99b-59c80b0928d6,Control
70305a57-fd76-4bcb-832c-ddce2d24ee9b,Control
124ab3da-07ea-4897-8271-2d0f758eeaaf,Control
a54a6bd4-3e83-4d27-b930-604dcd3eb959,Control
af8b750d-d102-40ab-9fac-69002245df4f,Control
c6d4687a-54e0-4036-846e-b47fad9dcc89,Control
c680fc6b-9c55-4a3c-b8c2-bfe95c3b6c6e,Control
bae7fab9-ed04-46ce-8a45-67f9bd50c982,Control
1dea1633-4473-41f5-96b7-bdaa6d91ec7d,Control
a495bd94-31f9-4b77-a4bf-5c45f1e8a0ba,Control
643372eb-3045-41ad-b57f-e6b1f4089b0d,Control
cf0ba0ae-dc52-40bd-af14-42f23b773d1c,Control
93701611-36f0-484d-8e1d-23c8d60561b5,Control
4536c0af-bebd-4c8e-afbd-978dce8afe70,Control
be395b90-9d1e-40cc-9f63-47c52483f871,Control
d233dfa9-4d41-47ef-9d03-906401a16132,Control
11eab0ee-16be-4656-a91c-5fba9d4a6e06,Control
b6f3a8b3-1d71-48d8-81de-f365c3c16031,Control
8f4b17e7-b3b1-4aa4-9d47-fac5077b1a09,Control
de47ccc2-d179-423b-9d82-a6d2a0fb519b,Control
6fbe58ed-4490-4867-a1ab-549045ef3d44,Control
21ef9a73-c825-4fda-a08b-81320611ca4e,Control
6396e5d9-5991-44f3-ab7c-d1e3589f122c,Control
1e52e015-dfbf-4240-a654-dd2b9fab1862,Control
cfb9d659-a181-4373-982b-3973303aa6f7,Control
a0d62097-8bab-48de-8fdc-0ee2fa2d135a,Control
db6dd4ad-2985-4386-8b34-1547e7d5cf13,Control
d4aee336-3625-4d6b-9a43-1c21aba04475,Control
d3a51fc5-71eb-49d5-86eb-accab1a11387,Control
febe8122-645d-4f0f-a924-e4f01fb2e5a4,Control
6e12f1ab-6b11-4b58-a115-666dd04206e4,Control
69d68a4f-f57f-42c4-8bd0-873d55c543ae,Control
b0c7b3eb-e019-47ec-b5a9-11ed2c347565,Control
5c96ea33-d2bb-47b9-808d-fcf7678dd86e,Control
3dac90ac-11a9-414d-880b-832c2ca8370b,Control
acd5a336-a678-48d9-bf19-5f42456ba25f,Control
2e6a11c7-860f-49db-a3f9-88c99b2f33f4,Control
6260c1b1-6923-4064-86d8-fe999f748c98,Control
74986f1c-2e56-4f7e-85e9-4a7d06c999c2,Control
96dac887-3f08-4138-88aa-4cb552671f46,Control
d21e6cbe-d177-4676-831a-fc0309420161,Control
5ae4fcf6-4834-4356-93a7-24cfb0a7e7fc,Control
d070fac6-636b-4d28-80a3-afefc839d7f8,Control
7d1e204d-863d-4318-ad5d-f2eb1fefc722,Control
d1ac338e-2a32-4caa-a1de-9195b604ccb7,Control
eedef3d1-a500-4f31-8996-bfc8afb814da,Control
a3db0949-d1c2-4486-9914-1aae84ac901b,Control
5e1541c3-3d04-4588-9372-1dcfcf68e686,Control
2ae89454-5899-4667-b518-7159043d144a,Control
cf99d60c-bf52-4c79-926c-1cfcb36d93c8,Control
e24f69e0-a6eb-43ac-afd7-1883848b318e,Control
a08a3461-9433-48ad-80f0-9ff67346102a,Control
aeb3b3f6-e9b0-4235-ae7c-7a10b9e50c28,Control
7cee3faf-ad04-4dc3-b46b-5bc842ccf4bb,Control
2fd109fd-5c88-484a-ba7f-512a1ccf324b,Control
f816a104-9b58-46f2-89f7-71965e3ae8ec,Control
d46e8f12-140a-4e01-b0d7-f2a2f6a90757,Control
82fd01b2-b036-4068-b809-3f8e1543ac51,Control
e9af9e75-a331-4be5-ac62-031e7a5b3f63,Control
56dde2d3-8f37-4747-9932-c0d474d5f796,Control
58f90969-d6dc-4c82-9e6e-9069036ca714,Control
78e2719e-7fc3-40f5-87f5-0c9b79594c0e,Control
c80d81f9-d657-4fbb-a663-91fd59e6b49e,Control
ec53ce1b-3818-4413-b9e1-0a1a35247f12,Control
b3320393-8237-4aa0-8988-0d03cc8a4421,Control
7caddbad-50be-4820-8cf2-7bc5dc9d5140,Control
fbf8bc4e-adf1-48f1-a71c-7406bf8aaa35,Control
185470a8-f5af-4087-8c3a-f27643f73622,Control
5547b1d3-f1ca-48ef-88be-797cbb27c6e9,Control
8f0fc3b1-b2b2-41a6-b203-0317707f3820,Control
a47b1acf-a881-49e9-a2cb-8d213b8b965f,Control
2acc441e-d253-4580-93cc-5535df4c74bc,Control
95896693-cb28-4f73-ad8c-249e4d20ff7e,Control
3fdc381a-27ed-48c1-bb57-e89602e303ea,Control
0b979dc8-599f-458c-936e-0d607b36cb90,Control
90f44d9e-69f8-448d-9a02-3bb70b98fdbe,Control
cc2d8c28-3731-4cf4-ba55-4983cfdcf06f,Control
e9d04492-f1c2-46f3-bb97-f827fc0c2904,Control
e736e734-03b0-492f-abba-275ac7a8056d,Control
b9900aff-b0a7-4dce-a3c4-bc01be9e06ff,Control
f385d68a-82b9-45d2-a015-b6017da90687,Control
4fb9da73-0953-4bd0-b3f5-bbd5963592b4,Control
de4c4985-7fd3-497a-9dd4-0c1d5d00164a,Control
c4e37506-52b6-473e-ae5a-cf3b3df5be16,Control
e0fa62a6-ff15-4bed-b670-6d7fd4cc6dc7,Control
8915605b-d1a2-46f5-960f-be075e1fcef2,Control
04b3feb8-3758-4726-9c6b-5c2e5038b0a6,Control
205fa62f-be03-4384-83b2-8c3966b1ac72,Control
e930b21b-579c-4d26-befd-b99fcaf5c1b6,Control
115b2b08-2c42-4407-9b94-0c5a04a2786e,Control
609fb35e-0b58-4910-bff8-993bbf77074c,Control
9a113065-bae8-4aeb-ad8d-dc9542f16218,Control
c3d56967-2276-4246-95a8-1ec92ce7b8e7,Control
2556bf8b-0b07-4c40-8d8b-f5d68cc4c705,Control
2278518c-5990-4141-b728-d5d506ffd5e3,Control
f00590d4-3a5e-444e-931b-5ea8640fa572,Control
955c7c9b-4d17-4676-8a7e-94c4a5d360a0,Control
a9a872c5-460e-480a-bc67-a4914b5d323d,Control
c9e0b6f1-5b9e-479f-affa-bdc69fd5cb57,Control
86dae759-8965-4b98-9285-ae3537e82013,Control
a2147e47-a59c-4d6e-aaf1-8246bb9bf615,Control
2070cb83-cf1e-4e6a-b50b-c6c405347b6d,Control
93aacc59-4911-4b63-984b-1d628f74ef76,Control
e5ddd3c7-cf1a-49cf-beeb-a71f510af013,Control
6befb59c-948d-4b21-8078-aa071c680981,Control
f9b6f150-b089-4a2f-8dbc-177d2ffdfe5c,Control
d31075c2-5681-4b24-941a-5acb8945a402,Control
8b1c6e81-a4be-4155-a5c6-e052571ad714,Control
375ea62b-dbaf-45f2-91ca-8609a7af1ad1,Control
ebef04eb-7635-415f-b1f0-ae97ec93df7c,Control
21c856be-c520-4fbe-8b25-d0c7f6b42378,Control
5072f59f-240b-4392-b556-7835043b02d4,Control
365a0623-5bce-44f3-a699-881808a6c4d5,Control
606d2ec3-c5a6-4b9b-b135-3e9abd9ff79f,Control
9287ff09-05cb-4dcb-8ca0-b4290e9debd5,Control
335e17de-9457-41a5-a530-ece2c09a25c0,Control
de72d933-f753-4c56-8309-aa384a619c61,Control
aba31ca7-deb9-4d59-9b1e-c5915233573c,Control
9cba19a5-ce6e-4a5d-881f-e20093710c22,Control
645aacc8-d122-4bb1-9d68-2bb181f72ff1,Control
a65fc7dd-800b-41d8-bf90-777b5b482fdf,Control
ed966136-15e3-44d7-8288-2cccf3249093,Control
c4c685d3-1549-470d-923b-433d19a1dc3d,Control
28a395a6-72d3-4b6b-8613-932ce0b81c9c,Control
c73cf9d9-ee15-4c54-8af3-595fe69340b6,Control
5162f299-a185-41f3-985b-c1f7e8969c36,Control
7e962a72-6798-48d9-a18d-90eba44179ff,Control
4c6d5c32-a559-48b0-b132-a27e1c0617ab,Control
f95fe1f9-3c7e-40d8-9482-0b869ed80f2e,Control
004fbcf8-6af0-4c27-9dc4-45ab76560bcf,Control
b86a92d6-d1df-454d-bf06-196552d1c310,Control
d301a985-3f3a-44e7-9a63-b33221489301,Control
4131de19-7bdb-407e-b0ac-27dc91a2bd6e,Control
d6b24e31-7f21-400e-b9a2-c4d3ce857e63,Control
cbd1508a-69a6-4a8a-bad8-6700cda64951,Control
876e1545-60cf-4850-8a64-0452a13e91f7,Control
3f208519-510d-462d-bc1f-3af1ff784e70,Control
eb6fc90c-849f-46dd-8b76-3afc2d78c61e,Control
d7c7cb1a-7b68-47dc-bd72-74450b150a7a,Control
fbbc84a5-1c16-460c-8435-d3dbe91b7203,Control
72b1ad4b-854f-495c-9fac-8b012e908ba8,Control
ca6a625c-4d8e-41c6-ade4-d2a235d29854,Control
ab409400-0045-46ba-bb33-1e368220a502,Control
efa52673-0fbd-4ac9-a0b9-6633a0d346e8,Control
fd90ee06-9d14-446a-9b3f-b45b7d17ef6d,Control
9e3d910f-c86a-4f8c-9325-7a83003e8b1b,Control
52a9448b-810d-4eb8-8a33-050f3c332431,Control
f58c9bfb-a7cc-4cb5-aa6b-8e7c6f81357f,Control
b2e5ec80-d831-4df9-a419-79de29865965,Control
4bc19924-c113-4526-bb51-8ccf361cb6f7,Control
bdcf0c3f-9b30-4e78-b683-15673177a19b,Control
6b2fa46f-9a7d-47e8-a2f9-eaa57feccad4,Control
b7d8c22e-21b7-4b72-840f-13213e30b53a,Control
82a9cc97-9f51-4cdb-82f3-84f9cc340cc5,Control
6e1d2351-078b-43be-863a-7bcc92d888c6,Control
7b41d6d5-bf73-44e3-ae93-7a0a44d5f631,Control
c249893a-d584-46aa-86ec-e52a01630ba1,Control
b2b632c1-f6fe-449e-b663-c5b5886c1ae5,Control
c37f0cde-b67a-46b6-8540-d88675af05f0,Control
4e660b57-31ab-4038-9841-9dbfd70a0a37,Control
88147a18-82bc-4fd1-92c2-0098d1afff2f,Control
35e05cf0-b21d-492d-a861-47d063e9f1f4,Control
278ff315-aace-47f5-8eed-d2b097821d19,Control
b2bb9e53-bbd6-43e8-9551-41556adaea75,Control
82b422a9-ddef-440a-bdc1-487d68a74797,Control
0929d610-70fa-4387-b41d-b004a9dbfc23,Control
99f788ce-b59c-448f-bb72-02e17076874c,Control
2bed0225-e1c5-4855-8374-a230d94adbea,Control
2b06c11e-3055-470f-b920-c4bf405b9a01,Control
42a8037b-e4ac-4c7a-991c-1fbfca26d4cd,Control
025229f9-2df4-4a7b-aef5-b11a7df1d9ab,Control
9799e1c7-ffc8-4789-aaed-aeaa28ba2d1a,Control
de919d76-8b24-43cd-a6d1-0c1eae0790b3,Control
350f5380-4719-4ca9-b257-1885298a5f9d,Control
3403e962-b342-469d-81b1-cf55ecd13b8b,Control
849bdac3-d673-4018-950b-7bc9b8bb52ba,Control
6dd87a56-a4d2-4416-8f4e-a0c366abbcad,Control
34b8def2-f0ed-452c-8cbf-beed59c8a0ad,Control
09e648b1-8fb5-434e-9dbd-8f92cdb305ac,Control
0c00fcb1-b6b4-4065-82d4-e0a527323c78,Control
0db18440-6602-4e14-b0df-84fb136afaaf,Control
eb33f7b9-0e3b-4114-b104-e2ce4f6869c7,Control
6a862620-f203-4c43-b82b-13ca8a3b5902,Control
79eafa0e-5f36-42f8-bd35-2687ea1f64c8,Control
091d23a0-e007-4852-badd-3104d245ef4a,Control
c4cce03c-cc29-4e75-90da-3766779c903c,Control
7ddb6c15-df44-47fc-99a1-5999a22c6170,Control
abc14f68-bfd6-4408-8ac6-5301ac81f123,Control
447c2f57-2d78-42ca-b83e-0f8d22f0b152,Control
b7258c8f-f521-4200-a53b-e1dca564a77e,Control
f7f34b05-b890-4b44-ae72-aca82197412c,Control
6ad1809e-957a-4cb8-9dfb-147c0f18525c,Control
94994eb1-c929-45dd-b8c5-e72755285dca,Control
dd0d1aeb-239c-408b-b98e-2c757e27e941,Control
d2977a50-031b-4672-9b22-a89e06b09f46,Control
1a10c63b-f141-41c1-a7c4-c9fda1fd25cd,Control
c6e0fd65-46b9-4311-b7ff-80622169a2d8,Control
e657a91b-9c5e-48ad-9831-9d73338a5a78,Control
9f55864c-8e38-4390-95b4-e7e2f2ef441b,Control
88f40936-1dd5-48b4-941b-acdb526ce244,Control
4168614f-80e3-465e-adc0-68c8557701ed,Control
dafd9853-96b9-49ab-974b-7bee4dc1ee57,Control
e358eefa-04c1-488f-8ec1-3b317a428204,Control
12f02fd2-fd89-498b-9a40-34f2f4ae169a,Control
6293366a-395a-487f-9155-b540f52267cc,Control
aa188716-2f9a-4481-bc97-8aaad3f84e3f,Control
bf2c2778-4e56-4a51-b167-07eef85b4d07,Control
54648683-43cf-437f-bc85-4b0ced4bbab9,Control
7d5dd5fd-9788-4475-88d2-6cdb29ea5816,Control
269239cd-58ab-41d4-8265-7954f9892d2c,Control
ccd792ca-90c1-4368-bf00-3d200e480376,Control
83f448d6-1c10-40f0-b9c5-822f01148fde,Control
83bf9ac0-f19f-428b-9671-c1aaaeb19fe5,Control
196e9f39-c3ef-44d8-8fce-349ecf8bdb74,Control
565e1b21-98db-4417-8a1f-0d43ad80db61,Control
305cb7a0-4971-47d6-8fd1-2159cfa08253,Control
97dc143c-01a3-44a9-8d8a-2ffe29bf3bb2,Control
4f96e22a-924b-412d-8a2c-882625761a75,Control
83c3ae0c-6ac1-4d7e-a0cd-ca537c5bd7e7,Control
64ff78ec-6f34-4084-8786-1a4d8ea77bec,Control
06dfbab0-eecb-4c55-8425-56019c67950a,Control
0e3f45d4-0861-4d49-a4d9-249d947190e8,Control
e7f6c318-5265-487f-a779-226aa3bd2a85,Control
01f9252a-122c-4927-a42a-7c54aee2d61f,Control
66129c98-1ce2-4786-a903-d3dc03e791c0,Control
22bead25-92c7-4d20-a7b9-0f31edb6969f,Control
50aa2913-b968-4da4-a9cb-129d043d6617,Control
a63dc15b-4d58-42c5-ab9b-954fd6265bbf,Control
8104f050-0a29-4d77-a177-1263d8eb8fa4,Control
42a3113d-e43d-4c67-b862-2f07675e3088,Control
cc13da8e-a49f-4510-bbbb-0f34991f32ee,Control
8ff7f0d5-ae06-42f3-96b4-85149f72f81f,Control
914891e6-b6a2-41ab-aed8-fa13ba33be9b,Control
56f14eb3-1b63-48ac-acde-3f42a56b4aa1,Control
f691bdc9-527d-4698-9f06-515a365aa8ae,Control
47d4636e-688f-4989-af25-ec9887f264e4,Control
c979b1b5-d4c3-4296-a93a-fa35cafb2142,Control
0468744b-4caa-442e-8a39-155d8b414877,Control
50a48314-e78f-400c-b130-6cf28c35855a,Control
4df5ac05-dce9-4b99-a639-643755a79171,Control
178209c3-2df2-43b6-ab3f-3111663791ae,Control
e16e209a-08ca-4fbc-902d-646f72b7a32b,Control
28263a4a-fec6-44e3-b6ee-f0623ff9a332,Control
27f6e247-5026-427d-8294-12de74e39f2d,Control
d6b2f5a3-9100-492d-a05c-9e38ddae65c7,Control
4929492a-5beb-4ec3-88e7-6b23c536491c,Control
000d4177-e009-4fe9-9442-ebc47310f609,Control
cca19795-2169-4c9f-8b58-24c4fc9dc0d4,Control
8bb67ae8-ae92-427a-a4bc-0645dd8b90aa,Control
f5964e0a-ebe4-423a-9745-13e6cdc25dff,Control
08cc5af4-ddec-4485-abc3-0e8544a4cfdc,Control
23201009-af23-4de8-98fe-8f09813d52cb,Control
95df4015-7554-41c8-8db3-a6270bf70d7e,Control
556b68ed-2183-47dc-8b15-88523898f9f3,Control
2afdfd86-c175-4520-bdae-ca64c430de8d,Control
ddc9a2fc-4ff0-436c-8ee1-f73651655b7d,Control
1356790f-5b32-4c73-9666-93e4a962f54f,Control
36f01d30-2373-44f9-95a1-a29760fd7087,Control
241aebb9-5e76-4bdb-a901-2271b1e5b7e5,Control
0edf9fa3-2409-4390-a442-11e3d695ed02,Control
c2563b4d-9f8d-48c8-833e-ce11e74b3eb1,Control
757b10c0-29b5-4dd6-9be3-86fe750aa3ed,Control
f3cf451d-e924-4fcb-afb5-b28023ad3681,Control
bce6f52f-15ff-4026-a89b-8937c8298624,Control
e2d83db8-fedc-44e4-8d0f-8f7ff9788c40,Control
a937ed52-e9a4-4621-940e-0e12d20faf5c,Control
137bc040-f2d8-49e4-b7d5-56160337d012,Control
227177a6-1b2f-4ae3-a4e0-776c98413504,Control
1406329b-38a8-4014-a2dc-698fbc7db110,Control
c7b4e2a8-b96d-473c-9437-1a9e1021719f,Control
b4b64b54-f88d-4420-bfdd-bf35685251c3,Control
98092e2b-65fa-4fd1-8b1d-5e4e2f04d735,Control
27608e0a-06cb-44f1-bc69-7896c4db1d20,Control
1e320d02-cf4d-4b70-9229-1901dd972602,Control
59fb750d-f1c3-406f-8a3c-df653168de35,Control
f9f7fce3-6889-44c5-a749-2012011dabe0,Control
4e08384c-2aed-4c28-b1d1-3b51aeb9a04e,Control
2fd3bb79-6f0c-4f90-aed0-864313bdfe42,Control
8f06cad1-928e-4879-9c7d-6eddf6f3c873,Control
d77651fa-2ad2-4187-8a7a-bfb4488b6595,Control
681755ed-260e-455a-a4e4-d1d35269f48d,Control
e860b073-e1b9-4347-a169-ca5ca7f44d52,Control
8e546eb5-a56d-4cd4-bb61-d91903851648,Control
dcf33a7b-c663-45b1-9ac0-399a978d678e,Control
c8dd1722-536d-4184-b83b-d00425bf9d3c,Control
344e6d45-adc9-41b2-ac71-347f30d57de6,Control
ccb6c25b-7735-45e5-a517-5e87cde4f249,Control
e45ddccf-05f3-4ced-b6dd-4ed18c8f45d6,Control
0d29400b-6ac6-4999-83bb-7589d9585cce,Control
f70a18dd-27f5-46ed-858f-22f878d85462,Control
61034058-66df-4e17-9c7e-23532e074480,Control
936ae6d3-31bd-4fde-bba0-2902b84ecf07,Control
ff33b57d-c445-4f03-abd7-ef3f71099831,Control
e6c1ccf8-ee2e-40ca-97cc-f9dda970692b,Control
a9e159b9-5147-44ef-a649-35d8c5ede28d,Control
84355c20-7555-4e6e-9428-a19474fbe529,Control
af9b40ba-9ce7-49ea-9fff-065e17aa4907,Control
fe7bb3d4-9cee-4cf0-8382-8a8bccfe9df7,Control
fb18c122-21aa-4d69-992b-c50ba083b3c8,Control
e9b27605-f454-4f9a-8d61-9d0fdbb645ab,Control
2155efd6-c555-4117-9c81-bbb006efe2e5,Control
664ec6c6-a079-40a7-8cb5-1d5200b360be,Control
546419f8-9da5-4c92-bfee-1ea6ed3344db,Control
4bd30799-9fba-4a3c-9927-b29bf4fea166,Control
1d10612a-ae59-42cc-861e-38d8fc3d8c06,Control
c7ae2f25-2d23-444c-9c51-866d7ac4b2e7,Control
2bd7fc37-b700-4fa2-93d1-4770abcae863,Control
6d064d90-90eb-437e-bc07-c9e0634436a5,Control
73521e65-f1f2-4ff3-94cf-720a8f6e7103,Control
17305e2b-8a6d-440f-9747-072d405d1585,Control
ed734ee3-e8fa-46ae-b72b-aea11bdb6caf,Control
a33804a6-ffed-4020-b39d-92db4ecb62fe,Control
43569299-8b0d-4de6-b119-b6849d8ff0d1,Control
e46dd9d0-989b-4212-a9de-c3f91c672f33,Control
8cdb855e-de35-43ae-bdcf-e91401e5ff3a,Control
2e07ae12-4680-43eb-b5c5-1495329ae9f4,Control
8159af94-6258-40b7-8970-6e4b5dc35bb8,Control
1e62d4c9-d581-4c65-ac0f-3367df8c9edb,Control
fddd811a-6006-4228-bc8f-6ba73e4e8f65,Control
d113e66c-0fc3-419c-8d8b-2df5812ceccd,Control
1859f8fc-2fb1-41d1-bb82-333663312b6a,Control
a33c669a-f73d-44e5-875b-598fe6b04287,Control
5e6a90de-495f-4985-b722-2f264a392660,Control
2a946ecd-e715-4108-a3af-75208d75f717,Control
f4755029-d08f-4c9f-b1c1-e3ec2867671a,Control
f005f5b7-e76c-4518-a85a-3cfff7d0f3e1,Control
1e86d873-b292-4ce3-97f7-66ffa16efc2d,Control
f9b1ab25-cb9b-4cac-a03e-47cfa3f8a22f,Control
378edeca-45e1-4baf-8cba-0ccf25e55e51,Control
1ba7f560-c18b-4a73-933a-050d263addb2,Control
96f3dd4d-7d22-4baa-8c61-859edb9ab23b,Control
e5ac2d16-fd50-4d94-9b7a-ac6eca53e8c3,Control
0768fb64-e18c-4b3e-915d-868989d73189,Control
fa1475a4-70ac-47e3-a378-bc54416359ae,Control
39ca6511-89c2-4ed5-bdb0-71f4ee9ea77d,Control
ae94c75e-ea0d-47e4-8d12-c1050d28fa50,Control
e8218117-c93f-4ef6-9b28-b4b3de5bcb41,Control
e7909d66-6f26-463a-8001-2b6d68da27e9,Control
497a6a15-927e-4e20-9bcc-193f3f292108,Control
d7aeb429-d5b5-4b3c-b4d2-cf0a1cdb98eb,Control
9175dc2f-77ed-40e1-9dc0-42400c440e55,Control
5957c737-e75d-4897-bcb7-fa4f1fab60df,Control
8f346bec-3fab-4e94-a837-a0b48e274074,Control
a855b869-79bf-478f-a937-88a5732ae3cf,Control
fc86c3b7-8ffa-4b1f-8047-b8c83ea5aaa1,Control
9ba19db5-cab2-4e5c-adae-329082f7711e,Control
32b5d494-12fc-4063-abf8-cc14e37f288c,Control
1b0574ad-9521-498c-a9f3-fee44490b84d,Control
b3f2a0c5-6cf3-4081-a2cc-7f7799ab3d9c,Control
030045a3-ea46-4065-baeb-b41bf47e5476,Control
0fac1c26-c38e-40de-b917-63de88e82d46,Control
ad4048a1-73ed-436f-b46e-0fceed24f738,Control
0df211c9-90c5-4907-b8b6-c106fd4494c6,Control
93d7f7dc-87d7-4189-a965-35830398411c,Control
6b161a65-f348-4c56-ae21-d14c753f698c,Control
cc752810-54bc-45a2-8ff2-6ac2cb4b188e,Control
4fdaf88f-813f-47eb-a1ac-9a1a1634f14a,Control
e3f1d8ce-def1-4827-886e-5a560049993b,Control
b7c395ff-653a-453e-a5f6-a037462c3abf,Control
99abb702-90c2-4863-8a83-de7bcfe2086e,Control
21cde528-7602-4aaa-b416-17a437e4a86f,Control
dd00abff-f507-4ea7-9faa-117a3a33e5a8,Control
cc972adf-3ff0-48bd-814b-e8ad51fe66db,Control
85fb936e-663e-49f7-90c7-9c0e807916c8,Control
031d7cc0-8e45-43fc-b732-ba8951cfe121,Control
7a87c212-9c2f-4051-b23f-f5d0721b040e,Control
0cfa2451-9170-456f-b44f-98fd8dc0fd12,Control
c233bbd8-5dca-4ba0-b723-a7650ce2b390,Control
d53b85e4-6966-432c-b21d-d75b453e23d9,Control
fdc64c14-37ca-4c1a-899c-8e013793faa0,Control
0567bf2b-e625-46e1-a503-4cebf3f50a4d,Control
39064cf5-33a3-49e4-8a9f-1789e6b5baf9,Control
0081673f-cbb2-4962-8f92-85c637e46ea2,Control
6df80146-7e32-4f5f-b9f1-9ee53201b0a1,Control
8b8b0aeb-3ffe-492f-a0ec-a20de4d299ec,Control
20d2e3e4-1842-45e8-93de-4f12a772641e,Control
300f6f86-a289-430a-86ec-8fefa16a86ac,Control
e731f6f5-83e7-46bc-85bd-7f316f3f329a,Control
e28b8caa-22d0-4f94-8039-e1fe2c3079da,Control
a336cd70-56dc-4d6e-9c58-3e0f7213903e,Control
4d406e76-1bd9-4a11-a08f-55f3dc4c53fa,Control
2ccd2e39-04e7-4272-8573-343dc5e2c867,Control
249890b7-d002-4f02-b759-ff55674cfd5d,Control
c7725f9f-e8a2-48b9-ae92-678b51901d09,Control
450eac0a-8561-4f05-a23a-5b40eb1e6ac9,Control
db7b3cfc-8084-4ce1-88cc-014d0edaac83,Control
9fb8e581-b581-4ba6-9bfa-fb4010e1d02d,Control
f2853c0f-4bbe-4517-8c19-0c47ec6c77cb,Control
d513c8d8-e53d-4a87-a21e-c35faad069c5,Control
b17c7c9a-1c37-498a-91ef-3edb3c6fcbad,Control
da7f045f-9ba3-4bb9-b8dd-e38bf9357a75,Control
65af6cc2-3bbf-4d30-a3e4-4c669eb48293,Control
4ac1d8f9-4131-4ea4-986f-01a05a510936,Control
a717556b-5bdc-4b43-92f2-cbf5b51dba7a,Control
3dc975d8-089f-4f3f-bb6f-6e3a16e7180f,Control
d4bf080f-f42c-4f71-8b3f-308543329013,Control
9eab9799-c94a-4c69-b28e-a694ec518724,Control
8f872487-2539-4f63-a758-38e8b8e4e86d,Control
82f6ceff-3206-4f0c-87ba-a41c808d9760,Control
52b6dce8-7ef0-4908-ad3e-f8c20c8232a6,Control
d6ca7e40-686f-41f2-9f5b-3eb6ff4b4f83,Control
069167e6-0ff8-48db-923c-b4fa52c0ce32,Control
33310b61-64a2-4817-baad-a2afde29f5a5,Control
8ef0d330-72bc-4170-88bd-c735fd812599,Control
550361e2-05d3-42e0-8db8-1c6e57e65a30,Control
66570831-77bc-43df-a457-ce969dcf7e03,Control
d3236664-6089-48be-9a01-393e5ed74fa8,Control
98c96f2f-6c74-47fa-8bcd-7f6f5de741df,Control
b62b91bb-4e37-42a2-bc56-1cb2445dd929,Control
921796a3-b30f-4b34-b6e2-899f7989a05f,Control
80c205b5-551e-4d4a-ad1e-46c1980bb1b6,Control
42c395c6-5040-4bc7-a3fd-210a7576b31a,Control
e923eac8-84a5-404a-a621-6308e8992fa4,Control
3869c64c-5828-4846-8d20-680c8d17a05a,Control
bebdf97c-e3e4-412f-8d0a-6e791aa627f2,Control
8d736e75-1677-43cc-b38f-a7cd2687fa8a,Control
6b74c50b-b85d-432d-a15f-fac821462ab4,Control
b7e7ebf6-a946-45e0-b538-f998bc323557,Control
cc347b77-dafd-4bb3-a6e7-1f917ba1a8fc,Control
2a35ac1f-7cbc-4884-ac5f-a0194d94f132,Control
8a6d6be4-20c3-4332-8b2e-e1a79900f79d,Control
95a09cf3-d5d2-4cbd-a71e-f201cacdf7c4,Control
fc3ebb39-073f-495c-9875-6cddba5893fd,Control
c00b6d1d-44aa-40d4-80d2-36c65c537499,Control
bd36e1cc-e3e9-4cde-9b33-817da118b99b,Control
ba7ce0f9-355d-4ae2-9922-c2bd0d0b67a0,Control
545916d8-bc12-452f-bf22-f8245ddfd294,Control
8c1e4747-d9d3-415c-949b-a580d0999862,Control
c55c4208-e788-4956-9813-7f175912ad56,Control
8a61ab9e-3d02-4db6-ad0b-e8aed36b3082,Control
cf0d4b30-1051-4f5f-8398-090a1550d47c,Control
29a2ed3d-b218-4c08-99ec-99d5b0744aae,Control
3d91426f-eb66-49d3-8ac4-2e1121f55e90,Control
4a732b41-99e4-41b2-bb0a-c9a0d5597614,Control
4203fbc6-27e2-408c-8793-2beeaeead6f0,Control
0f15b8df-4ef0-47a2-9549-fa6e64067d5d,Control
06b21acc-828a-4db3-9572-207c9a8e6403,Control
04eccc99-94df-4b81-b7fe-50602a416208,Control
1508edef-ac9f-47e7-809a-a2578c4614b2,Control
d9bbab04-9c78-4d56-be71-505fee0bf792,Control
330bd637-536f-440f-a58a-be8d90272b3e,Control
70b5b43e-7cad-4193-b042-9fdabb145a51,Control
d9f4b670-ccf8-431c-bc0b-e3ba9fd1b6df,Control
d1eb7c71-51d2-444a-8670-d9d78a5bbefd,Control
69cd1179-5190-4f3f-869e-319abcd7d8cc,Control
40e383b6-3ced-4488-a639-85d098003d74,Control
da113fa8-d508-41a7-b4ff-06c233223640,Control
e22b4252-6ba6-4269-b29c-ecc4761ca726,Control
f7f90168-f5d2-4ef7-ba84-681f17d65d06,Control
8ad60492-7c58-4e1e-a47c-682f4bdabc7e,Control
6a9dce3c-89da-4a1f-b41c-8ec3a3b05da3,Control
106196c4-8b72-4db0-8948-fe276fd4c7ac,Control
18b52bdb-a796-4d6d-96c0-fe743b9f4d61,Control
1606d054-3b17-4487-b52a-972bd31793e9,Control
9d33c092-89f7-4338-8255-5de4c323009d,Control
5c51c58d-34d7-4e72-af1a-8ec1cf14e4a0,Control
f3e7d772-6ee2-40fd-b046-c7948ab3e3f3,Control
79c12059-88d4-4ffe-aa25-c06f9246d83f,Control
6724f9e6-af60-4db3-a617-ead539f236b9,Control
aaa30831-f4a1-43bb-81c9-35c67e298cf3,Control
6807fb3f-e5ea-4d4a-912c-3282882b1f55,Control
19ce48f8-9cac-48aa-a492-1b19de14be68,Control
0160e554-dba9-4a7c-816f-ae82c00ff96e,Control
da60d92e-91f2-43ff-8b76-5b940e8a44dc,Control
36e22d00-3650-4361-9ae8-3f6b736262ab,Control
ddc06395-2a22-4998-98d3-0b97cab37459,Control
3b66332f-a7ef-4fad-81fe-a24da995a9c1,Control
8a11e01f-bb5a-48fc-ad7f-47db9a076fcd,Control
b4f3576c-ea6d-42c3-a714-aac27f0bf73a,Control
92da53ec-4a11-4be0-b6ac-fa5102021dd5,Control
4c7a9d83-6ed0-46e2-85cd-ab7e2e04aae3,Control
3c1d2770-505c-49b5-a87d-ad54e8a142c2,Control
0c82a011-07fb-41b6-a198-b7a6bde9f7f4,Control
28c77c12-8457-4694-a7bf-16dd92a304a0,Control
38fa039e-0b7f-463e-9ed4-174acecca1ba,Control
6bfe6ed7-ca25-44a7-93a8-0ad2e590f3f9,Control
e5c5d1ea-f7e9-4198-bd8f-10c611afdd55,Control
01e4f646-3ba2-4842-a6ac-93d2ddfe6d40,Control
8b396a88-d56b-4745-9dfb-64a3afb086fc,Control
cd897d44-9502-4157-bc14-2f06aaceb755,Control
6e830911-5301-4b7d-82f4-a28d9e0560c8,Control
10bbee0c-7874-4443-ae7d-b74140c8ffc1,Control
fe96827d-097b-4bc2-a02c-55fc7a159aa5,Control
411bbde5-2a40-4336-8fee-3b1fc21b1c11,Control
b180f5a4-115d-4561-901c-f7511b24547b,Control
83066fc5-8d46-4266-ab87-bd7d1a7e058e,Control
8173747e-e113-4ac6-a858-035f4db0b946,Control
421c6ddc-15a9-4090-a27c-6dbdc85aa64a,Control
d4823dc8-b26d-4a6f-97f1-3963bb4e7998,Control
81d9f92a-f284-4987-811e-dc027343d2ae,Control
939ed1d1-00e4-4e2d-93b7-84ecc56746f9,Control
26b7297f-e036-4645-a2cd-a02f21373d6e,Control
0d6c480a-d120-4d80-ad36-f3b51c58ed18,Control
a86aef19-3ffc-4182-9901-0547d6454d50,Control
d21b0c00-dc31-4502-a442-70058e6a70c1,Control
ffd65246-ca72-402a-9199-b89bfea8c62a,Control
16af04ca-a89c-4beb-99c0-cb1db20812e3,Control
552b1752-5fef-4a39-aad5-d7f98beccac5,Control
67aa4385-f73d-4c57-9445-6d721b6524a6,Control
2a655b17-b625-4eb2-a84e-50b382df2ed6,Control
aad1cd87-4795-47de-9d80-0085040d93fb,Control
f612068f-7e64-44d3-a1e5-ac9762b38a54,Control
5deb8630-788e-498e-8c23-d5eb28517e94,Control
8adc6b08-886e-4f28-9c96-4c0806e84522,Control
964ab610-48f7-4695-a9a6-c5fe377aa8bd,Control
cf6849d3-287c-43a3-8c25-25b47665385b,Control
5794b0af-ed97-4639-8f30-747077ef1a3a,Control
1b66b5e4-29b7-4e84-a6a6-0d668d08579a,Control
5f14ebf9-6cc4-4009-b7c0-a98d4285979b,Control
27c328d1-701e-4865-826c-37394bb01628,Control
d92bf9a1-c52e-4083-8c46-4a739d7fd242,Control
47550f23-c3e5-4f0a-b3b0-e44483a5993a,Control
a705c17d-81c4-4e25-88b3-5e08c4f1da94,Control
4ea35745-5313-41c4-a44b-922302a52710,Control
699cfd3d-7c4a-479d-900a-72167a717f76,Control
6e1fd845-91e3-4a30-89b3-3d06a1296d43,Control
9902577e-f157-4ce6-8483-e7c39a564ffb,Control
b3a9f493-856e-434b-bddf-b18decbabcb6,Control
cb942a9f-9108-42b0-9743-b9e7e63880f0,Control
70567f86-97a5-46ed-b74c-fc3da700ad45,Control
c323e468-2760-4088-b265-3dd342a9e5fb,Control
996becea-fede-4153-a18e-13d148a2132c,Control
9d942062-cb97-458c-a0fa-9c97098d4a55,Control
b2b07b73-44f3-49e6-93de-f42d8eca3312,Control
447c7dde-cc6d-4921-b9d1-2b84de21fe07,Control
592116d2-60eb-4f06-92f5-3f32c5e30ab9,Control
dc281501-b8b8-444d-937f-0acf426800f0,Control
7365f90d-5f19-4781-b137-9d8ba9f00db6,Control
b8a94f5f-2f84-411b-a25d-e8f789e79957,Control
cc5643f7-e6c1-44e3-9a30-e4e6139dbe05,Control
3f720864-29ec-4789-9f3a-69a029299c80,Control
758aa097-1058-424b-8eb6-9fbc0a7c7589,Control
9a6eee5b-b639-4d47-b9cc-21f90878b554,Control
af57e75b-e8d0-49d4-9aeb-2be7312b9ebd,Control
852a4b84-6c9d-45aa-b906-42e4e624706e,Control
ced650d2-f3ef-4744-89b1-8aa924067a64,Control
7dbbbd23-7a67-498f-8b1e-023bc125a0c4,Control
8c936515-9fad-4e31-b512-3db46140969b,Control
066a9862-4522-4231-824c-9bd892707140,Control
cf97216d-3631-4608-acd5-693c5c66a87c,Control
d339f074-1b94-4959-8c29-4208d8aec3c9,Control
9cefd0b6-15a4-4a8c-b683-f9a4498f0752,Control
a4d24b89-3553-46f1-8e76-61e5f782e745,Control
6591f1b4-acff-4d75-8ed9-6aa8ec9cab5c,Control
bcc2fda4-f9f8-4da0-8176-b5a128f2fbbc,Control
d80af003-ebca-4089-80e1-730ef7dc7899,Control
a724c0b8-9df7-48b3-8c7f-f52567555046,Control
24305411-edf0-43d4-80f7-3e6d19d12227,Control
03b3f329-bec1-4afc-ae3b-2578123b0d5c,Control
e99af020-ec41-4ab9-a82b-e32c76cddf3e,Control
52763aed-0379-4e84-a8ba-6de1ea2343c2,Control
c4a7a2ef-681a-4c83-928a-cb209ddbb6e7,Control
171a41c7-b832-4c54-8753-16952a9dbee6,Control
809cea55-2a56-4a77-b9d3-5afc26f55efa,Control
7495027d-dc11-4b69-aca6-829d45b8c710,Control
82bb3df7-5c2d-4c75-b9f4-71b0dbef5a17,Control
e48830c3-7f37-426d-8a1d-fb1da329f131,Control
3bb7285a-9f1a-4e6c-b467-764ff1bffd44,Control
adbc3169-5e71-4556-a123-cf1303e0d2ce,Control
7f2c73fc-c7a7-4aeb-bbf0-7a18d50052f1,Control
9a47aa5b-4dce-4b38-8a2e-0b4d37bf7e36,Control
d5cc65f7-dc28-40f4-8793-7e11cc3f0b5c,Control
b479b833-a060-4008-8cdc-7e8111cae9f8,Control
7ef8a35d-b122-4655-ad6a-ec97a2b51ba9,Control
a2b9a28c-e57b-4eaa-8403-d8aa8e77f7a3,Control
f6c790b5-64f4-47cd-b598-43fab1a67e43,Control
42f2d9ed-e7d5-4a81-bc2f-d9906f37af04,Control
d75609ad-e703-48b3-84dc-0484dd25d2bb,Control
ea13867e-c72a-439d-8b50-78354c04a7b8,Control
a635d730-a106-4fc9-a853-255b6de347de,Control
2e0b2db8-32b1-4509-81e0-42ae75234f71,Control
2fc241fe-3124-4d7c-8cc4-8e734fa2db90,Control
927be2bb-08c5-440c-aab2-868f99d00216,Control
e28f3f3e-8f36-46e8-b23d-50bf49cbe75e,Control
0a460a71-ed22-4c00-8105-4e9c69c74cf1,Control
9a69a9e3-c0f2-4ba5-8a87-553f15d02605,Control
f645b572-4253-4001-8514-3a0bee8c7847,Control
6acc55f7-d326-4459-91d6-6e90e7fb3806,Control
b0eb619a-7510-4276-91e0-b9f895adfe56,Control
1acd960c-a2e6-434d-8d57-09fb9e261ea2,Control
546d2ab8-eccb-4dc0-8e22-9ab47b5d011f,Control
96f1029d-04e9-45fe-8b8e-f4850db0968c,Control
f37c6e3a-1623-43f9-8d00-ecaf1793902f,Control
aa471f0a-f304-4baa-82ef-6b2405c95636,Control
d0e4acd2-1b51-4bef-93eb-ac6beba12454,Control
aa6eb585-13c4-4fc0-99c2-721e87ad1081,Control
48b64e2d-f10a-4c41-bc7c-16ba37c22903,Control
6b87e5ed-d94f-4ee0-b26b-bff53fb6d313,Control
cb5536e8-d428-4491-98bc-ead07653d4e5,Control
e80ca70a-c3b2-42a3-a0cf-846654fc26a9,Control
3b8d6637-a576-44c1-9412-a4e1a304eddb,Control
6ba1bd23-6869-4e4f-94ea-5f7b1b1194d3,Control
806f3a55-6859-41e5-bcf6-1d5b7c327c0d,Control
15f5d5d9-0155-4d65-b05a-e57718f03e06,Control
6b6fab51-5574-473b-a9c8-6f32fe5f397d,Control
b6fb108e-324b-4cc9-be03-ee317a42816f,Control
60c6af26-fe57-47e2-b95b-721b551f181b,Control
6bfcd41b-03d8-42aa-87a9-85223b23d863,Control
dff0f24a-e635-4b2b-a68f-3d404049e7c7,Control
90274f48-9687-420c-aeed-596b85fe011e,Control
3306c762-119a-4e9d-a7dc-eff5337d30af,Control
a63f3519-f4a8-486d-942d-e5a1ec7382f5,Control
e5565427-7122-45d4-a53e-41bbf68c1617,Control
36b36149-0227-4030-878f-102635ce81a2,Control
07c5c28c-b16c-4cb8-8a6f-13a0570f3749,Control
8c194dbf-549c-490b-b5fa-58a00300e4ef,Control
957c1670-62fb-4b0f-86ef-fcefebccdc8b,Control
6036af19-9ea7-4cc3-be68-5f60599b9dcb,Control
2807613a-fdc7-4c32-88df-7f1649f825a7,Control
8352fdae-025c-4498-a576-479288109ed1,Control
c9ba221a-4e4a-48ef-b3ad-20696ac9a035,Control
bb9990f7-9af5-4a28-a8da-de162d3fc6e1,Control
deefe33e-14fd-430f-8353-729f9147c3b2,Control
325f497f-7b84-44fa-97fe-2c3458f0562c,Control
262bc47c-c03d-4608-bb28-e5717ae4e606,Control
08a4f35c-3376-499a-bc9d-dd1a098e5ed6,Control
5fc17f13-e516-4c2b-88e6-285e522256a7,Control
aaee15d1-217f-4f1a-922d-4abfd81931a5,Control
22b9618c-6f8f-4b4f-9286-9b8a1068539f,Control
f5a34508-22fc-46ba-8028-5d5d7af3e532,Control
bdfb4ee7-90bd-4614-97fa-9b7156cd8d2b,Control
7af1ccb2-65a0-4fef-9f54-e3603a90e6ea,Control
72e9199c-26bd-4ced-bc05-83daaef228f8,Control
6f068609-f288-443f-a66e-d78bc847b4f5,Control
ee4237e1-7e17-4955-995c-b2d44ca2c4a1,Control
cf31ee8f-f193-4240-8a00-0f269a3ea60e,Control
5d52a07f-8576-407a-8f51-cf249d13fff6,Control
6439824e-f6b6-498a-9576-a0fcf9741798,Control
bc81157e-4535-4a75-8ee6-2db4873b4892,Control
4f4514ef-2e7d-4fad-9b4d-5e42b97bb98e,Control
b6705e58-5a85-4742-af90-cab42fce0c9f,Control
71fbe48f-3b12-4542-bc1f-e9bbd74f4aff,Control
f6fc7afd-39d0-4d81-a705-fe362540805c,Control
af46087c-7173-4fc7-8790-69f528f6bf52,Control
15c99761-e182-47a8-90ed-0fc2dc5ed651,Control
12aaff20-d926-4b65-b81d-3efbe6ed2b96,Control
c08c1f75-4a57-45de-be31-534b1951f901,Control
61369486-2a8e-4661-b038-3bf5a6b7ef3b,Control
226e295a-981d-4b1e-a91f-459972b3a69e,Control
b7babeec-ce74-4fa3-a8af-490d05d77090,Control
9699e10b-92b6-438e-8f31-9375c51fcbde,Control
07212bec-4bef-42d5-8a5a-562a7de82fdb,Control
8d3afe5b-3843-465c-9980-8d4db15eb8e9,Control
40f2cf35-54ab-4fad-8df1-076d24435f70,Control
221418d8-876b-4dc7-bcb7-eb7073c3e80c,Control
629b34f9-013f-4477-8be3-ab4394ff5502,Control
10e6cfd3-085e-4bd1-9dd9-95fba7e73778,Control
ceeb96c0-bb18-4f29-9652-b8c68529825a,Control
a7dcb9f1-9b14-47c0-9656-440e04471439,Control
1b2b0a71-1d84-4501-ac0d-a83bacf7ae17,Control
5f7a5759-389e-4ebc-9c39-2fd5f2e18891,Control
4e0c0477-6585-43c0-98b0-ce8ff1ef5a29,Control
31a543a3-90f5-45f1-813e-64a11b645b91,Control
245b7427-35d0-4fcf-b8cf-8bad2d15dc29,Control
2ee83ea8-55a9-4076-92b5-00e56fc9277b,Control
9c991b2e-62e4-4ac9-9f79-5934e3083755,Control
a109310a-567c-4c97-af8f-4cfd734adc09,Control
f7dd9cd5-7528-4ac2-b8c5-f60892af5d91,Control
ca5188ef-7940-45dc-b58c-ea7e86738879,Control
64d81bb6-80d7-40d6-96f5-1becf85d67d1,Control
5f6fe30e-9208-4c86-b87c-2c93dff11685,Control
eee07524-04eb-4ffe-b3e9-a99238eae312,Control
ff12afde-8a12-446a-a3ca-689b1af0424a,Control
696bb56d-c0cc-4c5d-bc4c-42d4124ac1d9,Control
dfa15123-5ff8-4019-9dcf-48460714ffb2,Control
8d1d390a-fd8e-41e0-96e5-c6ca329aefe2,Control
f259cd55-c02d-45e0-9d1a-ac661c2054c8,Control
acbe9b14-e55d-4a50-909e-c1a77494b881,Control
cd5073cf-43a5-42f2-9948-d025029cda40,Control
2841b265-1d04-4cda-a4be-99a3eb4bab74,Control
b78b2410-12ba-4450-8875-4937ac7c35d7,Control
f5a8b5ad-ef22-4481-a3e4-1c920b6ab3cc,Control
5091414e-a94f-4770-a21c-6e9bf857365a,Control
02304fa0-a08a-4f24-a744-2f39fc0bfcab,Control
dd2ab743-fa7f-4d54-b46a-975a2d40ae33,Control
cc1108a3-95ae-4d75-91f0-dac26b972d83,Control
e528c606-f251-4f03-abe7-20f476c2264e,Control
906d7431-6165-44c8-8bf2-749e108f3a6e,Control
2f161801-fe8f-4c8f-8c43-62a69c2ca829,Control
4d137cd3-bb16-4591-a482-60017b100735,Control
8de1b456-f02c-46ca-8bcd-3610872d4fe0,Control
c92f4bd8-2119-4818-891f-f1a6e4beee34,Control
2c34d8f6-b390-4f91-a750-de252fc74b66,Control
0fae770a-e74a-4eb1-8d53-ea053e0900ee,Control
862d479e-195d-44e8-83ba-5de1daff5d1d,Control
2782e066-58b5-45c7-a424-0110fb8f0828,Control
c6efb003-1324-4be3-b91d-33248b6a7354,Control
c790c0a3-f41b-4947-82b9-875c621dd04d,Control
244def51-a3e9-43c6-a5b2-f6a250730b00,Control
46303c14-c7dd-4098-9825-95b2ef1bd21a,Control
13b864a9-45ae-424f-baa4-1492603d2949,Control
422a40cf-f1f3-4b70-8e77-5d30f0f5d12a,Control
d16e0e31-7430-46e1-8e09-321cf784341d,Control
ee53e391-8c97-4c65-9bd3-9b2a01d1a8fd,Control
a7900a24-c6c6-4647-bfb2-718ed3cb8169,Control
0d22aa4a-699e-4b88-a63c-bfaa5ecf1024,Control
99eddae5-ac0f-4ca2-8ad1-d7497f006c6f,Control
ceba0732-c541-42f4-a3ad-83b45c1338da,Control
48e67177-755d-49ef-bea4-8ff55f0f93ca,Control
d1d3d16e-4f58-4412-8830-682cee64c263,Control
68f600e1-9490-4483-bbcf-ac20a5b422de,Control
d240acf9-075a-4f02-8ef4-664ca6411820,Control
3d6b9280-3cef-40d6-90db-e4ca3019fe54,Control
e3ba86f9-65f5-4985-9ead-c24ccbdb1074,Control
305ae233-d947-45bc-b789-afffaedac3b6,Control
2154381a-9198-4e61-b75f-6b107ec381a7,Control
bea77a59-7fca-40b1-a0ec-07793bd481b1,Control
ed547dff-8420-4465-9525-11b05756e998,Control
18f10157-a5c7-4663-9388-35c7a5452893,Control
2872f2a4-aab2-4e5e-985e-0918e98b85c0,Control
0aab7014-9685-4768-bb35-23176e680a07,Control
450f471d-91ed-4ab4-9936-ee6de482b850,Control
b8775cef-e9b3-4067-9011-a07e80b62bbd,Control
bc0a3c63-c4bd-4bda-94c0-a3058f955d0b,Control
614e5850-dff4-4f94-932c-87cfa56076ef,Control
80ef0d81-aab1-45d0-82c2-8f051c0da430,Control
1eabef33-caef-40ae-aac3-81974ef82375,Control
b3dc811d-9a16-4732-aadd-c97ab7b4afe9,Control
c9469525-a28d-403b-bb9e-fe4ca6794d3e,Control
e7309b86-fa06-4fa9-9647-09b90de6ea10,Control
1d9e0f15-4133-45e8-a894-583d4e3baf86,Control
6388a701-7416-4d12-a006-0b8bb25f3d9e,Control
6dc7fd83-9ec7-43e7-b324-a1a93eb959d9,Control
3ad17dd7-8250-4ca7-bd50-2d58b2d1a898,Control
10e5c7e0-5925-417f-a2a8-ac21fd2559ff,Control
1a2dedb9-8c15-4047-af52-f98a45b74a03,Control
108b0153-4258-4cb8-9142-921fefc513ac,Control
de3d6f41-40a9-40c5-a25e-c1caf50fbfa1,Control
8fc71710-736a-401f-80da-12c567ec616c,Control
bddb4f3e-a313-4af2-a5c2-e5508022abe9,Control
49e15299-6053-4c60-9aab-8e4c3b209426,Control
60bcd219-a09e-4c69-9126-669410ab8fb3,Control
c2bdb266-b6df-4468-a622-21968fd26ba6,Control
b681f5d0-6063-430c-9df4-1982284b127e,Control
dfc90f35-4ca9-4281-8ebf-50dc60ed5622,Control
9cf1b1a4-8873-4a47-97c8-f699990bbbae,Control
5b24620b-94a2-4a9b-9d80-1606217c7e6a,Control
b28a2efd-f1f7-4a7c-b36a-e4aeff4b8fe5,Control
3d0fec2f-94e4-43dc-8b70-8a9eae37cddb,Control
3698002e-d854-4d78-95e4-16875f4b2233,Control
a7887765-285d-462e-917d-98d844687e18,Control
042cbab8-51bb-431c-b3f4-ae873d0e94e4,Control
ef4818f6-5795-45bc-bf54-147789c225a5,Control
e23b2746-8acd-4e20-a05a-0a0204d6eaf2,Control
addc4d3e-8c91-408a-81f4-67455ac55b25,Control
7c3a1f11-afc8-4409-bc45-7006659b6b3f,Control
f819218e-4dfd-4986-854b-6832c730e452,Control
914edf66-9a58-4a55-ba58-b9ae0fb47c13,Control
d962ff3d-2721-436f-9736-240c10c90960,Control
d522d1bb-ea1f-4eb9-b160-5b6b724557ad,Control
618e8ceb-5963-471d-a201-d292c608676e,Control
4523c685-d3f5-4e54-9264-1f72892b433c,Control
72d1a212-5f83-4c37-b178-4df6f07775b9,Control
0429b1da-267c-4e2f-85c6-63219ba686b2,Control
73dc59fe-b673-475a-97e6-69f2c29cefe6,Control
a6870512-faa6-4465-88a4-629fb3540258,Control
f854e39b-366b-4c71-a491-8f24943e3c09,Control
e56101c8-eff0-4087-8013-45e8e3b0f24d,Control
b356c547-d00c-43ae-8cb4-ad2e32df46cb,Control
aa69c944-f12c-41d6-af8d-290f8b8a0f31,Control
e6a8557f-a637-4113-8c60-1c2c316985b7,Control
fa478006-3160-47e0-8654-88fcb499ff7f,Control
4d0a8732-4a5d-4668-aa26-e7513aefa86b,Control
8bcff65e-8020-4b0d-a841-5e1b0583b4d9,Control
2dd90703-2e12-421a-a429-60fcc9d788ad,Control
2a3d8650-6c64-40fc-80a7-a5385615c779,Control
61b71ce4-ab56-4e85-8911-2c2769ddccb8,Control
35e2b404-86d2-44e4-afe3-9546c90f455c,Control
83b053b4-c869-4092-b5d6-79d2fdf90a7a,Control
5319672c-d7af-4eb8-a142-a4118ef14ac0,Control
fe42c8b9-d024-4d36-8a1e-3a5b74d737e7,Control
fe8094b8-4f26-46f0-90ee-3d4507e8174e,Control
9d574593-3fb4-49a0-948c-3b9acdc88bcb,Control
bbadd752-1c0c-4ea3-8efc-7ad9a0692e14,Control
0d709dbb-36a8-4d5e-a1a3-f53afe7a2684,Control
78584fb7-3364-42f7-92d9-2784f5b3ce5f,Control
d422e822-e323-4725-9aba-508a840666ec,Control
0ee90496-85dc-4be2-813f-882adc9784cc,Control
f22f6ca3-791d-4280-882d-292429d5e7f8,Control
7effbbdd-e4e7-466a-b408-2648fd49247e,Control
1bd570ba-717b-403b-a78b-be7a5b24cb12,Control
8cef8b02-3e51-4fbc-ba12-68804524da6b,Control
522f8b66-b017-4a73-8383-df625970ca7a,Control
bf6875b3-a026-439e-93a6-1900ae19bd96,Control
debae47b-277b-4324-8b9b-b370d756fe7d,Control
89520495-1b4e-4cb1-b184-02e95a17f5dc,Control
3f36646d-483a-4a34-826d-da000a338233,Control
16fb4ba0-d6cc-49fa-b657-7fe72022515f,Control
a0a21111-1d1c-4644-893b-17d8f767bd96,Control
cb6b6470-4544-4712-b247-2892735812ca,Control
61238f9a-fb47-4d78-95e0-41bb17fb9aa9,Control
1c82f3c9-012d-4a3b-8cb5-7b2f9001ae4b,Control
1ef8773b-d6d3-4244-8c71-50f766257bf3,Control
997f5a11-2628-4f5e-afe6-21b241222711,Control
4b5d01d3-36f8-449a-84c6-64cfe358ef04,Control
d2da120e-f6c3-4394-ac1c-655abaa84fe7,Control
6381dfe6-7f34-42cf-a8c5-d1bde4e9ba2d,Control
fa15aab7-2199-4b0e-8fec-02737623b783,Control
3cbc2a4e-5542-4aa9-96c2-c5d0a829f92a,Control
1d34929a-f0f6-4b98-ba24-a23d454abaab,Control
82614b5e-5ebe-4bb3-8758-bc33c5c65e1c,Control
0d43dc46-86fc-4864-825a-92d5ad58ba24,Control
a555fd00-f0ad-4b0d-b1f0-6593ccdc6a79,Control
912af7a9-6375-45a6-bbf5-f4c535cc203e,Control
a6d98478-73ac-48e7-ae2e-870e2594abe5,Control
d6ed7dbe-cf9f-4482-800a-1aab6e09934d,Control
4a69bfee-0751-4c70-938e-7febb5c4cbde,Control
4d38f4da-68ea-4d4f-8592-787402a16eec,Control
0841c328-75ca-4835-b90e-30741e32d3aa,Control
511041ad-fde8-42f5-967f-6455546c7570,Control
f7ea3741-2caf-452b-a442-acdb05606d8d,Control
637e2545-229b-4745-93ea-dc2743fd9796,Control
f0d2c507-3a80-4992-ac0d-33244f85f0f9,Control
6903e0cc-9d84-4e72-a76d-423476b77c7b,Control
43ddc899-00f0-4443-8183-7531ef64a56f,Control
a6ec026d-4033-4ecf-9f02-fec5c702a313,Control
ff8f5a29-6677-47e6-b6db-02ac7eea1697,Control
07738a04-29bf-4e0c-ad7b-8c7db5356d79,Control
5280d0cf-9bc0-4a63-9359-9c20b73f1148,Control
d79c8eae-7ee8-4a7f-bd8d-6536f22dc678,Control
6eabbb88-6c44-45a1-b005-b0716092df0e,Control
7d537c49-bbe8-4245-b4d4-d356558bec91,Control
4db7cd31-7d45-411a-8243-311036729757,Control
b966ea3d-67cf-4415-b8d0-5b06fb9089b3,Control
6f44ccb4-c79f-4f2b-affb-97182ed5c76b,Control
97a28c82-7d8f-4f38-8e57-36881cf793b5,Control
de1d91a2-8ff6-4680-8ee5-03a71449c928,Control
d5705a1c-4a35-4434-81fb-fcc0539ed9c0,Control
fbd65879-a480-44d7-a424-9a310a8b5d4f,Control
7a4d5620-3394-409a-9554-acb59751157e,Control
6486c77c-3dcf-49ef-8f44-e221f8fbfab4,Control
f0608164-1e6c-4051-9369-8f5a767a0f1a,Control
38789686-f57c-4606-ac81-c0a5e090131b,Control
2ce72e0d-063f-42bd-a0cd-7f5ff3c8c8f4,Control
0ac2fafd-23d5-4881-8b25-73baf0721110,Control
c97a6e1a-9ecd-402c-8919-dc6dccde135f,Control
f2fc0de7-b36c-4951-8828-6ba375789b6a,Control
2a305b0d-bc5f-4515-9c21-434429c8d143,Control
483c6506-df88-424e-954a-2ebb9265bf84,Control
60e4aa8d-785c-4247-9aa3-dc60b6960301,Control
b317d7f0-8803-46f3-8592-c574525383e2,Control
81a9bcf7-954f-4a72-99b2-455a5df09b99,Control
2872009a-9b9e-4d78-8fb8-4619734c07ee,Control
09358cd9-dc16-4d66-a7da-4625cd2d03d4,Control
0d924a65-0438-4151-96ae-cff5ee71ef66,Control
9e93ada1-9152-4e35-83a0-0bf30b28a58a,Control
86f7218e-2548-43a2-bd2b-910dbe8be50f,Control
d6a6e9bf-5860-494c-bd4e-d00e2481cf91,Control
4458c2a1-1e6d-4df0-9af0-35f1e6d7835f,Control
ebd8927d-8ba8-4503-ad46-a654f7582502,Control
b48a8e7a-03af-4d41-973a-a119ba648670,Control
43829dd0-3f22-4878-aea5-54028d78c7a5,Control
851feeba-0c14-4587-a0d8-ad190b7647ca,Control
8a2712dd-be22-436d-b313-f3bc8d43a8cd,Control
9873e6b4-6574-4e11-bc86-f1b92393830e,Control
14915f47-29b5-420e-b1d5-3fcb78b833cb,Control
e87913b6-26e0-467d-9bdc-ba9021020dd1,Control
41190f2e-0d93-4f87-b5db-6e81b314e4f7,Control
6f3c39d0-be85-4c66-b605-1004ed58f203,Control
5c0e9ce9-95a2-46f5-bf19-ce2757977a6b,Control
65035b3b-8c01-453a-841f-9c078257347d,Control
35867590-4ffe-4522-bc1d-0a1c56b48829,Control
c9a2faea-e158-4137-af66-cc78aeb5943e,Control
749f7279-b28a-4c47-ab6b-86b3de16f866,Control
cb601d24-12b5-4d2c-8efd-fda4777ccdf0,Control
e89e49c7-1506-42c5-bb56-2959fde9882f,Control
42e0d8ea-3e61-478f-91d6-ac874defc433,Control
aac19a66-ef01-4f40-82fe-0a8bcd708c1b,Control
0b3f97cd-2f29-4ee2-8756-54128162b996,Control
26845192-172c-407d-960a-5abd5a239b3a,Control
a6bd2381-b008-459a-ba9d-0f34f271c00d,Control
4ac9d92c-9f72-4c46-bb1a-7c28f1e3a12d,Control
339ab9e3-3467-4ffd-9f26-c0f38edd93af,Control
1b8b35b3-f230-4fa5-a8ee-b6e913a5c2b8,Control
7871326e-ac82-4efa-ba2d-c3515a648b08,Control
51fd786b-2b8a-45e3-ac61-8148b7471ed3,Control
b14a1530-b1d7-4a6d-bbe0-35e63638e54c,Control
32ce1356-0a88-4654-9fd2-505e5bd53bf5,Control
3a743785-0dc0-4517-9bdf-cde1e18f006d,Control
f2577300-bd18-427d-b68d-e992e79a4cff,Control
c3da1f2b-3c9a-4f6c-ad00-bc25e042241c,Control
64bd8e9f-c7bd-4135-b93b-2511c49e2565,Control
0bd955e6-738f-4be3-8fb1-714c8c360364,Control
08bea5ec-e912-4c45-9f55-a3dc0ccef8b0,Control
cfef859f-6b21-4d1b-8bfe-db29800c7803,Control
c2a69ef9-fdb1-404a-b16b-ca72f5825f56,Control
43606cfe-0589-48b7-9c70-8804efbd39d7,Control
0a69a64b-a716-4c36-b010-88592a5b574c,Control
507bc2f5-c468-48e5-8da0-6e89368622a3,Control
670da206-ea90-40bb-a246-12b5d00c0b0d,Control
51fe98c4-4c37-443a-9e9a-367729c70621,Control
5c9d7c13-69c6-4e8e-b804-e3694e485007,Control
c2317dbe-93a4-4ceb-9c4d-0443c10fe119,Control
cef6fe89-4169-4321-b817-374a7b26ba83,Control
7bf20edc-03f9-4325-8d1c-6dd8a8899e19,Control
1e40406c-efea-4219-ac6d-109fec5d72e7,Control
5b0cf2e8-3e51-4868-960d-5f9143276aaa,Control
72c12309-df32-4b0b-a565-7f306abcab4c,Control
82b00ef9-4447-4d44-9dc8-335bbbd4f675,Control
b0ad2fa9-30bd-42cd-a1c0-1a3d6c9b7145,Control
25ed8c76-0573-4f46-8915-5ef5a0e65855,Control
d9026c82-864f-42c9-aa9c-36c1cbeff277,Control
cc00bd4a-f1e9-458d-ad21-bced4bd30d29,Control
4cc7282b-7401-4b10-b2f4-07a12d60e065,Control
117c637c-075f-48ec-948e-b9d937539bf2,Control
bf76b0d8-bb3b-479c-8599-a4562c83a380,Control
a552490c-a3dd-4964-8525-f5528047daad,Control
50ba3ee8-bfb0-4420-a0f5-5c54ca42646d,Control
86fcdc2d-be32-46ac-8baf-cafc465c2bc3,Control
3d217bca-3c9d-400a-9347-a49dfe1492a0,Control
0eaa9169-5e49-4aed-8790-204ebf0a78e0,Control
fc7d2227-c557-4d42-b190-ebea7943febc,Control
5e705ffe-58b8-49cd-a1e2-60644e4369e8,Control
dd543c85-ab20-46b0-9bfb-f3488ec2238d,Control
31c792f2-8cff-44a9-b8c6-36d8956617c5,Control
62216daf-08d0-4918-822c-401c1b6bbc34,Control
31276eb5-bf35-4970-ab29-674cea861fbc,Control
d206b7a7-feb9-439b-9edb-445a961a3155,Control
f1ef602c-2bbe-440e-8a27-08fc177c4ff7,Control
655df4c3-fdeb-4d1b-a05f-d6259b85f86c,Control
799375d8-4868-41dc-80c2-a3b080628ea2,Control
7a1998c3-fa8c-4ab3-8486-cd41bb8b3d77,Control
395a344e-44d6-48f3-bc8f-e47301905a43,Control
bd7a8b6f-cf18-4d8e-9bc5-3c65f4d0847d,Control
682768d7-9a7a-4327-b3ea-e81f3e7a9cf0,Control
d40c2f49-b470-409c-9a39-32591c4d0a7d,Control
79d293d4-5fda-4afe-91d6-c28c66063cff,Control
a1874b57-347c-4099-9ed8-e06ede8012ca,Control
588cea94-5a6f-405d-b3e6-f41194f189ba,Control
6dc273c5-645f-4c3f-bd1b-8ac9ba0c66a1,Control
e891516d-2ab6-47fb-8230-85d136970f47,Control
c69bd565-7c56-437b-b6cc-af645f021e59,Control
8e3e2993-7b0b-4ce4-a73f-a248d604c9d9,Control
72008831-7787-43f1-883e-ebf64335133f,Control
8fb35d3d-5968-4fba-bcd3-261072abc1c1,Control
bf3d3288-9edb-4fc1-9798-c5cebfc755f1,Control
4e3c19e0-d1e4-4544-af6e-7201de397edc,Control
1a9eaefd-54cd-4217-b5db-6fbed922a866,Control
fceca64a-f268-49f7-ba46-9f3b322e0b83,Control
6d9f75a9-7a57-4854-adb1-32f51f22a6cd,Control
5b2f515f-c6c5-4e9f-a8bb-2b4ffb0cb33b,Control
bfca9dbf-00b6-4b39-bd6f-2d7dfb170e6d,Control
208976da-91b5-4ba0-a6ae-56a45c1eccb3,Control
34f10176-8bfa-4e06-8c0a-5a849ed88a0d,Control
d874b281-fa35-45f0-a6d3-886ef9d2541e,Control
0f53b127-dec7-48d2-bd78-1299af1fa11a,Control
320a45cc-f4de-477d-a211-cf36256ecd5a,Control
5c8f9c9a-536a-45b4-9df2-13a04e07011a,Control
7db12d36-cae0-4ed5-b65a-2f4cb693391f,Control
7ba6bb52-96a5-4742-81f0-adb290eaa11a,Control
a42e982f-dc90-446a-93a2-ff254102ea22,Control
0c14b1fc-dab9-44f0-9102-990f3b58bf35,Control
3a7f2ae1-a38d-477f-9300-671e99c0c2a6,Control
4e12921c-d901-4275-bb83-2706e0d9acfe,Control
c6111056-e7c5-4c4e-9262-5f58184d0c4c,Control
6595a7f9-9430-426b-bb11-9c0079dc4bc4,Control
81851e7e-1a37-40d9-8d23-1982637d06a3,Control
746ceaef-c803-4fcc-af17-595eaa2fa447,Control
84a0664b-5620-4507-8335-899d8d35f1df,Control
d25507f3-1140-448a-a9d6-165f6da3c815,Control
d46aca3d-ed99-4133-83b5-a7a034daeca2,Control
819ac1e4-c8a8-44ea-b03e-3eecb9991f75,Control
d740f60c-547b-4acf-8a1a-46ddf07ab053,Control
bd211bee-d0ea-40ba-a2db-ad50e13b75ce,Control
caa8b00f-7a1f-46c5-83e2-5afc7d530bb6,Control
39b74bc0-b053-46d7-839a-cef22141a4b0,Control
fbcccc18-2b89-4e26-b78a-fda8892d7bd6,Control
2869f403-ffb6-4963-bf66-96b40303efef,Control
2e2cd301-f5c1-43bc-9d23-c17d4a016f7d,Control
26364b4b-e7ae-40c8-aec5-d21697990bfe,Control
f4f82dd3-9c3c-4819-a4d6-baa73b50b88d,Control
024328ae-6606-4e58-aa1d-225b7c93efd9,Control
ec3b4e85-ac26-41a1-8d52-5a90483803d2,Control
1a12a290-f764-4b23-ae4c-591e0e9feecc,Control
9a547e67-b775-4012-a452-1ba307bc940a,Control
1c20aa6e-d51a-4b59-a6d4-061a2e3bfa78,Control
3593c0d2-1b4e-4ce4-bc59-263b4d3885ed,Control
6e397c32-66a6-4103-af04-2674bfb63002,Control
4a05ef44-d99f-4d55-a009-dfc79c2a6d17,Control
ee0daf12-a670-403c-a891-64ee4fb750d5,Control
349c2829-76b9-4e42-968e-97d4b3def438,Control
9616bb7a-b03b-4585-972c-aa470d1858c6,Control
fc059891-1a03-4dec-8600-42bc49142adb,Control
0f9237c6-373a-47ac-b4a8-5bb820991e5f,Control
85448f1c-42a8-4d75-a41a-0cadfe66c58e,Control
b93dd8cf-ea92-444a-a858-5307fbdf873c,Control
d3b5b24f-446d-4f07-922b-0396f2a806d5,Control
cd3e1e52-095a-43a3-9bef-3cb8df8e8068,Control
3d0d1262-80eb-42e8-b690-ab0010b9be72,Control
079d6843-cf0e-405c-baaa-23709ee53029,Control
d760bb94-032f-4e3d-8d96-a1981d3d4f26,Control
19aad825-dfbc-441b-b07b-dadc6a058559,Control
db5d45f0-debb-42a7-9f6d-a1ef48ed0ef2,Control
627409aa-96bc-4ae0-9d90-5a51787db781,Control
3480b4d2-fc16-4f4f-bfbf-e3593906c756,Control
900a0f20-6d14-4d2e-a677-117da003bafa,Control
8a57005f-95bd-4197-9eee-8cba59f696b8,Control
7e119dec-bece-4dec-b07c-faa87037db8f,Control
814d7636-3268-44b7-8dc5-2d4ca5cc8837,Control
e6367ac5-67b5-4d3c-b4c2-e2a16f81c08f,Control
04585949-f3d4-423a-9a9b-d74f810d5b7e,Control
6fb273dd-bf9b-467c-9461-dda39d00e8ed,Control
b93e935a-d333-4118-93b8-d6e29c5ec584,Control
6d1e9880-46c9-4efb-9e2c-813378498637,Control
3b622819-0203-43b3-aa26-7aa6c5282c59,Control
793c5624-c961-472e-96ea-2a39010b482f,Control
9336d839-107d-449c-9cd1-78bfe3e70917,Control
60bf45ce-8883-46a1-9e64-978e65a7c445,Control
f68c5da1-67b3-4ed6-90c3-d4051ab4054b,Control
7f7bd9f1-7dc3-4cc5-83d8-a0f570a4fd36,Control
8adc8ca7-9a91-4850-8670-a069db961108,Control
0a02d022-2f28-4d5e-a6c5-62461549694e,Control
38fc0a63-e499-4321-8c4f-6d1f67e957ff,Control
c3ba5426-6dd4-467f-a801-b664f812e163,Control
cc12175a-2774-47ae-a17a-bb38733ab7ea,Control
c3a9ca4d-e185-4069-9d25-2d0e7865caa4,Control
ba309d85-cc2d-49d6-8c15-997bab3f5d0d,Control
3d472492-fcfe-4fb5-8bc3-eb70658bce38,Control
8c301030-0426-4a52-9783-31db5d3bf2a1,Control
ea869a31-6e32-4594-b26a-991d5f24f1b4,Control
01a35f61-f32c-41e6-a8cf-b9ad514b1f34,Control
a1f8c5fd-4f81-4dcd-a54f-5a84b01d1ead,Control
2843bffe-47ae-4ef7-b180-83be05093934,Control
7a887ddf-4188-451c-aa3f-779bd9f75fad,Control
9d0a71ea-b57b-4e4d-ba84-8311183ad780,Control
7949a635-050c-4b26-954a-0f23b33fdf03,Control
7456f5fe-0b02-478f-b0f6-3ffdc75d844d,Control
1e7e8efb-6db6-46ce-abaa-006c6ade843a,Control
67f819ce-eead-4446-8184-91f462cb3b45,Control
1db250e5-d68f-4af4-9660-31de9ea145bb,Control
d1e83ed6-f172-40dc-8caa-1e63ef8f1e54,Control
888453dc-64c9-40ae-9bfb-e880ea752bae,Control
97e16674-a2a1-4108-b61f-132f26eb3e7b,Control
fcfedd45-c73b-4c49-be95-a2fa41e4b2e7,Control
8cf6d7f3-c45d-429b-b766-f78e13e8330d,Control
325dc04a-82c8-4db1-93bd-8b6f0c92442c,Control
845125ef-25ed-4985-8036-b09f0020a7d5,Control
da29e5b0-bcb4-4026-88e1-fcc59b9bbf34,Control
c436cbe3-17fb-4269-971e-a57f52cb1e2d,Control
ffd1e962-8938-4ffb-81ac-4ccf7cd762d9,Control
7f52d15d-6597-4d43-8b9c-e535c4744177,Control
075c74e0-887f-4989-aee8-958618903650,Control
af22c2d6-2f53-4acc-bd83-15f350879410,Control
6debd958-6457-4dff-8c18-ef86319d5d7b,Control
cc95a0ba-686c-4644-a836-612348e13abb,Control
73611a23-992e-4651-95de-5499be30a07f,Control
c7ed5a02-ca19-405a-85ae-9a0e7e9e427f,Control
488e4ad9-275d-4170-8ecc-f1579c4627d0,Control
ba0a42ba-141b-4287-8e1a-7045d39458e7,Control
2dcd0aa2-adc5-4672-8dea-6f7582a85175,Control
3b2cdbd5-6b2f-45d4-85f0-c616b240635c,Control
b41d41fc-5475-4eca-b143-b8df04429077,Control
54960aa7-45b1-4afa-9759-2a0604e6acb3,Control
d25e85ac-de18-4d13-a4d5-70c90baf4d4b,Control
2970cecf-b21d-4f6f-aa80-f20baea1384b,Control
8af92dc0-9965-4d3c-9959-4fcf9bcae29f,Control
ec91613a-d5ef-4021-af02-0c33c8d7b9ff,Control
eb293c81-fa8f-41b5-b428-57bc4ba1d635,Control
3ec730ab-ef18-479d-aa75-b83c1b9a9ddf,Control
57897466-dd26-4f60-8a1f-527b0abae3e4,Control
c22ce2d7-f5a4-4f00-bc45-258b24f81116,Control
c73caf28-9bab-4d49-a9d5-302e7449f3f0,Control
94f26cd1-efe5-4021-a540-c83402ad6a30,Control
fb2ce4b9-c9f5-4cfc-87dd-64f30da3da99,Control
7d25a7df-3eaf-49b7-907c-b6e3d1dfc52b,Control
13b20251-e7ff-487e-adef-08b810547ad4,Control
1e69afac-afc0-41ca-af2c-021247d1da09,Control
8bfc55ba-f4a6-474b-9e8a-a9628323dbac,Control
577c3dd8-0735-49ca-914d-bf9b2e2126fe,Control
52b72304-1bac-4a1b-a747-7dd7d6c4e8b1,Control
9c3bd356-38d7-41c3-b054-a37b4d1fe656,Control
c70e0d0d-2401-47c3-88bb-76bc4da122a1,Control
7d7f3fbd-f492-47c0-9cd4-4d534193c76b,Control
94c1ebf4-22cd-4db3-8f8b-574f763f10fb,Control
71cf45ac-f317-4584-b9e2-6e8eb12a54ce,Control
b9f2c830-a191-4a49-8d5f-852ca6055987,Control
f89ab18b-44c1-445b-bad4-b1d4163b6808,Control
8acc1be6-8871-4176-8f2f-df440a36e700,Control
50f40796-24bf-4783-b7e4-eb3a19ff99bb,Control
2513385a-3af3-4db4-bb87-43f8826080e4,Control
629e1b95-7e6a-4a04-9f35-b1ecc2343b82,Control
80106ecf-800e-4f84-9eac-0fccc70e365d,Control
25261319-157a-41dc-808c-770b47a14a54,Control
5718ff97-571b-4ac5-8e91-5a8493cbcea4,Control
ef542780-8e01-4205-b90c-d8168130ee22,Control
ead2fe5b-d055-45af-bb24-d06bb96ec194,Control
af51719a-4131-4bf2-9b45-1ab4d1bd4c00,Control
ffb66a7f-0cd5-4205-bd5e-1bc8e61e57ac,Control
360c5fee-0783-4b55-8d33-cb7d16a8cf22,Control
844c4863-d938-4c07-a7a8-4f4b65053233,Control
26d8eea8-db09-44bd-9935-06098696c0c4,Control
e77bcf93-7f80-44ae-ba52-4ee1198f1610,Control
b7683fed-a19b-4c57-aece-07f9a0d82360,Control
c8fa493c-61dc-4807-989b-d07b2652ddc9,Control
231e3196-0bde-4932-984f-9fac31ff7e3d,Control
aef451af-c72c-41ff-8a64-afb09ac493a0,Control
e77cf9f9-3eab-4a9b-be56-0cfeff30cc46,Control
dc47deb7-a344-486d-b326-73dd765a4a63,Control
44e7a14f-aab6-42f4-8ff1-339447eb1826,Control
61835584-0da9-40f3-b282-2ecbe169a493,Control
8f2df530-f098-4ea5-8b86-33e1e4e6f276,Control
d94a39b0-89fb-492b-ba45-8dba00f49c16,Control
a32179e0-6fe9-42a3-a191-44e9ae2b4157,Control
87e9a71d-1600-4034-89d5-c2875e07c461,Control
c2aabb6c-b7a8-41f1-a75c-be0e955038f1,Control
5e774b42-bb64-4005-af71-6818ccc34946,Control
425cca1d-9117-4fb6-ac21-76c627d2b159,Control
da9ecc4e-6fba-4a62-b1f8-2b9267a4ae2d,Control
60a1cdf7-9937-4f12-8cb0-722528c09358,Control
febae588-9277-4aa7-8d9d-6c27ef7bc689,Control
b869c0de-11c9-4db3-a0f2-9e8b6080cba2,Control
0189a769-8b3b-4a0b-95aa-26c7c8d41a9a,Control
1e7d56a9-0c44-4d99-9115-cb2b9ad5779c,Control
cbc136da-6d0a-4c5a-95fe-c479ccb01bf4,Control
9fe47276-bdbf-4620-a4b2-7e868b42c11b,Control
e5381dce-b490-4f4a-8849-ab5e1cb1a006,Control
44bfdf79-23bd-4cba-a754-3908023080f0,Control
9bd5cebe-0d5d-4d60-b261-a69b7e456220,Control
6b88add0-c76b-47c9-a221-2ed6c37a62e3,Control
f22034fe-559f-4348-abcd-34354a59f960,Control
aa9e16e2-4097-4430-9118-54fdb0a512d5,Control
04f7e58c-e0f6-4f25-8d8d-1d6f94216cb1,Control
d5ca0e30-0661-4ab4-9b60-c2beb649c08b,Control
7e55d68e-e364-44bf-951e-5e6d0ab9786d,Control
5b944a86-431c-4859-8b29-5462ae006338,Control
b5fc7d81-cf7f-483d-9737-a3a4d39eb1b9,Control
89862e3c-7263-4ccc-a44e-006787d12c80,Control
2f2bb6bb-b6b8-49c2-a9cd-dcb5266c9c9c,Control
3c5cc29a-1abe-4c5d-92ce-c3691bf80d3f,Control
34d45f27-0145-4c02-a426-2d389eebbaf2,Control
f5f5cdd1-116e-4a7a-a4a6-fe333be4b4a8,Control
621495d4-424b-4a55-81a7-d9afd698c95b,Control
a5f375df-f4e7-4327-9f46-7ebcb1c2088d,Control
6608b5da-047d-4589-af81-827435d0405e,Control
991499b8-5008-48c0-b680-7cc3ed975b3c,Control
1c89b9c5-c2ec-4b9b-88c9-36411b088b4f,Control
350e15e8-0112-4fab-8d87-d5967160b3a6,Control
77c36e09-97fc-4f74-9584-4e50ad25f863,Control
7331ca8b-5ca6-4c38-b7f9-f5cac8242bf7,Control
a59469aa-7e59-47af-994b-fa136adbdada,Control
b6355463-ceb8-4ec3-b865-5fdae3a514d4,Control
2886bfd9-cc7f-4d8d-8b10-a170ed8936ed,Control
68962594-3bff-441c-b1e9-fc35a74c5820,Control
030692d3-f5e2-4f70-9779-98bb3d2160ab,Control
6701882b-faa7-4a64-8ca5-7be31b460ac6,Control
dbe5ef1f-e511-4a06-9348-72e3be809ffa,Control
998cbc08-3a0d-4946-850c-01379b611f72,Control
6bff161e-46d7-42cb-83c5-1b65ff35a764,Control
5e34a646-b7f5-47f2-9509-49107e3f91bf,Control
fbd20e31-8b4e-4a07-abb0-8fdf23ce652d,Control
15ba475e-b3e2-48e2-9c8d-111d82ec8c6a,Control
9f9d6e75-db4e-4b16-a66a-f33753a05578,Control
3ea2002a-c198-4e28-906c-329ea40503d0,Control
3081513c-cb58-478b-843d-ada42218088e,Control
c206097c-8d54-462d-aa07-b3d9eab6a107,Control
768a89c0-4ccb-44b4-8f6e-187144cf79d3,Control
477f8d7f-a2c0-49d1-823d-b75c7d51472a,Control
b47624bc-5f73-49e8-bf3d-6dc6b9b973ce,Control
26e00b49-54c0-4462-83cc-f3e8fcc49494,Control
bea39602-1c81-48b6-b5e0-fd5e81b87a1d,Control
1ef88fbd-922b-4829-820d-2291a299a0a5,Control
f90b1684-5993-42a4-bd4b-b530e5000339,Control
b3a42d31-b6cb-4d6c-8432-7dd253fbe67c,Control
bc223ff0-2efa-48c5-b82f-37e9520edf3f,Control
1abdf921-6c9c-4508-a30e-bbbc9743a4ba,Control
bbea7f8a-790e-4dcb-ae60-bba3f526d4eb,Control
be4f7057-a128-4d89-a33a-97e17285fe6e,Control
4b66113f-a2e8-425c-a0c1-c36e057a3835,Control
98c0cc13-8ce6-496e-a828-fc4b5120f54c,Control
016f6d3a-ed10-4038-b102-abb4fe3e3fa8,Control
6d93c11c-3710-42e3-8572-25a85db8dfd2,Control
8d56e056-062f-431e-b351-2a17e641bebb,Control
e863f932-5d73-4c16-879d-bb36a49e4a64,Control
c59c942b-729f-4550-99ef-97c6159c98e5,Control
6b3ecb7e-e1f4-4c0a-ab53-955cad59a0d8,Control
5e593081-780c-43bf-9b4a-312be165a193,Control
4045b413-3953-4f38-88ac-7c572e4612df,Control
e1f7814b-932d-4541-87f7-d36751e27fdc,Control
932222da-9717-446e-ad32-167faa657607,Control
06f281e7-90e7-40cd-94a5-069df5c4b05d,Control
49661015-e9b1-4551-922b-4d1cdda24af6,Control
30a8d14e-6c09-49df-95fd-c690c93c5be5,Control
92731eea-b68b-4429-81b9-faedded5d2c4,Control
798fe8cf-fd6e-4298-b04a-85ea96d8bf72,Control
5219b9df-0c3d-49a5-8b37-c1ade7dae38c,Control
0775b97e-f213-4ef2-aa8d-ff7196304645,Control
d0356ac9-ab2b-45f5-ba97-ce006c701a65,Control
430f19dd-d904-4bac-bf32-6e9666fe57c6,Control
d2da91ae-1c1e-4f98-9bbc-575aef4c4628,Control
b56e15bb-4b25-44b8-81b2-77944be0ba4a,Control
051dd4f6-c76f-4635-818c-cbfbb6adac11,Control
636462f5-933a-4e1f-821b-1d8d774d5a32,Control
d88de687-d856-487a-8cab-3cb0d1c50480,Control
9345d913-3795-4d9a-a83d-ac8c7dd5e96f,Control
04c45b31-a4b9-48bc-9702-ba63d704df03,Control
ba436e16-94cb-4aac-8928-d99aefe73c50,Control
01323ef7-2556-4040-80da-7c27b7f96e16,Control
591095ca-165b-4d46-92e8-b89e569d084c,Control
306fcded-6e19-4c1c-80da-c83586390edf,Control
2f448636-67b9-4da4-a071-5a794277ca9c,Control
aeca4fb5-d2fd-4d4c-824c-84f4a80341b5,Control
f9136526-b7ad-4ded-b5fe-a83c0a2e8cb9,Control
0ae15edd-e528-4d5b-9698-99c16e134a6c,Control
9b83637d-e251-4700-bb7f-c10e452ae758,Control
18521d18-2f71-43f3-913d-b2087a716dea,Control
cfe7517a-cd29-4e0f-8daa-386273c2e828,Control
924d0f8f-3eac-41d3-a093-231c21d1a9b9,Control
f6a55ee2-084c-460c-bf9c-d02eabd2d5cc,Control
c0070960-c2fd-4e52-8f26-c1f995264683,Control
caafd546-930a-417e-be6c-24e07b8698f3,Control
b03a3b4e-50ad-4470-834f-da35f53ff040,Control
0b1b570b-f25a-4388-96b4-1286f93b9186,Control
29b04f32-8cc2-4123-b6d7-0eb011fc17a8,Control
57d30df8-cca5-4ce4-bc23-17346fe6eed5,Control
8359a4e7-3e02-40f8-8f31-164251d075f6,Control
5e6a3370-b04b-4a1c-bf85-215c82664a17,Control
f90095b5-3811-466e-8c5e-c878b1531c9a,Control
24194688-24b3-40fd-ab5a-20fb13a87949,Control
8fd53295-33f2-4462-80f2-13089fb7378a,Control
c170b7c7-b6fe-4ea3-a3c6-44f6aed3e729,Control
f1be947b-8e6c-4335-bcd1-0dae5bd8a182,Control
c0f385bf-0096-442b-a08b-9490d6017a11,Control
6b1f4b58-4736-4cbb-ba33-3de07e6b360a,Control
db4b25c5-77b0-44c0-8c34-eefac7834e17,Control
a1fe3624-de95-48ee-ada5-74a87577c2af,Control
ffc615f1-5b7d-4ae2-aaaf-ec7d925ccb0e,Control
4ffb4602-d2e9-4be4-9273-d000c0077f89,Control
2b55be9f-2325-4ffa-a631-1ae00b43fe91,Control
9f70ada8-04bc-44cc-9ce9-e359f83910e9,Control
0725805c-b725-4c5f-9c2c-f9e16c8baa7d,Control
4feefe77-e394-4cc0-a7a3-ebf1d37103ae,Control
b519de04-5cc7-4ec8-9423-d72504335092,Control
4292c348-b747-434a-8df5-91a669bfeb4f,Control
ba9be974-98e1-4cba-9b07-96b74de78633,Control
62ef46b1-a3bb-45f5-b5b6-25f248567ad3,Control
dcf8a4f7-31a9-4619-a419-d6f7cc95233e,Control
ac68facb-93b7-42f8-bda3-39eec63e72a4,Control
f2bdf082-9b25-4382-84fd-2aa527867109,Control
85337913-6d17-4b69-a782-682f91c1c8bc,Control
bd664f4f-c57b-4673-b00c-477ce679c7a6,Control
2d619514-fe26-496f-bbb9-1d00607a632f,Control
5b68488f-86b1-4cf8-8b37-04a4bc9e297f,Control
d9720f0d-5258-400e-9c89-09d85ef2701d,Control
36f2a5e7-b8d9-45c6-9b13-a52349d77e7e,Control
e0b4bcee-e4f0-4ced-af18-eaa4caa70f17,Control
87f19c5d-db96-479e-89ae-9af43c8bc8cb,Control
7282815e-e60b-4a71-a2f7-d600edf4e950,Control
c2e89e96-8656-4a8e-a458-4fb77686123e,Control
73457b9e-9ade-49be-92ff-4a0aca616f03,Control
4b463514-0f93-464a-9f14-cac2df6405d2,Control
1c364b63-f1b1-419e-b7a7-8410447cae90,Control
1e9046b9-099a-4442-b0af-938de17bf1b0,Control
0e314412-10ef-4d10-a7f2-ad537ac7cb32,Control
52f60f66-5a59-46ab-9547-04e3dbb5a11a,Control
5d9d5713-be3f-4598-9adb-0dc6cca527d8,Control
e3451e0a-dc35-4963-923a-a99cb629abec,Control
3c99ece6-c2d3-4841-8177-45176b93be24,Control
6ad0d73c-9af5-4b0a-a768-b3bf33ba9d80,Control
927b0ac3-495a-419c-8eae-211acf8162a6,Control
29e5b5fd-30fc-4415-82d0-232786cec840,Control
83a60d86-fe48-4fde-a12f-3a984fb62bd3,Control
acd84379-6ed3-4cf2-8b25-33a69633e507,Control
574ef542-d20a-4a4a-8f1f-ea70aa097f4d,Control
020ca415-4a95-4b14-afdb-f34e9c0bbfb4,Control
55125e77-8dda-4187-8f35-565e963db670,Control
fca8df41-b84f-403e-aee6-b2ba535785ec,Control
12b0eafc-f1d6-45a6-9b05-57e4a57345f0,Control
0aaf1934-b73c-4e95-8a33-17c3ddce90aa,Control
7d333966-0174-499f-981e-d144ea3fc906,Control
b85866e9-b397-4af9-b429-c8257c89790b,Control
947d5447-8d8f-45ff-8967-692885806f1e,Control
fd787fa4-cba9-48c8-a25c-2f85ad33b635,Control
cb0dfbf9-2d7c-44e2-ba99-4439133087df,Control
a2603f8d-4747-4e2e-a287-18eedcc22dbd,Control
3310b539-f29a-413a-a4a6-b2738793ccf9,Control
aeefb849-c0a2-44e8-90cb-63a9e2b2a936,Control
a2319c2f-2fe7-42e8-96d7-4e8f435c23f5,Control
7c1daf8f-fda0-49da-b2f5-63fa97eb034d,Control
22a835a4-4dd4-43bd-972d-6b8094382d68,Control
bfe23aef-3671-4e4e-9607-fe52e6772737,Control
b8e48474-da9c-4335-ad27-0e8f8c821bd1,Control
9bebce66-4950-4e04-87e7-48705aff7041,Control
